Mar 26 09:07:37 Rocky-Compute-2 kernel: Linux version 5.14.0-611.16.1.el9_7.x86_64 (mockbuild@iad1-prod-build001.bld.equ.rockylinux.org) (gcc (GCC) 11.5.0 20240719 (Red Hat 11.5.0-11), GNU ld version 2.35.2-67.el9_7.1) #1 SMP PREEMPT_DYNAMIC Mon Dec 22 12:21:56 UTC 2025
Mar 26 09:07:37 Rocky-Compute-2 kernel: The list of certified hardware and cloud instances for Enterprise Linux 9 can be viewed at the Red Hat Ecosystem Catalog, https://catalog.redhat.com.
Mar 26 09:07:37 Rocky-Compute-2 kernel: Command line: BOOT_IMAGE=(hd0,gpt2)/vmlinuz-5.14.0-611.16.1.el9_7.x86_64 root=/dev/mapper/rl-root ro crashkernel=1G-2G:192M,2G-64G:256M,64G-:512M resume=/dev/mapper/rl-swap rd.lvm.lv=rl/root rd.lvm.lv=rl/swap rhgb quiet
Mar 26 09:07:37 Rocky-Compute-2 kernel: BIOS-provided physical RAM map:
Mar 26 09:07:37 Rocky-Compute-2 kernel: BIOS-e820: [mem 0x0000000000000000-0x000000000009ffff] usable
Mar 26 09:07:37 Rocky-Compute-2 kernel: BIOS-e820: [mem 0x0000000000100000-0x0000000078ee1fff] usable
Mar 26 09:07:37 Rocky-Compute-2 kernel: BIOS-e820: [mem 0x0000000078ee2000-0x00000000796f8fff] reserved
Mar 26 09:07:37 Rocky-Compute-2 kernel: BIOS-e820: [mem 0x00000000796f9000-0x0000000079736fff] ACPI data
Mar 26 09:07:37 Rocky-Compute-2 kernel: BIOS-e820: [mem 0x0000000079737000-0x0000000079d3cfff] ACPI NVS
Mar 26 09:07:37 Rocky-Compute-2 kernel: BIOS-e820: [mem 0x0000000079d3d000-0x000000007bcf5fff] reserved
Mar 26 09:07:37 Rocky-Compute-2 kernel: BIOS-e820: [mem 0x000000007bcf6000-0x000000007bcf6fff] usable
Mar 26 09:07:37 Rocky-Compute-2 kernel: BIOS-e820: [mem 0x000000007bcf7000-0x000000007bd7cfff] reserved
Mar 26 09:07:37 Rocky-Compute-2 kernel: BIOS-e820: [mem 0x000000007bd7d000-0x000000007bffffff] usable
Mar 26 09:07:37 Rocky-Compute-2 kernel: BIOS-e820: [mem 0x000000007c000000-0x000000008fffffff] reserved
Mar 26 09:07:37 Rocky-Compute-2 kernel: BIOS-e820: [mem 0x00000000fed1c000-0x00000000fed44fff] reserved
Mar 26 09:07:37 Rocky-Compute-2 kernel: BIOS-e820: [mem 0x00000000ff000000-0x00000000ffffffff] reserved
Mar 26 09:07:37 Rocky-Compute-2 kernel: BIOS-e820: [mem 0x0000000100000000-0x000000107fffffff] usable
Mar 26 09:07:37 Rocky-Compute-2 kernel: NX (Execute Disable) protection: active
Mar 26 09:07:37 Rocky-Compute-2 kernel: APIC: Static calls initialized
Mar 26 09:07:37 Rocky-Compute-2 kernel: e820: update [mem 0x6ffa3018-0x6ffb4057] usable ==> usable
Mar 26 09:07:37 Rocky-Compute-2 kernel: e820: update [mem 0x6ff91018-0x6ffa2057] usable ==> usable
Mar 26 09:07:37 Rocky-Compute-2 kernel: e820: update [mem 0x6ff67018-0x6ff90657] usable ==> usable
Mar 26 09:07:37 Rocky-Compute-2 kernel: e820: update [mem 0x6ff5e018-0x6ff66057] usable ==> usable
Mar 26 09:07:37 Rocky-Compute-2 kernel: extended physical RAM map:
Mar 26 09:07:37 Rocky-Compute-2 kernel: reserve setup_data: [mem 0x0000000000000000-0x000000000009ffff] usable
Mar 26 09:07:37 Rocky-Compute-2 kernel: reserve setup_data: [mem 0x0000000000100000-0x000000006ff5e017] usable
Mar 26 09:07:37 Rocky-Compute-2 kernel: reserve setup_data: [mem 0x000000006ff5e018-0x000000006ff66057] usable
Mar 26 09:07:37 Rocky-Compute-2 kernel: reserve setup_data: [mem 0x000000006ff66058-0x000000006ff67017] usable
Mar 26 09:07:37 Rocky-Compute-2 kernel: reserve setup_data: [mem 0x000000006ff67018-0x000000006ff90657] usable
Mar 26 09:07:37 Rocky-Compute-2 kernel: reserve setup_data: [mem 0x000000006ff90658-0x000000006ff91017] usable
Mar 26 09:07:37 Rocky-Compute-2 kernel: reserve setup_data: [mem 0x000000006ff91018-0x000000006ffa2057] usable
Mar 26 09:07:37 Rocky-Compute-2 kernel: reserve setup_data: [mem 0x000000006ffa2058-0x000000006ffa3017] usable
Mar 26 09:07:37 Rocky-Compute-2 kernel: reserve setup_data: [mem 0x000000006ffa3018-0x000000006ffb4057] usable
Mar 26 09:07:37 Rocky-Compute-2 kernel: reserve setup_data: [mem 0x000000006ffb4058-0x0000000078ee1fff] usable
Mar 26 09:07:37 Rocky-Compute-2 kernel: reserve setup_data: [mem 0x0000000078ee2000-0x00000000796f8fff] reserved
Mar 26 09:07:37 Rocky-Compute-2 kernel: reserve setup_data: [mem 0x00000000796f9000-0x0000000079736fff] ACPI data
Mar 26 09:07:37 Rocky-Compute-2 kernel: reserve setup_data: [mem 0x0000000079737000-0x0000000079d3cfff] ACPI NVS
Mar 26 09:07:37 Rocky-Compute-2 kernel: reserve setup_data: [mem 0x0000000079d3d000-0x000000007bcf5fff] reserved
Mar 26 09:07:37 Rocky-Compute-2 kernel: reserve setup_data: [mem 0x000000007bcf6000-0x000000007bcf6fff] usable
Mar 26 09:07:37 Rocky-Compute-2 kernel: reserve setup_data: [mem 0x000000007bcf7000-0x000000007bd7cfff] reserved
Mar 26 09:07:37 Rocky-Compute-2 kernel: reserve setup_data: [mem 0x000000007bd7d000-0x000000007bffffff] usable
Mar 26 09:07:37 Rocky-Compute-2 kernel: reserve setup_data: [mem 0x000000007c000000-0x000000008fffffff] reserved
Mar 26 09:07:37 Rocky-Compute-2 kernel: reserve setup_data: [mem 0x00000000fed1c000-0x00000000fed44fff] reserved
Mar 26 09:07:37 Rocky-Compute-2 kernel: reserve setup_data: [mem 0x00000000ff000000-0x00000000ffffffff] reserved
Mar 26 09:07:37 Rocky-Compute-2 kernel: reserve setup_data: [mem 0x0000000100000000-0x000000107fffffff] usable
Mar 26 09:07:37 Rocky-Compute-2 kernel: efi: EFI v2.4 by American Megatrends
Mar 26 09:07:37 Rocky-Compute-2 kernel: efi: ACPI=0x79847000 ACPI 2.0=0x79847000 ESRT=0x7ba49c98 SMBIOS=0xf05e0 SMBIOS 3.0=0x7ba45000 MOKvar=0x7ba44000 
Mar 26 09:07:37 Rocky-Compute-2 kernel: efi: Remove mem31: MMIO range=[0x80000000-0x8fffffff] (256MB) from e820 map
Mar 26 09:07:37 Rocky-Compute-2 kernel: e820: remove [mem 0x80000000-0x8fffffff] reserved
Mar 26 09:07:37 Rocky-Compute-2 kernel: efi: Not removing mem32: MMIO range=[0xfed1c000-0xfed44fff] (164KB) from e820 map
Mar 26 09:07:37 Rocky-Compute-2 kernel: efi: Remove mem33: MMIO range=[0xff000000-0xffffffff] (16MB) from e820 map
Mar 26 09:07:37 Rocky-Compute-2 kernel: e820: remove [mem 0xff000000-0xffffffff] reserved
Mar 26 09:07:37 Rocky-Compute-2 kernel: secureboot: Secure boot disabled
Mar 26 09:07:37 Rocky-Compute-2 kernel: SMBIOS 3.0.0 present.
Mar 26 09:07:37 Rocky-Compute-2 kernel: DMI: Supermicro SYS-6028TR-HTR-00-NE010/X10DRT-H, BIOS 3.3 10/24/2020
Mar 26 09:07:37 Rocky-Compute-2 kernel: tsc: Fast TSC calibration using PIT
Mar 26 09:07:37 Rocky-Compute-2 kernel: tsc: Detected 2199.981 MHz processor
Mar 26 09:07:37 Rocky-Compute-2 kernel: e820: update [mem 0x00000000-0x00000fff] usable ==> reserved
Mar 26 09:07:37 Rocky-Compute-2 kernel: e820: remove [mem 0x000a0000-0x000fffff] usable
Mar 26 09:07:37 Rocky-Compute-2 kernel: last_pfn = 0x1080000 max_arch_pfn = 0x400000000
Mar 26 09:07:37 Rocky-Compute-2 kernel: MTRR map: 5 entries (3 fixed + 2 variable; max 23), built from 10 variable MTRRs
Mar 26 09:07:37 Rocky-Compute-2 kernel: x86/PAT: Configuration [0-7]: WB  WC  UC- UC  WB  WP  UC- WT  
Mar 26 09:07:37 Rocky-Compute-2 kernel: last_pfn = 0x7c000 max_arch_pfn = 0x400000000
Mar 26 09:07:37 Rocky-Compute-2 kernel: found SMP MP-table at [mem 0x000fcf10-0x000fcf1f]
Mar 26 09:07:37 Rocky-Compute-2 kernel: esrt: Reserving ESRT space from 0x000000007ba49c98 to 0x000000007ba49cd0.
Mar 26 09:07:37 Rocky-Compute-2 kernel: Using GB pages for direct mapping
Mar 26 09:07:37 Rocky-Compute-2 kernel: secureboot: Secure boot disabled
Mar 26 09:07:37 Rocky-Compute-2 kernel: RAMDISK: [mem 0x6ffb6000-0x73295fff]
Mar 26 09:07:37 Rocky-Compute-2 kernel: ACPI: Early table checksum verification disabled
Mar 26 09:07:37 Rocky-Compute-2 kernel: ACPI: RSDP 0x0000000079847000 000024 (v02 SUPERM)
Mar 26 09:07:37 Rocky-Compute-2 kernel: ACPI: XSDT 0x00000000798470B0 0000E4 (v01                 01072009 AMI  00010013)
Mar 26 09:07:37 Rocky-Compute-2 kernel: ACPI: FACP 0x0000000079878C98 00010C (v05 SUPERM SMCI--MB 01072009 AMI  00010013)
Mar 26 09:07:37 Rocky-Compute-2 kernel: ACPI: DSDT 0x0000000079847230 031A64 (v02 SUPERM SMCI--MB 01072009 INTL 20091013)
Mar 26 09:07:37 Rocky-Compute-2 kernel: ACPI: FACS 0x0000000079D3BF80 000040
Mar 26 09:07:37 Rocky-Compute-2 kernel: ACPI: APIC 0x0000000079878DA8 000304 (v03 SUPERM SMCI--MB 01072009 AMI  00010013)
Mar 26 09:07:37 Rocky-Compute-2 kernel: ACPI: FPDT 0x00000000798790B0 000044 (v01 SUPERM SMCI--MB 01072009 AMI  00010013)
Mar 26 09:07:37 Rocky-Compute-2 kernel: ACPI: FIDT 0x00000000798790F8 00009C (v01 SUPERM SMCI--MB 01072009 AMI  00010013)
Mar 26 09:07:37 Rocky-Compute-2 kernel: ACPI: SPMI 0x0000000079879198 000041 (v05 SUPERM SMCI--MB 00000000 AMI. 00000000)
Mar 26 09:07:37 Rocky-Compute-2 kernel: ACPI: MCFG 0x00000000798791E0 00003C (v01 SUPERM SMCI--MB 01072009 MSFT 00000097)
Mar 26 09:07:37 Rocky-Compute-2 kernel: ACPI: UEFI 0x0000000079879220 000042 (v01 SUPERM SMCI--MB 01072009      00000000)
Mar 26 09:07:37 Rocky-Compute-2 kernel: ACPI: HPET 0x0000000079879268 000038 (v01 SUPERM SMCI--MB 00000001 INTL 20091013)
Mar 26 09:07:37 Rocky-Compute-2 kernel: ACPI: MSCT 0x00000000798792A0 000090 (v01 SUPERM SMCI--MB 00000001 INTL 20091013)
Mar 26 09:07:37 Rocky-Compute-2 kernel: ACPI: NFIT 0x0000000079879330 018028 (v01                 00000000      00000000)
Mar 26 09:07:37 Rocky-Compute-2 kernel: ACPI: SLIT 0x0000000079891358 000030 (v01 SUPERM SMCI--MB 00000001 INTL 20091013)
Mar 26 09:07:37 Rocky-Compute-2 kernel: ACPI: SRAT 0x0000000079891388 001158 (v03 SUPERM SMCI--MB 00000001 INTL 20091013)
Mar 26 09:07:37 Rocky-Compute-2 kernel: ACPI: WDDT 0x00000000798924E0 000040 (v01 SUPERM SMCI--MB 00000000 INTL 20091013)
Mar 26 09:07:37 Rocky-Compute-2 kernel: ACPI: SSDT 0x0000000079892520 01700F (v02 SUPERM PmMgt    00000001 INTL 20120913)
Mar 26 09:07:37 Rocky-Compute-2 kernel: ACPI: NITR 0x00000000798A9530 000071 (v02 SUPERM SMCI--MB 00000001 INTL 20091013)
Mar 26 09:07:37 Rocky-Compute-2 kernel: ACPI: BGRT 0x00000000798A95A8 000038 (v01 SUPERM SMCI--MB 01072009 AMI  00010013)
Mar 26 09:07:37 Rocky-Compute-2 kernel: ACPI: SSDT 0x00000000798A95E0 00264C (v02 SUPERM SpsNm    00000002 INTL 20120913)
Mar 26 09:07:37 Rocky-Compute-2 kernel: ACPI: SSDT 0x00000000798ABC30 000064 (v02 SUPERM SpsNvs   00000002 INTL 20120913)
Mar 26 09:07:37 Rocky-Compute-2 kernel: ACPI: PRAD 0x00000000798ABC98 000102 (v02 SUPERM SMCI--MB 00000002 INTL 20120913)
Mar 26 09:07:37 Rocky-Compute-2 kernel: ACPI: DMAR 0x00000000798ABDA0 000130 (v01 SUPERM SMCI--MB 00000001 INTL 20091013)
Mar 26 09:07:37 Rocky-Compute-2 kernel: ACPI: HEST 0x00000000798ABED0 00027C (v01 SUPERM SMCI--MB 00000001 INTL 00000001)
Mar 26 09:07:37 Rocky-Compute-2 kernel: ACPI: BERT 0x00000000798AC150 000030 (v01 SUPERM SMCI--MB 00000001 INTL 00000001)
Mar 26 09:07:37 Rocky-Compute-2 kernel: ACPI: ERST 0x00000000798AC180 000230 (v01 SUPERM SMCI--MB 00000001 INTL 00000001)
Mar 26 09:07:37 Rocky-Compute-2 kernel: ACPI: EINJ 0x00000000798AC3B0 000130 (v01 SUPERM SMCI--MB 00000001 INTL 00000001)
Mar 26 09:07:37 Rocky-Compute-2 kernel: ACPI: Reserving FACP table memory at [mem 0x79878c98-0x79878da3]
Mar 26 09:07:37 Rocky-Compute-2 kernel: ACPI: Reserving DSDT table memory at [mem 0x79847230-0x79878c93]
Mar 26 09:07:37 Rocky-Compute-2 kernel: ACPI: Reserving FACS table memory at [mem 0x79d3bf80-0x79d3bfbf]
Mar 26 09:07:37 Rocky-Compute-2 kernel: ACPI: Reserving APIC table memory at [mem 0x79878da8-0x798790ab]
Mar 26 09:07:37 Rocky-Compute-2 kernel: ACPI: Reserving FPDT table memory at [mem 0x798790b0-0x798790f3]
Mar 26 09:07:37 Rocky-Compute-2 kernel: ACPI: Reserving FIDT table memory at [mem 0x798790f8-0x79879193]
Mar 26 09:07:37 Rocky-Compute-2 kernel: ACPI: Reserving SPMI table memory at [mem 0x79879198-0x798791d8]
Mar 26 09:07:37 Rocky-Compute-2 kernel: ACPI: Reserving MCFG table memory at [mem 0x798791e0-0x7987921b]
Mar 26 09:07:37 Rocky-Compute-2 kernel: ACPI: Reserving UEFI table memory at [mem 0x79879220-0x79879261]
Mar 26 09:07:37 Rocky-Compute-2 kernel: ACPI: Reserving HPET table memory at [mem 0x79879268-0x7987929f]
Mar 26 09:07:37 Rocky-Compute-2 kernel: ACPI: Reserving MSCT table memory at [mem 0x798792a0-0x7987932f]
Mar 26 09:07:37 Rocky-Compute-2 kernel: ACPI: Reserving NFIT table memory at [mem 0x79879330-0x79891357]
Mar 26 09:07:37 Rocky-Compute-2 kernel: ACPI: Reserving SLIT table memory at [mem 0x79891358-0x79891387]
Mar 26 09:07:37 Rocky-Compute-2 kernel: ACPI: Reserving SRAT table memory at [mem 0x79891388-0x798924df]
Mar 26 09:07:37 Rocky-Compute-2 kernel: ACPI: Reserving WDDT table memory at [mem 0x798924e0-0x7989251f]
Mar 26 09:07:37 Rocky-Compute-2 kernel: ACPI: Reserving SSDT table memory at [mem 0x79892520-0x798a952e]
Mar 26 09:07:37 Rocky-Compute-2 kernel: ACPI: Reserving NITR table memory at [mem 0x798a9530-0x798a95a0]
Mar 26 09:07:37 Rocky-Compute-2 kernel: ACPI: Reserving BGRT table memory at [mem 0x798a95a8-0x798a95df]
Mar 26 09:07:37 Rocky-Compute-2 kernel: ACPI: Reserving SSDT table memory at [mem 0x798a95e0-0x798abc2b]
Mar 26 09:07:37 Rocky-Compute-2 kernel: ACPI: Reserving SSDT table memory at [mem 0x798abc30-0x798abc93]
Mar 26 09:07:37 Rocky-Compute-2 kernel: ACPI: Reserving PRAD table memory at [mem 0x798abc98-0x798abd99]
Mar 26 09:07:37 Rocky-Compute-2 kernel: ACPI: Reserving DMAR table memory at [mem 0x798abda0-0x798abecf]
Mar 26 09:07:37 Rocky-Compute-2 kernel: ACPI: Reserving HEST table memory at [mem 0x798abed0-0x798ac14b]
Mar 26 09:07:37 Rocky-Compute-2 kernel: ACPI: Reserving BERT table memory at [mem 0x798ac150-0x798ac17f]
Mar 26 09:07:37 Rocky-Compute-2 kernel: ACPI: Reserving ERST table memory at [mem 0x798ac180-0x798ac3af]
Mar 26 09:07:37 Rocky-Compute-2 kernel: ACPI: Reserving EINJ table memory at [mem 0x798ac3b0-0x798ac4df]
Mar 26 09:07:37 Rocky-Compute-2 kernel: SRAT: PXM 0 -> APIC 0x00 -> Node 0
Mar 26 09:07:37 Rocky-Compute-2 kernel: SRAT: PXM 0 -> APIC 0x02 -> Node 0
Mar 26 09:07:37 Rocky-Compute-2 kernel: SRAT: PXM 0 -> APIC 0x04 -> Node 0
Mar 26 09:07:37 Rocky-Compute-2 kernel: SRAT: PXM 0 -> APIC 0x06 -> Node 0
Mar 26 09:07:37 Rocky-Compute-2 kernel: SRAT: PXM 0 -> APIC 0x08 -> Node 0
Mar 26 09:07:37 Rocky-Compute-2 kernel: SRAT: PXM 0 -> APIC 0x0a -> Node 0
Mar 26 09:07:37 Rocky-Compute-2 kernel: SRAT: PXM 0 -> APIC 0x10 -> Node 0
Mar 26 09:07:37 Rocky-Compute-2 kernel: SRAT: PXM 0 -> APIC 0x12 -> Node 0
Mar 26 09:07:37 Rocky-Compute-2 kernel: SRAT: PXM 0 -> APIC 0x14 -> Node 0
Mar 26 09:07:37 Rocky-Compute-2 kernel: SRAT: PXM 0 -> APIC 0x16 -> Node 0
Mar 26 09:07:37 Rocky-Compute-2 kernel: SRAT: PXM 0 -> APIC 0x18 -> Node 0
Mar 26 09:07:37 Rocky-Compute-2 kernel: SRAT: PXM 0 -> APIC 0x1a -> Node 0
Mar 26 09:07:37 Rocky-Compute-2 kernel: SRAT: PXM 1 -> APIC 0x20 -> Node 1
Mar 26 09:07:37 Rocky-Compute-2 kernel: SRAT: PXM 1 -> APIC 0x22 -> Node 1
Mar 26 09:07:37 Rocky-Compute-2 kernel: SRAT: PXM 1 -> APIC 0x24 -> Node 1
Mar 26 09:07:37 Rocky-Compute-2 kernel: SRAT: PXM 1 -> APIC 0x26 -> Node 1
Mar 26 09:07:37 Rocky-Compute-2 kernel: SRAT: PXM 1 -> APIC 0x28 -> Node 1
Mar 26 09:07:37 Rocky-Compute-2 kernel: SRAT: PXM 1 -> APIC 0x2a -> Node 1
Mar 26 09:07:37 Rocky-Compute-2 kernel: SRAT: PXM 1 -> APIC 0x30 -> Node 1
Mar 26 09:07:37 Rocky-Compute-2 kernel: SRAT: PXM 1 -> APIC 0x32 -> Node 1
Mar 26 09:07:37 Rocky-Compute-2 kernel: SRAT: PXM 1 -> APIC 0x34 -> Node 1
Mar 26 09:07:37 Rocky-Compute-2 kernel: SRAT: PXM 1 -> APIC 0x36 -> Node 1
Mar 26 09:07:37 Rocky-Compute-2 kernel: SRAT: PXM 1 -> APIC 0x38 -> Node 1
Mar 26 09:07:37 Rocky-Compute-2 kernel: SRAT: PXM 1 -> APIC 0x3a -> Node 1
Mar 26 09:07:37 Rocky-Compute-2 kernel: SRAT: PXM 0 -> APIC 0x01 -> Node 0
Mar 26 09:07:37 Rocky-Compute-2 kernel: SRAT: PXM 0 -> APIC 0x03 -> Node 0
Mar 26 09:07:37 Rocky-Compute-2 kernel: SRAT: PXM 0 -> APIC 0x05 -> Node 0
Mar 26 09:07:37 Rocky-Compute-2 kernel: SRAT: PXM 0 -> APIC 0x07 -> Node 0
Mar 26 09:07:37 Rocky-Compute-2 kernel: SRAT: PXM 0 -> APIC 0x09 -> Node 0
Mar 26 09:07:37 Rocky-Compute-2 kernel: SRAT: PXM 0 -> APIC 0x0b -> Node 0
Mar 26 09:07:37 Rocky-Compute-2 kernel: SRAT: PXM 0 -> APIC 0x11 -> Node 0
Mar 26 09:07:37 Rocky-Compute-2 kernel: SRAT: PXM 0 -> APIC 0x13 -> Node 0
Mar 26 09:07:37 Rocky-Compute-2 kernel: SRAT: PXM 0 -> APIC 0x15 -> Node 0
Mar 26 09:07:37 Rocky-Compute-2 kernel: SRAT: PXM 0 -> APIC 0x17 -> Node 0
Mar 26 09:07:37 Rocky-Compute-2 kernel: SRAT: PXM 0 -> APIC 0x19 -> Node 0
Mar 26 09:07:37 Rocky-Compute-2 kernel: SRAT: PXM 0 -> APIC 0x1b -> Node 0
Mar 26 09:07:37 Rocky-Compute-2 kernel: SRAT: PXM 1 -> APIC 0x21 -> Node 1
Mar 26 09:07:37 Rocky-Compute-2 kernel: SRAT: PXM 1 -> APIC 0x23 -> Node 1
Mar 26 09:07:37 Rocky-Compute-2 kernel: SRAT: PXM 1 -> APIC 0x25 -> Node 1
Mar 26 09:07:37 Rocky-Compute-2 kernel: SRAT: PXM 1 -> APIC 0x27 -> Node 1
Mar 26 09:07:37 Rocky-Compute-2 kernel: SRAT: PXM 1 -> APIC 0x29 -> Node 1
Mar 26 09:07:37 Rocky-Compute-2 kernel: SRAT: PXM 1 -> APIC 0x2b -> Node 1
Mar 26 09:07:37 Rocky-Compute-2 kernel: SRAT: PXM 1 -> APIC 0x31 -> Node 1
Mar 26 09:07:37 Rocky-Compute-2 kernel: SRAT: PXM 1 -> APIC 0x33 -> Node 1
Mar 26 09:07:37 Rocky-Compute-2 kernel: SRAT: PXM 1 -> APIC 0x35 -> Node 1
Mar 26 09:07:37 Rocky-Compute-2 kernel: SRAT: PXM 1 -> APIC 0x37 -> Node 1
Mar 26 09:07:37 Rocky-Compute-2 kernel: SRAT: PXM 1 -> APIC 0x39 -> Node 1
Mar 26 09:07:37 Rocky-Compute-2 kernel: SRAT: PXM 1 -> APIC 0x3b -> Node 1
Mar 26 09:07:37 Rocky-Compute-2 kernel: ACPI: SRAT: Node 0 PXM 0 [mem 0x00000000-0x7fffffff]
Mar 26 09:07:37 Rocky-Compute-2 kernel: ACPI: SRAT: Node 0 PXM 0 [mem 0x100000000-0x87fffffff]
Mar 26 09:07:37 Rocky-Compute-2 kernel: ACPI: SRAT: Node 1 PXM 1 [mem 0x880000000-0x107fffffff]
Mar 26 09:07:37 Rocky-Compute-2 kernel: NUMA: Initialized distance table, cnt=2
Mar 26 09:07:37 Rocky-Compute-2 kernel: NUMA: Node 0 [mem 0x00000000-0x7fffffff] + [mem 0x100000000-0x87fffffff] -> [mem 0x00000000-0x87fffffff]
Mar 26 09:07:37 Rocky-Compute-2 kernel: NODE_DATA(0) allocated [mem 0x87ffd5000-0x87fffffff]
Mar 26 09:07:37 Rocky-Compute-2 kernel: NODE_DATA(1) allocated [mem 0x107ffd2000-0x107fffcfff]
Mar 26 09:07:37 Rocky-Compute-2 kernel: crashkernel reserved: 0x0000000045000000 - 0x0000000065000000 (512 MB)
Mar 26 09:07:37 Rocky-Compute-2 kernel: Zone ranges:
Mar 26 09:07:37 Rocky-Compute-2 kernel:   DMA      [mem 0x0000000000001000-0x0000000000ffffff]
Mar 26 09:07:37 Rocky-Compute-2 kernel:   DMA32    [mem 0x0000000001000000-0x00000000ffffffff]
Mar 26 09:07:37 Rocky-Compute-2 kernel:   Normal   [mem 0x0000000100000000-0x000000107fffffff]
Mar 26 09:07:37 Rocky-Compute-2 kernel:   Device   empty
Mar 26 09:07:37 Rocky-Compute-2 kernel: Movable zone start for each node
Mar 26 09:07:37 Rocky-Compute-2 kernel: Early memory node ranges
Mar 26 09:07:37 Rocky-Compute-2 kernel:   node   0: [mem 0x0000000000001000-0x000000000009ffff]
Mar 26 09:07:37 Rocky-Compute-2 kernel:   node   0: [mem 0x0000000000100000-0x0000000078ee1fff]
Mar 26 09:07:37 Rocky-Compute-2 kernel:   node   0: [mem 0x000000007bcf6000-0x000000007bcf6fff]
Mar 26 09:07:37 Rocky-Compute-2 kernel:   node   0: [mem 0x000000007bd7d000-0x000000007bffffff]
Mar 26 09:07:37 Rocky-Compute-2 kernel:   node   0: [mem 0x0000000100000000-0x000000087fffffff]
Mar 26 09:07:37 Rocky-Compute-2 kernel:   node   1: [mem 0x0000000880000000-0x000000107fffffff]
Mar 26 09:07:37 Rocky-Compute-2 kernel: Initmem setup node 0 [mem 0x0000000000001000-0x000000087fffffff]
Mar 26 09:07:37 Rocky-Compute-2 kernel: Initmem setup node 1 [mem 0x0000000880000000-0x000000107fffffff]
Mar 26 09:07:37 Rocky-Compute-2 kernel: On node 0, zone DMA: 1 pages in unavailable ranges
Mar 26 09:07:37 Rocky-Compute-2 kernel: On node 0, zone DMA: 96 pages in unavailable ranges
Mar 26 09:07:37 Rocky-Compute-2 kernel: On node 0, zone DMA32: 11796 pages in unavailable ranges
Mar 26 09:07:37 Rocky-Compute-2 kernel: On node 0, zone DMA32: 134 pages in unavailable ranges
Mar 26 09:07:37 Rocky-Compute-2 kernel: On node 0, zone Normal: 16384 pages in unavailable ranges
Mar 26 09:07:37 Rocky-Compute-2 kernel: ACPI: PM-Timer IO Port: 0x408
Mar 26 09:07:37 Rocky-Compute-2 kernel: ACPI: LAPIC_NMI (acpi_id[0x00] high edge lint[0x1])
Mar 26 09:07:37 Rocky-Compute-2 kernel: ACPI: LAPIC_NMI (acpi_id[0x02] high edge lint[0x1])
Mar 26 09:07:37 Rocky-Compute-2 kernel: ACPI: LAPIC_NMI (acpi_id[0x04] high edge lint[0x1])
Mar 26 09:07:37 Rocky-Compute-2 kernel: ACPI: LAPIC_NMI (acpi_id[0x06] high edge lint[0x1])
Mar 26 09:07:37 Rocky-Compute-2 kernel: ACPI: LAPIC_NMI (acpi_id[0x08] high edge lint[0x1])
Mar 26 09:07:37 Rocky-Compute-2 kernel: ACPI: LAPIC_NMI (acpi_id[0x0a] high edge lint[0x1])
Mar 26 09:07:37 Rocky-Compute-2 kernel: ACPI: LAPIC_NMI (acpi_id[0x10] high edge lint[0x1])
Mar 26 09:07:37 Rocky-Compute-2 kernel: ACPI: LAPIC_NMI (acpi_id[0x12] high edge lint[0x1])
Mar 26 09:07:37 Rocky-Compute-2 kernel: ACPI: LAPIC_NMI (acpi_id[0x14] high edge lint[0x1])
Mar 26 09:07:37 Rocky-Compute-2 kernel: ACPI: LAPIC_NMI (acpi_id[0x16] high edge lint[0x1])
Mar 26 09:07:37 Rocky-Compute-2 kernel: ACPI: LAPIC_NMI (acpi_id[0x18] high edge lint[0x1])
Mar 26 09:07:37 Rocky-Compute-2 kernel: ACPI: LAPIC_NMI (acpi_id[0x1a] high edge lint[0x1])
Mar 26 09:07:37 Rocky-Compute-2 kernel: ACPI: LAPIC_NMI (acpi_id[0x20] high edge lint[0x1])
Mar 26 09:07:37 Rocky-Compute-2 kernel: ACPI: LAPIC_NMI (acpi_id[0x22] high edge lint[0x1])
Mar 26 09:07:37 Rocky-Compute-2 kernel: ACPI: LAPIC_NMI (acpi_id[0x24] high edge lint[0x1])
Mar 26 09:07:37 Rocky-Compute-2 kernel: ACPI: LAPIC_NMI (acpi_id[0x26] high edge lint[0x1])
Mar 26 09:07:37 Rocky-Compute-2 kernel: ACPI: LAPIC_NMI (acpi_id[0x28] high edge lint[0x1])
Mar 26 09:07:37 Rocky-Compute-2 kernel: ACPI: LAPIC_NMI (acpi_id[0x2a] high edge lint[0x1])
Mar 26 09:07:37 Rocky-Compute-2 kernel: ACPI: LAPIC_NMI (acpi_id[0x30] high edge lint[0x1])
Mar 26 09:07:37 Rocky-Compute-2 kernel: ACPI: LAPIC_NMI (acpi_id[0x32] high edge lint[0x1])
Mar 26 09:07:37 Rocky-Compute-2 kernel: ACPI: LAPIC_NMI (acpi_id[0x34] high edge lint[0x1])
Mar 26 09:07:37 Rocky-Compute-2 kernel: ACPI: LAPIC_NMI (acpi_id[0x36] high edge lint[0x1])
Mar 26 09:07:37 Rocky-Compute-2 kernel: ACPI: LAPIC_NMI (acpi_id[0x38] high edge lint[0x1])
Mar 26 09:07:37 Rocky-Compute-2 kernel: ACPI: LAPIC_NMI (acpi_id[0x3a] high edge lint[0x1])
Mar 26 09:07:37 Rocky-Compute-2 kernel: ACPI: LAPIC_NMI (acpi_id[0x01] high edge lint[0x1])
Mar 26 09:07:37 Rocky-Compute-2 kernel: ACPI: LAPIC_NMI (acpi_id[0x03] high edge lint[0x1])
Mar 26 09:07:37 Rocky-Compute-2 kernel: ACPI: LAPIC_NMI (acpi_id[0x05] high edge lint[0x1])
Mar 26 09:07:37 Rocky-Compute-2 kernel: ACPI: LAPIC_NMI (acpi_id[0x07] high edge lint[0x1])
Mar 26 09:07:37 Rocky-Compute-2 kernel: ACPI: LAPIC_NMI (acpi_id[0x09] high edge lint[0x1])
Mar 26 09:07:37 Rocky-Compute-2 kernel: ACPI: LAPIC_NMI (acpi_id[0x0b] high edge lint[0x1])
Mar 26 09:07:37 Rocky-Compute-2 kernel: ACPI: LAPIC_NMI (acpi_id[0x11] high edge lint[0x1])
Mar 26 09:07:37 Rocky-Compute-2 kernel: ACPI: LAPIC_NMI (acpi_id[0x13] high edge lint[0x1])
Mar 26 09:07:37 Rocky-Compute-2 kernel: ACPI: LAPIC_NMI (acpi_id[0x15] high edge lint[0x1])
Mar 26 09:07:37 Rocky-Compute-2 kernel: ACPI: LAPIC_NMI (acpi_id[0x17] high edge lint[0x1])
Mar 26 09:07:37 Rocky-Compute-2 kernel: ACPI: LAPIC_NMI (acpi_id[0x19] high edge lint[0x1])
Mar 26 09:07:37 Rocky-Compute-2 kernel: ACPI: LAPIC_NMI (acpi_id[0x1b] high edge lint[0x1])
Mar 26 09:07:37 Rocky-Compute-2 kernel: ACPI: LAPIC_NMI (acpi_id[0x21] high edge lint[0x1])
Mar 26 09:07:37 Rocky-Compute-2 kernel: ACPI: LAPIC_NMI (acpi_id[0x23] high edge lint[0x1])
Mar 26 09:07:37 Rocky-Compute-2 kernel: ACPI: LAPIC_NMI (acpi_id[0x25] high edge lint[0x1])
Mar 26 09:07:37 Rocky-Compute-2 kernel: ACPI: LAPIC_NMI (acpi_id[0x27] high edge lint[0x1])
Mar 26 09:07:37 Rocky-Compute-2 kernel: ACPI: LAPIC_NMI (acpi_id[0x29] high edge lint[0x1])
Mar 26 09:07:37 Rocky-Compute-2 kernel: ACPI: LAPIC_NMI (acpi_id[0x2b] high edge lint[0x1])
Mar 26 09:07:37 Rocky-Compute-2 kernel: ACPI: LAPIC_NMI (acpi_id[0x31] high edge lint[0x1])
Mar 26 09:07:37 Rocky-Compute-2 kernel: ACPI: LAPIC_NMI (acpi_id[0x33] high edge lint[0x1])
Mar 26 09:07:37 Rocky-Compute-2 kernel: ACPI: LAPIC_NMI (acpi_id[0x35] high edge lint[0x1])
Mar 26 09:07:37 Rocky-Compute-2 kernel: ACPI: LAPIC_NMI (acpi_id[0x37] high edge lint[0x1])
Mar 26 09:07:37 Rocky-Compute-2 kernel: ACPI: LAPIC_NMI (acpi_id[0x39] high edge lint[0x1])
Mar 26 09:07:37 Rocky-Compute-2 kernel: ACPI: LAPIC_NMI (acpi_id[0x3b] high edge lint[0x1])
Mar 26 09:07:37 Rocky-Compute-2 kernel: IOAPIC[0]: apic_id 1, version 32, address 0xfec00000, GSI 0-23
Mar 26 09:07:37 Rocky-Compute-2 kernel: IOAPIC[1]: apic_id 2, version 32, address 0xfec01000, GSI 24-47
Mar 26 09:07:37 Rocky-Compute-2 kernel: IOAPIC[2]: apic_id 3, version 32, address 0xfec40000, GSI 48-71
Mar 26 09:07:37 Rocky-Compute-2 kernel: ACPI: INT_SRC_OVR (bus 0 bus_irq 0 global_irq 2 dfl dfl)
Mar 26 09:07:37 Rocky-Compute-2 kernel: ACPI: INT_SRC_OVR (bus 0 bus_irq 9 global_irq 9 high level)
Mar 26 09:07:37 Rocky-Compute-2 kernel: ACPI: Using ACPI (MADT) for SMP configuration information
Mar 26 09:07:37 Rocky-Compute-2 kernel: ACPI: HPET id: 0x8086a701 base: 0xfed00000
Mar 26 09:07:37 Rocky-Compute-2 kernel: e820: update [mem 0x76859000-0x769b8fff] usable ==> reserved
Mar 26 09:07:37 Rocky-Compute-2 kernel: TSC deadline timer available
Mar 26 09:07:37 Rocky-Compute-2 kernel: CPU topo: Max. logical packages:   2
Mar 26 09:07:37 Rocky-Compute-2 kernel: CPU topo: Max. logical dies:       2
Mar 26 09:07:37 Rocky-Compute-2 kernel: CPU topo: Max. dies per package:   1
Mar 26 09:07:37 Rocky-Compute-2 kernel: CPU topo: Max. threads per core:   2
Mar 26 09:07:37 Rocky-Compute-2 kernel: CPU topo: Num. cores per package:    12
Mar 26 09:07:37 Rocky-Compute-2 kernel: CPU topo: Num. threads per package:  24
Mar 26 09:07:37 Rocky-Compute-2 kernel: CPU topo: Allowing 48 present CPUs plus 0 hotplug CPUs
Mar 26 09:07:37 Rocky-Compute-2 kernel: PM: hibernation: Registered nosave memory: [mem 0x00000000-0x00000fff]
Mar 26 09:07:37 Rocky-Compute-2 kernel: PM: hibernation: Registered nosave memory: [mem 0x000a0000-0x000fffff]
Mar 26 09:07:37 Rocky-Compute-2 kernel: PM: hibernation: Registered nosave memory: [mem 0x6ff5e000-0x6ff5efff]
Mar 26 09:07:37 Rocky-Compute-2 kernel: PM: hibernation: Registered nosave memory: [mem 0x6ff66000-0x6ff66fff]
Mar 26 09:07:37 Rocky-Compute-2 kernel: PM: hibernation: Registered nosave memory: [mem 0x6ff67000-0x6ff67fff]
Mar 26 09:07:37 Rocky-Compute-2 kernel: PM: hibernation: Registered nosave memory: [mem 0x6ff90000-0x6ff90fff]
Mar 26 09:07:37 Rocky-Compute-2 kernel: PM: hibernation: Registered nosave memory: [mem 0x6ff91000-0x6ff91fff]
Mar 26 09:07:37 Rocky-Compute-2 kernel: PM: hibernation: Registered nosave memory: [mem 0x6ffa2000-0x6ffa2fff]
Mar 26 09:07:37 Rocky-Compute-2 kernel: PM: hibernation: Registered nosave memory: [mem 0x6ffa3000-0x6ffa3fff]
Mar 26 09:07:37 Rocky-Compute-2 kernel: PM: hibernation: Registered nosave memory: [mem 0x6ffb4000-0x6ffb4fff]
Mar 26 09:07:37 Rocky-Compute-2 kernel: PM: hibernation: Registered nosave memory: [mem 0x76859000-0x769b8fff]
Mar 26 09:07:37 Rocky-Compute-2 kernel: PM: hibernation: Registered nosave memory: [mem 0x78ee2000-0x796f8fff]
Mar 26 09:07:37 Rocky-Compute-2 kernel: PM: hibernation: Registered nosave memory: [mem 0x796f9000-0x79736fff]
Mar 26 09:07:37 Rocky-Compute-2 kernel: PM: hibernation: Registered nosave memory: [mem 0x79737000-0x79d3cfff]
Mar 26 09:07:37 Rocky-Compute-2 kernel: PM: hibernation: Registered nosave memory: [mem 0x79d3d000-0x7bcf5fff]
Mar 26 09:07:37 Rocky-Compute-2 kernel: PM: hibernation: Registered nosave memory: [mem 0x7bcf7000-0x7bd7cfff]
Mar 26 09:07:37 Rocky-Compute-2 kernel: PM: hibernation: Registered nosave memory: [mem 0x7c000000-0x7fffffff]
Mar 26 09:07:37 Rocky-Compute-2 kernel: PM: hibernation: Registered nosave memory: [mem 0x80000000-0xfed1bfff]
Mar 26 09:07:37 Rocky-Compute-2 kernel: PM: hibernation: Registered nosave memory: [mem 0xfed1c000-0xfed44fff]
Mar 26 09:07:37 Rocky-Compute-2 kernel: PM: hibernation: Registered nosave memory: [mem 0xfed45000-0xffffffff]
Mar 26 09:07:37 Rocky-Compute-2 kernel: [mem 0x80000000-0xfed1bfff] available for PCI devices
Mar 26 09:07:37 Rocky-Compute-2 kernel: Booting paravirtualized kernel on bare hardware
Mar 26 09:07:37 Rocky-Compute-2 kernel: clocksource: refined-jiffies: mask: 0xffffffff max_cycles: 0xffffffff, max_idle_ns: 1910969940391419 ns
Mar 26 09:07:37 Rocky-Compute-2 kernel: setup_percpu: NR_CPUS:8192 nr_cpumask_bits:48 nr_cpu_ids:48 nr_node_ids:2
Mar 26 09:07:37 Rocky-Compute-2 kernel: percpu: Embedded 64 pages/cpu s225280 r8192 d28672 u262144
Mar 26 09:07:37 Rocky-Compute-2 kernel: pcpu-alloc: s225280 r8192 d28672 u262144 alloc=1*2097152
Mar 26 09:07:37 Rocky-Compute-2 kernel: pcpu-alloc: [0] 00 01 02 03 04 05 06 07 [0] 08 09 10 11 24 25 26 27 
Mar 26 09:07:37 Rocky-Compute-2 kernel: pcpu-alloc: [0] 28 29 30 31 32 33 34 35 [1] 12 13 14 15 16 17 18 19 
Mar 26 09:07:37 Rocky-Compute-2 kernel: pcpu-alloc: [1] 20 21 22 23 36 37 38 39 [1] 40 41 42 43 44 45 46 47 
Mar 26 09:07:37 Rocky-Compute-2 kernel: Kernel command line: BOOT_IMAGE=(hd0,gpt2)/vmlinuz-5.14.0-611.16.1.el9_7.x86_64 root=/dev/mapper/rl-root ro crashkernel=1G-2G:192M,2G-64G:256M,64G-:512M resume=/dev/mapper/rl-swap rd.lvm.lv=rl/root rd.lvm.lv=rl/swap rhgb quiet
Mar 26 09:07:37 Rocky-Compute-2 kernel: Unknown kernel command line parameters "rhgb BOOT_IMAGE=(hd0,gpt2)/vmlinuz-5.14.0-611.16.1.el9_7.x86_64", will be passed to user space.
Mar 26 09:07:37 Rocky-Compute-2 kernel: random: crng init done
Mar 26 09:07:37 Rocky-Compute-2 kernel: Fallback order for Node 0: 0 1 
Mar 26 09:07:37 Rocky-Compute-2 kernel: Fallback order for Node 1: 1 0 
Mar 26 09:07:37 Rocky-Compute-2 kernel: Built 2 zonelists, mobility grouping on.  Total pages: 16486944
Mar 26 09:07:37 Rocky-Compute-2 kernel: Policy zone: Normal
Mar 26 09:07:37 Rocky-Compute-2 kernel: mem auto-init: stack:off, heap alloc:off, heap free:off
Mar 26 09:07:37 Rocky-Compute-2 kernel: software IO TLB: area num 64.
Mar 26 09:07:37 Rocky-Compute-2 kernel: SLUB: HWalign=64, Order=0-3, MinObjects=0, CPUs=48, Nodes=2
Mar 26 09:07:37 Rocky-Compute-2 kernel: Kernel/User page tables isolation: enabled
Mar 26 09:07:37 Rocky-Compute-2 kernel: ftrace: allocating 49403 entries in 193 pages
Mar 26 09:07:37 Rocky-Compute-2 kernel: ftrace: allocated 193 pages with 3 groups
Mar 26 09:07:37 Rocky-Compute-2 kernel: Dynamic Preempt: voluntary
Mar 26 09:07:37 Rocky-Compute-2 kernel: rcu: Preemptible hierarchical RCU implementation.
Mar 26 09:07:37 Rocky-Compute-2 kernel: rcu:         RCU event tracing is enabled.
Mar 26 09:07:37 Rocky-Compute-2 kernel: rcu:         RCU restricting CPUs from NR_CPUS=8192 to nr_cpu_ids=48.
Mar 26 09:07:37 Rocky-Compute-2 kernel:         Trampoline variant of Tasks RCU enabled.
Mar 26 09:07:37 Rocky-Compute-2 kernel:         Rude variant of Tasks RCU enabled.
Mar 26 09:07:37 Rocky-Compute-2 kernel:         Tracing variant of Tasks RCU enabled.
Mar 26 09:07:37 Rocky-Compute-2 kernel: rcu: RCU calculated value of scheduler-enlistment delay is 100 jiffies.
Mar 26 09:07:37 Rocky-Compute-2 kernel: rcu: Adjusting geometry for rcu_fanout_leaf=16, nr_cpu_ids=48
Mar 26 09:07:37 Rocky-Compute-2 kernel: RCU Tasks: Setting shift to 6 and lim to 1 rcu_task_cb_adjust=1 rcu_task_cpu_ids=48.
Mar 26 09:07:37 Rocky-Compute-2 kernel: RCU Tasks Rude: Setting shift to 6 and lim to 1 rcu_task_cb_adjust=1 rcu_task_cpu_ids=48.
Mar 26 09:07:37 Rocky-Compute-2 kernel: RCU Tasks Trace: Setting shift to 6 and lim to 1 rcu_task_cb_adjust=1 rcu_task_cpu_ids=48.
Mar 26 09:07:37 Rocky-Compute-2 kernel: NR_IRQS: 524544, nr_irqs: 1624, preallocated irqs: 16
Mar 26 09:07:37 Rocky-Compute-2 kernel: rcu: srcu_init: Setting srcu_struct sizes based on contention.
Mar 26 09:07:37 Rocky-Compute-2 kernel: kfence: initialized - using 2097152 bytes for 255 objects at 0x(____ptrval____)-0x(____ptrval____)
Mar 26 09:07:37 Rocky-Compute-2 kernel: Console: colour dummy device 80x25
Mar 26 09:07:37 Rocky-Compute-2 kernel: printk: legacy console [tty0] enabled
Mar 26 09:07:37 Rocky-Compute-2 kernel: mempolicy: Enabling automatic NUMA balancing. Configure with numa_balancing= or the kernel.numa_balancing sysctl
Mar 26 09:07:37 Rocky-Compute-2 kernel: ACPI: Core revision 20230331
Mar 26 09:07:37 Rocky-Compute-2 kernel: clocksource: hpet: mask: 0xffffffff max_cycles: 0xffffffff, max_idle_ns: 133484882848 ns
Mar 26 09:07:37 Rocky-Compute-2 kernel: APIC: Switch to symmetric I/O mode setup
Mar 26 09:07:37 Rocky-Compute-2 kernel: DMAR: Host address width 46
Mar 26 09:07:37 Rocky-Compute-2 kernel: DMAR: DRHD base: 0x000000fbffc000 flags: 0x0
Mar 26 09:07:37 Rocky-Compute-2 kernel: DMAR: dmar0: reg_base_addr fbffc000 ver 1:0 cap 8d2078c106f0466 ecap f020de
Mar 26 09:07:37 Rocky-Compute-2 kernel: DMAR: DRHD base: 0x000000c7ffc000 flags: 0x1
Mar 26 09:07:37 Rocky-Compute-2 kernel: DMAR: dmar1: reg_base_addr c7ffc000 ver 1:0 cap 8d2078c106f0466 ecap f020de
Mar 26 09:07:37 Rocky-Compute-2 kernel: DMAR: RMRR base: 0x0000007ba58000 end: 0x0000007ba67fff
Mar 26 09:07:37 Rocky-Compute-2 kernel: DMAR: ATSR flags: 0x0
Mar 26 09:07:37 Rocky-Compute-2 kernel: DMAR: RHSA base: 0x000000c7ffc000 proximity domain: 0x0
Mar 26 09:07:37 Rocky-Compute-2 kernel: DMAR: RHSA base: 0x000000fbffc000 proximity domain: 0x1
Mar 26 09:07:37 Rocky-Compute-2 kernel: DMAR-IR: IOAPIC id 3 under DRHD base  0xfbffc000 IOMMU 0
Mar 26 09:07:37 Rocky-Compute-2 kernel: DMAR-IR: IOAPIC id 1 under DRHD base  0xc7ffc000 IOMMU 1
Mar 26 09:07:37 Rocky-Compute-2 kernel: DMAR-IR: IOAPIC id 2 under DRHD base  0xc7ffc000 IOMMU 1
Mar 26 09:07:37 Rocky-Compute-2 kernel: DMAR-IR: HPET id 0 under DRHD base 0xc7ffc000
Mar 26 09:07:37 Rocky-Compute-2 kernel: DMAR-IR: x2apic is disabled because BIOS sets x2apic opt out bit.
Mar 26 09:07:37 Rocky-Compute-2 kernel: DMAR-IR: Use 'intremap=no_x2apic_optout' to override the BIOS setting.
Mar 26 09:07:37 Rocky-Compute-2 kernel: DMAR-IR: Enabled IRQ remapping in xapic mode
Mar 26 09:07:37 Rocky-Compute-2 kernel: x2apic: IRQ remapping doesn't support X2APIC mode
Mar 26 09:07:37 Rocky-Compute-2 kernel: APIC: Switched APIC routing to: physical flat
Mar 26 09:07:37 Rocky-Compute-2 kernel: ..TIMER: vector=0x30 apic1=0 pin1=2 apic2=-1 pin2=-1
Mar 26 09:07:37 Rocky-Compute-2 kernel: clocksource: tsc-early: mask: 0xffffffffffffffff max_cycles: 0x1fb620d5875, max_idle_ns: 440795205636 ns
Mar 26 09:07:37 Rocky-Compute-2 kernel: Calibrating delay loop (skipped), value calculated using timer frequency.. 4399.96 BogoMIPS (lpj=2199981)
Mar 26 09:07:37 Rocky-Compute-2 kernel: CPU0: Thermal monitoring enabled (TM1)
Mar 26 09:07:37 Rocky-Compute-2 kernel: process: using mwait in idle threads
Mar 26 09:07:37 Rocky-Compute-2 kernel: Last level iTLB entries: 4KB 64, 2MB 8, 4MB 8
Mar 26 09:07:37 Rocky-Compute-2 kernel: Last level dTLB entries: 4KB 64, 2MB 0, 4MB 0, 1GB 4
Mar 26 09:07:37 Rocky-Compute-2 kernel: Spectre V1 : Mitigation: usercopy/swapgs barriers and __user pointer sanitization
Mar 26 09:07:37 Rocky-Compute-2 kernel: Spectre V2 : Mitigation: Retpolines
Mar 26 09:07:37 Rocky-Compute-2 kernel: Spectre V2 : Spectre v2 / SpectreRSB: Filling RSB on context switch and VMEXIT
Mar 26 09:07:37 Rocky-Compute-2 kernel: Spectre V2 : Enabling Restricted Speculation for firmware calls
Mar 26 09:07:37 Rocky-Compute-2 kernel: Spectre V2 : mitigation: Enabling conditional Indirect Branch Prediction Barrier
Mar 26 09:07:37 Rocky-Compute-2 kernel: Spectre V2 : User space: Mitigation: STIBP via prctl
Mar 26 09:07:37 Rocky-Compute-2 kernel: Speculative Store Bypass: Mitigation: Speculative Store Bypass disabled via prctl
Mar 26 09:07:37 Rocky-Compute-2 kernel: MDS: Mitigation: Clear CPU buffers
Mar 26 09:07:37 Rocky-Compute-2 kernel: TAA: Mitigation: Clear CPU buffers
Mar 26 09:07:37 Rocky-Compute-2 kernel: MMIO Stale Data: Mitigation: Clear CPU buffers
Mar 26 09:07:37 Rocky-Compute-2 kernel: VMSCAPE: Mitigation: IBPB before exit to userspace
Mar 26 09:07:37 Rocky-Compute-2 kernel: x86/fpu: Supporting XSAVE feature 0x001: 'x87 floating point registers'
Mar 26 09:07:37 Rocky-Compute-2 kernel: x86/fpu: Supporting XSAVE feature 0x002: 'SSE registers'
Mar 26 09:07:37 Rocky-Compute-2 kernel: x86/fpu: Supporting XSAVE feature 0x004: 'AVX registers'
Mar 26 09:07:37 Rocky-Compute-2 kernel: x86/fpu: xstate_offset[2]:  576, xstate_sizes[2]:  256
Mar 26 09:07:37 Rocky-Compute-2 kernel: x86/fpu: Enabled xstate features 0x7, context size is 832 bytes, using 'standard' format.
Mar 26 09:07:37 Rocky-Compute-2 kernel: Freeing SMP alternatives memory: 40K
Mar 26 09:07:37 Rocky-Compute-2 kernel: pid_max: default: 49152 minimum: 384
Mar 26 09:07:37 Rocky-Compute-2 kernel: LSM: initializing lsm=lockdown,capability,landlock,yama,integrity,selinux,bpf
Mar 26 09:07:37 Rocky-Compute-2 kernel: landlock: Up and running.
Mar 26 09:07:37 Rocky-Compute-2 kernel: Yama: becoming mindful.
Mar 26 09:07:37 Rocky-Compute-2 kernel: SELinux:  Initializing.
Mar 26 09:07:37 Rocky-Compute-2 kernel: LSM support for eBPF active
Mar 26 09:07:37 Rocky-Compute-2 kernel: Dentry cache hash table entries: 8388608 (order: 14, 67108864 bytes, vmalloc hugepage)
Mar 26 09:07:37 Rocky-Compute-2 kernel: Inode-cache hash table entries: 4194304 (order: 13, 33554432 bytes, vmalloc hugepage)
Mar 26 09:07:37 Rocky-Compute-2 kernel: Mount-cache hash table entries: 131072 (order: 8, 1048576 bytes, vmalloc)
Mar 26 09:07:37 Rocky-Compute-2 kernel: Mountpoint-cache hash table entries: 131072 (order: 8, 1048576 bytes, vmalloc)
Mar 26 09:07:37 Rocky-Compute-2 kernel: smpboot: CPU0: Intel(R) Xeon(R) CPU E5-2650 v4 @ 2.20GHz (family: 0x6, model: 0x4f, stepping: 0x1)
Mar 26 09:07:37 Rocky-Compute-2 kernel: Performance Events: PEBS fmt2+, Broadwell events, 16-deep LBR, full-width counters, Intel PMU driver.
Mar 26 09:07:37 Rocky-Compute-2 kernel: ... version:                3
Mar 26 09:07:37 Rocky-Compute-2 kernel: ... bit width:              48
Mar 26 09:07:37 Rocky-Compute-2 kernel: ... generic registers:      4
Mar 26 09:07:37 Rocky-Compute-2 kernel: ... value mask:             0000ffffffffffff
Mar 26 09:07:37 Rocky-Compute-2 kernel: ... max period:             00007fffffffffff
Mar 26 09:07:37 Rocky-Compute-2 kernel: ... fixed-purpose events:   3
Mar 26 09:07:37 Rocky-Compute-2 kernel: ... event mask:             000000070000000f
Mar 26 09:07:37 Rocky-Compute-2 kernel: signal: max sigframe size: 1776
Mar 26 09:07:37 Rocky-Compute-2 kernel: Estimated ratio of average max frequency by base frequency (times 1024): 1210
Mar 26 09:07:37 Rocky-Compute-2 kernel: rcu: Hierarchical SRCU implementation.
Mar 26 09:07:37 Rocky-Compute-2 kernel: rcu:         Max phase no-delay instances is 400.
Mar 26 09:07:37 Rocky-Compute-2 kernel: NMI watchdog: Enabled. Permanently consumes one hw-PMU counter.
Mar 26 09:07:37 Rocky-Compute-2 kernel: smp: Bringing up secondary CPUs ...
Mar 26 09:07:37 Rocky-Compute-2 kernel: smpboot: x86: Booting SMP configuration:
Mar 26 09:07:37 Rocky-Compute-2 kernel: .... node  #0, CPUs:        #1  #2  #3  #4  #5  #6  #7  #8  #9 #10 #11
Mar 26 09:07:37 Rocky-Compute-2 kernel: .... node  #1, CPUs:   #12 #13 #14 #15 #16 #17 #18 #19 #20 #21 #22 #23
Mar 26 09:07:37 Rocky-Compute-2 kernel: .... node  #0, CPUs:   #24 #25 #26 #27 #28 #29 #30 #31 #32 #33 #34 #35
Mar 26 09:07:37 Rocky-Compute-2 kernel: .... node  #1, CPUs:   #36 #37 #38 #39 #40 #41 #42 #43 #44 #45 #46 #47
Mar 26 09:07:37 Rocky-Compute-2 kernel: MDS CPU bug present and SMT on, data leak possible. See https://www.kernel.org/doc/html/latest/admin-guide/hw-vuln/mds.html for more details.
Mar 26 09:07:37 Rocky-Compute-2 kernel: TAA CPU bug present and SMT on, data leak possible. See https://www.kernel.org/doc/html/latest/admin-guide/hw-vuln/tsx_async_abort.html for more details.
Mar 26 09:07:37 Rocky-Compute-2 kernel: MMIO Stale Data CPU bug present and SMT on, data leak possible. See https://www.kernel.org/doc/html/latest/admin-guide/hw-vuln/processor_mmio_stale_data.html for more details.
Mar 26 09:07:37 Rocky-Compute-2 kernel: VMSCAPE: SMT on, STIBP is required for full protection. See https://www.kernel.org/doc/html/latest/admin-guide/hw-vuln/vmscape.html for more details.
Mar 26 09:07:37 Rocky-Compute-2 kernel: smp: Brought up 2 nodes, 48 CPUs
Mar 26 09:07:37 Rocky-Compute-2 kernel: smpboot: Total of 48 processors activated (211198.17 BogoMIPS)
Mar 26 09:07:37 Rocky-Compute-2 kernel: node 0 deferred pages initialised in 28ms
Mar 26 09:07:37 Rocky-Compute-2 kernel: node 1 deferred pages initialised in 29ms
Mar 26 09:07:37 Rocky-Compute-2 kernel: Memory: 65099500K/66995220K available (16384K kernel code, 5778K rwdata, 14004K rodata, 4072K init, 7304K bss, 1762432K reserved, 0K cma-reserved)
Mar 26 09:07:37 Rocky-Compute-2 kernel: devtmpfs: initialized
Mar 26 09:07:37 Rocky-Compute-2 kernel: x86/mm: Memory block size: 2048MB
Mar 26 09:07:37 Rocky-Compute-2 kernel: ACPI: PM: Registering ACPI NVS region [mem 0x79737000-0x79d3cfff] (6316032 bytes)
Mar 26 09:07:37 Rocky-Compute-2 kernel: clocksource: jiffies: mask: 0xffffffff max_cycles: 0xffffffff, max_idle_ns: 1911260446275000 ns
Mar 26 09:07:37 Rocky-Compute-2 kernel: futex hash table entries: 16384 (order: 8, 1048576 bytes, vmalloc)
Mar 26 09:07:37 Rocky-Compute-2 kernel: pinctrl core: initialized pinctrl subsystem
Mar 26 09:07:37 Rocky-Compute-2 kernel: NET: Registered PF_NETLINK/PF_ROUTE protocol family
Mar 26 09:07:37 Rocky-Compute-2 kernel: DMA: preallocated 4096 KiB GFP_KERNEL pool for atomic allocations
Mar 26 09:07:37 Rocky-Compute-2 kernel: DMA: preallocated 4096 KiB GFP_KERNEL|GFP_DMA pool for atomic allocations
Mar 26 09:07:37 Rocky-Compute-2 kernel: DMA: preallocated 4096 KiB GFP_KERNEL|GFP_DMA32 pool for atomic allocations
Mar 26 09:07:37 Rocky-Compute-2 kernel: audit: initializing netlink subsys (disabled)
Mar 26 09:07:37 Rocky-Compute-2 kernel: audit: type=2000 audit(1774512456.118:1): state=initialized audit_enabled=0 res=1
Mar 26 09:07:37 Rocky-Compute-2 kernel: thermal_sys: Registered thermal governor 'fair_share'
Mar 26 09:07:37 Rocky-Compute-2 kernel: thermal_sys: Registered thermal governor 'step_wise'
Mar 26 09:07:37 Rocky-Compute-2 kernel: thermal_sys: Registered thermal governor 'user_space'
Mar 26 09:07:37 Rocky-Compute-2 kernel: cpuidle: using governor menu
Mar 26 09:07:37 Rocky-Compute-2 kernel: ACPI FADT declares the system doesn't support PCIe ASPM, so disable it
Mar 26 09:07:37 Rocky-Compute-2 kernel: acpiphp: ACPI Hot Plug PCI Controller Driver version: 0.5
Mar 26 09:07:37 Rocky-Compute-2 kernel: PCI: ECAM [mem 0x80000000-0x8fffffff] (base 0x80000000) for domain 0000 [bus 00-ff]
Mar 26 09:07:37 Rocky-Compute-2 kernel: PCI: Using configuration type 1 for base access
Mar 26 09:07:37 Rocky-Compute-2 kernel: kprobes: kprobe jump-optimization is enabled. All kprobes are optimized if possible.
Mar 26 09:07:37 Rocky-Compute-2 kernel: HugeTLB: registered 1.00 GiB page size, pre-allocated 0 pages
Mar 26 09:07:37 Rocky-Compute-2 kernel: HugeTLB: 16380 KiB vmemmap can be freed for a 1.00 GiB page
Mar 26 09:07:37 Rocky-Compute-2 kernel: HugeTLB: registered 2.00 MiB page size, pre-allocated 0 pages
Mar 26 09:07:37 Rocky-Compute-2 kernel: HugeTLB: 28 KiB vmemmap can be freed for a 2.00 MiB page
Mar 26 09:07:37 Rocky-Compute-2 kernel: Demotion targets for Node 0: null
Mar 26 09:07:37 Rocky-Compute-2 kernel: Demotion targets for Node 1: null
Mar 26 09:07:37 Rocky-Compute-2 kernel: cryptd: max_cpu_qlen set to 1000
Mar 26 09:07:37 Rocky-Compute-2 kernel: ACPI: Added _OSI(Module Device)
Mar 26 09:07:37 Rocky-Compute-2 kernel: ACPI: Added _OSI(Processor Device)
Mar 26 09:07:37 Rocky-Compute-2 kernel: ACPI: Added _OSI(3.0 _SCP Extensions)
Mar 26 09:07:37 Rocky-Compute-2 kernel: ACPI: Added _OSI(Processor Aggregator Device)
Mar 26 09:07:37 Rocky-Compute-2 kernel: ACPI: 4 ACPI AML tables successfully acquired and loaded
Mar 26 09:07:37 Rocky-Compute-2 kernel: ACPI: [Firmware Bug]: BIOS _OSI(Linux) query ignored
Mar 26 09:07:37 Rocky-Compute-2 kernel: ACPI: Dynamic OEM Table Load:
Mar 26 09:07:37 Rocky-Compute-2 kernel: ACPI: _OSC evaluated successfully for all CPUs
Mar 26 09:07:37 Rocky-Compute-2 kernel: ACPI: Interpreter enabled
Mar 26 09:07:37 Rocky-Compute-2 kernel: ACPI: PM: (supports S0 S4 S5)
Mar 26 09:07:37 Rocky-Compute-2 kernel: ACPI: Using IOAPIC for interrupt routing
Mar 26 09:07:37 Rocky-Compute-2 kernel: HEST: Enabling Firmware First mode for corrected errors.
Mar 26 09:07:37 Rocky-Compute-2 kernel: HEST: Table parsing has been initialized.
Mar 26 09:07:37 Rocky-Compute-2 kernel: GHES: APEI firmware first mode is enabled by APEI bit and WHEA _OSC.
Mar 26 09:07:37 Rocky-Compute-2 kernel: PCI: Using host bridge windows from ACPI; if necessary, use "pci=nocrs" and report a bug
Mar 26 09:07:37 Rocky-Compute-2 kernel: PCI: Using E820 reservations for host bridge windows
Mar 26 09:07:37 Rocky-Compute-2 kernel: ACPI: Enabled 4 GPEs in block 00 to 3F
Mar 26 09:07:37 Rocky-Compute-2 kernel: ACPI: PCI Root Bridge [UNC1] (domain 0000 [bus ff])
Mar 26 09:07:37 Rocky-Compute-2 kernel: acpi PNP0A03:02: _OSC: OS supports [ExtendedConfig ASPM ClockPM Segments MSI EDR HPX-Type3]
Mar 26 09:07:37 Rocky-Compute-2 kernel: acpi PNP0A03:02: _OSC: platform does not support [SHPCHotplug AER LTR DPC]
Mar 26 09:07:37 Rocky-Compute-2 kernel: acpi PNP0A03:02: _OSC: OS now controls [PCIeHotplug PME PCIeCapability]
Mar 26 09:07:37 Rocky-Compute-2 kernel: acpi PNP0A03:02: FADT indicates ASPM is unsupported, using BIOS configuration
Mar 26 09:07:37 Rocky-Compute-2 kernel: PCI host bridge to bus 0000:ff
Mar 26 09:07:37 Rocky-Compute-2 kernel: pci_bus 0000:ff: Unknown NUMA node; performance will be reduced
Mar 26 09:07:37 Rocky-Compute-2 kernel: pci_bus 0000:ff: root bus resource [bus ff]
Mar 26 09:07:37 Rocky-Compute-2 kernel: pci 0000:ff:08.0: [8086:6f80] type 00 class 0x088000 conventional PCI endpoint
Mar 26 09:07:37 Rocky-Compute-2 kernel: pci 0000:ff:08.2: [8086:6f32] type 00 class 0x110100 conventional PCI endpoint
Mar 26 09:07:37 Rocky-Compute-2 kernel: pci 0000:ff:08.3: [8086:6f83] type 00 class 0x088000 PCIe Root Complex Integrated Endpoint
Mar 26 09:07:37 Rocky-Compute-2 kernel: pci 0000:ff:09.0: [8086:6f90] type 00 class 0x088000 conventional PCI endpoint
Mar 26 09:07:37 Rocky-Compute-2 kernel: pci 0000:ff:09.2: [8086:6f33] type 00 class 0x110100 conventional PCI endpoint
Mar 26 09:07:37 Rocky-Compute-2 kernel: pci 0000:ff:09.3: [8086:6f93] type 00 class 0x088000 PCIe Root Complex Integrated Endpoint
Mar 26 09:07:37 Rocky-Compute-2 kernel: pci 0000:ff:0b.0: [8086:6f81] type 00 class 0x088000 conventional PCI endpoint
Mar 26 09:07:37 Rocky-Compute-2 kernel: pci 0000:ff:0b.1: [8086:6f36] type 00 class 0x110100 conventional PCI endpoint
Mar 26 09:07:37 Rocky-Compute-2 kernel: pci 0000:ff:0b.2: [8086:6f37] type 00 class 0x110100 conventional PCI endpoint
Mar 26 09:07:37 Rocky-Compute-2 kernel: pci 0000:ff:0b.3: [8086:6f76] type 00 class 0x088000 conventional PCI endpoint
Mar 26 09:07:37 Rocky-Compute-2 kernel: pci 0000:ff:0c.0: [8086:6fe0] type 00 class 0x088000 conventional PCI endpoint
Mar 26 09:07:37 Rocky-Compute-2 kernel: pci 0000:ff:0c.1: [8086:6fe1] type 00 class 0x088000 conventional PCI endpoint
Mar 26 09:07:37 Rocky-Compute-2 kernel: pci 0000:ff:0c.2: [8086:6fe2] type 00 class 0x088000 conventional PCI endpoint
Mar 26 09:07:37 Rocky-Compute-2 kernel: pci 0000:ff:0c.3: [8086:6fe3] type 00 class 0x088000 conventional PCI endpoint
Mar 26 09:07:37 Rocky-Compute-2 kernel: pci 0000:ff:0c.4: [8086:6fe4] type 00 class 0x088000 conventional PCI endpoint
Mar 26 09:07:37 Rocky-Compute-2 kernel: pci 0000:ff:0c.5: [8086:6fe5] type 00 class 0x088000 conventional PCI endpoint
Mar 26 09:07:37 Rocky-Compute-2 kernel: pci 0000:ff:0c.6: [8086:6fe6] type 00 class 0x088000 conventional PCI endpoint
Mar 26 09:07:37 Rocky-Compute-2 kernel: pci 0000:ff:0c.7: [8086:6fe7] type 00 class 0x088000 conventional PCI endpoint
Mar 26 09:07:37 Rocky-Compute-2 kernel: pci 0000:ff:0d.0: [8086:6fe8] type 00 class 0x088000 conventional PCI endpoint
Mar 26 09:07:37 Rocky-Compute-2 kernel: pci 0000:ff:0d.1: [8086:6fe9] type 00 class 0x088000 conventional PCI endpoint
Mar 26 09:07:37 Rocky-Compute-2 kernel: pci 0000:ff:0d.2: [8086:6fea] type 00 class 0x088000 conventional PCI endpoint
Mar 26 09:07:37 Rocky-Compute-2 kernel: pci 0000:ff:0d.3: [8086:6feb] type 00 class 0x088000 conventional PCI endpoint
Mar 26 09:07:37 Rocky-Compute-2 kernel: pci 0000:ff:0f.0: [8086:6ff8] type 00 class 0x088000 conventional PCI endpoint
Mar 26 09:07:37 Rocky-Compute-2 kernel: pci 0000:ff:0f.1: [8086:6ff9] type 00 class 0x088000 conventional PCI endpoint
Mar 26 09:07:37 Rocky-Compute-2 kernel: pci 0000:ff:0f.2: [8086:6ffa] type 00 class 0x088000 conventional PCI endpoint
Mar 26 09:07:37 Rocky-Compute-2 kernel: pci 0000:ff:0f.3: [8086:6ffb] type 00 class 0x088000 conventional PCI endpoint
Mar 26 09:07:37 Rocky-Compute-2 kernel: pci 0000:ff:0f.4: [8086:6ffc] type 00 class 0x088000 conventional PCI endpoint
Mar 26 09:07:37 Rocky-Compute-2 kernel: pci 0000:ff:0f.5: [8086:6ffd] type 00 class 0x088000 conventional PCI endpoint
Mar 26 09:07:37 Rocky-Compute-2 kernel: pci 0000:ff:0f.6: [8086:6ffe] type 00 class 0x088000 conventional PCI endpoint
Mar 26 09:07:37 Rocky-Compute-2 kernel: pci 0000:ff:10.0: [8086:6f1d] type 00 class 0x088000 conventional PCI endpoint
Mar 26 09:07:37 Rocky-Compute-2 kernel: pci 0000:ff:10.1: [8086:6f34] type 00 class 0x110100 conventional PCI endpoint
Mar 26 09:07:37 Rocky-Compute-2 kernel: pci 0000:ff:10.5: [8086:6f1e] type 00 class 0x088000 conventional PCI endpoint
Mar 26 09:07:37 Rocky-Compute-2 kernel: pci 0000:ff:10.6: [8086:6f7d] type 00 class 0x110100 conventional PCI endpoint
Mar 26 09:07:37 Rocky-Compute-2 kernel: pci 0000:ff:10.7: [8086:6f1f] type 00 class 0x088000 conventional PCI endpoint
Mar 26 09:07:37 Rocky-Compute-2 kernel: pci 0000:ff:12.0: [8086:6fa0] type 00 class 0x088000 conventional PCI endpoint
Mar 26 09:07:37 Rocky-Compute-2 kernel: pci 0000:ff:12.1: [8086:6f30] type 00 class 0x110100 conventional PCI endpoint
Mar 26 09:07:37 Rocky-Compute-2 kernel: pci 0000:ff:12.4: [8086:6f60] type 00 class 0x088000 conventional PCI endpoint
Mar 26 09:07:37 Rocky-Compute-2 kernel: pci 0000:ff:12.5: [8086:6f38] type 00 class 0x110100 conventional PCI endpoint
Mar 26 09:07:37 Rocky-Compute-2 kernel: pci 0000:ff:13.0: [8086:6fa8] type 00 class 0x088000 PCIe Root Complex Integrated Endpoint
Mar 26 09:07:37 Rocky-Compute-2 kernel: pci 0000:ff:13.1: [8086:6f71] type 00 class 0x088000 PCIe Root Complex Integrated Endpoint
Mar 26 09:07:37 Rocky-Compute-2 kernel: pci 0000:ff:13.2: [8086:6faa] type 00 class 0x088000 PCIe Root Complex Integrated Endpoint
Mar 26 09:07:37 Rocky-Compute-2 kernel: pci 0000:ff:13.3: [8086:6fab] type 00 class 0x088000 PCIe Root Complex Integrated Endpoint
Mar 26 09:07:37 Rocky-Compute-2 kernel: pci 0000:ff:13.6: [8086:6fae] type 00 class 0x088000 conventional PCI endpoint
Mar 26 09:07:37 Rocky-Compute-2 kernel: pci 0000:ff:13.7: [8086:6faf] type 00 class 0x088000 conventional PCI endpoint
Mar 26 09:07:37 Rocky-Compute-2 kernel: pci 0000:ff:14.0: [8086:6fb0] type 00 class 0x088000 PCIe Root Complex Integrated Endpoint
Mar 26 09:07:37 Rocky-Compute-2 kernel: pci 0000:ff:14.1: [8086:6fb1] type 00 class 0x088000 PCIe Root Complex Integrated Endpoint
Mar 26 09:07:37 Rocky-Compute-2 kernel: pci 0000:ff:14.2: [8086:6fb2] type 00 class 0x088000 PCIe Root Complex Integrated Endpoint
Mar 26 09:07:37 Rocky-Compute-2 kernel: pci 0000:ff:14.3: [8086:6fb3] type 00 class 0x088000 PCIe Root Complex Integrated Endpoint
Mar 26 09:07:37 Rocky-Compute-2 kernel: pci 0000:ff:14.4: [8086:6fbc] type 00 class 0x088000 conventional PCI endpoint
Mar 26 09:07:37 Rocky-Compute-2 kernel: pci 0000:ff:14.5: [8086:6fbd] type 00 class 0x088000 conventional PCI endpoint
Mar 26 09:07:37 Rocky-Compute-2 kernel: pci 0000:ff:14.6: [8086:6fbe] type 00 class 0x088000 conventional PCI endpoint
Mar 26 09:07:37 Rocky-Compute-2 kernel: pci 0000:ff:14.7: [8086:6fbf] type 00 class 0x088000 conventional PCI endpoint
Mar 26 09:07:37 Rocky-Compute-2 kernel: pci 0000:ff:16.0: [8086:6f68] type 00 class 0x088000 PCIe Root Complex Integrated Endpoint
Mar 26 09:07:37 Rocky-Compute-2 kernel: pci 0000:ff:16.1: [8086:6f79] type 00 class 0x088000 PCIe Root Complex Integrated Endpoint
Mar 26 09:07:37 Rocky-Compute-2 kernel: pci 0000:ff:16.2: [8086:6f6a] type 00 class 0x088000 PCIe Root Complex Integrated Endpoint
Mar 26 09:07:37 Rocky-Compute-2 kernel: pci 0000:ff:16.3: [8086:6f6b] type 00 class 0x088000 PCIe Root Complex Integrated Endpoint
Mar 26 09:07:37 Rocky-Compute-2 kernel: pci 0000:ff:16.6: [8086:6f6e] type 00 class 0x088000 conventional PCI endpoint
Mar 26 09:07:37 Rocky-Compute-2 kernel: pci 0000:ff:16.7: [8086:6f6f] type 00 class 0x088000 conventional PCI endpoint
Mar 26 09:07:37 Rocky-Compute-2 kernel: pci 0000:ff:17.0: [8086:6fd0] type 00 class 0x088000 PCIe Root Complex Integrated Endpoint
Mar 26 09:07:37 Rocky-Compute-2 kernel: pci 0000:ff:17.1: [8086:6fd1] type 00 class 0x088000 PCIe Root Complex Integrated Endpoint
Mar 26 09:07:37 Rocky-Compute-2 kernel: pci 0000:ff:17.2: [8086:6fd2] type 00 class 0x088000 PCIe Root Complex Integrated Endpoint
Mar 26 09:07:37 Rocky-Compute-2 kernel: pci 0000:ff:17.3: [8086:6fd3] type 00 class 0x088000 PCIe Root Complex Integrated Endpoint
Mar 26 09:07:37 Rocky-Compute-2 kernel: pci 0000:ff:17.4: [8086:6fb8] type 00 class 0x088000 conventional PCI endpoint
Mar 26 09:07:37 Rocky-Compute-2 kernel: pci 0000:ff:17.5: [8086:6fb9] type 00 class 0x088000 conventional PCI endpoint
Mar 26 09:07:37 Rocky-Compute-2 kernel: pci 0000:ff:17.6: [8086:6fba] type 00 class 0x088000 conventional PCI endpoint
Mar 26 09:07:37 Rocky-Compute-2 kernel: pci 0000:ff:17.7: [8086:6fbb] type 00 class 0x088000 conventional PCI endpoint
Mar 26 09:07:37 Rocky-Compute-2 kernel: pci 0000:ff:1e.0: [8086:6f98] type 00 class 0x088000 conventional PCI endpoint
Mar 26 09:07:37 Rocky-Compute-2 kernel: pci 0000:ff:1e.1: [8086:6f99] type 00 class 0x088000 conventional PCI endpoint
Mar 26 09:07:37 Rocky-Compute-2 kernel: pci 0000:ff:1e.2: [8086:6f9a] type 00 class 0x088000 conventional PCI endpoint
Mar 26 09:07:37 Rocky-Compute-2 kernel: pci 0000:ff:1e.3: [8086:6fc0] type 00 class 0x088000 conventional PCI endpoint
Mar 26 09:07:37 Rocky-Compute-2 kernel: pci 0000:ff:1e.4: [8086:6f9c] type 00 class 0x088000 conventional PCI endpoint
Mar 26 09:07:37 Rocky-Compute-2 kernel: pci 0000:ff:1f.0: [8086:6f88] type 00 class 0x088000 conventional PCI endpoint
Mar 26 09:07:37 Rocky-Compute-2 kernel: pci 0000:ff:1f.2: [8086:6f8a] type 00 class 0x088000 conventional PCI endpoint
Mar 26 09:07:37 Rocky-Compute-2 kernel: ACPI: PCI Root Bridge [UNC0] (domain 0000 [bus 7f])
Mar 26 09:07:37 Rocky-Compute-2 kernel: acpi PNP0A03:03: _OSC: OS supports [ExtendedConfig ASPM ClockPM Segments MSI EDR HPX-Type3]
Mar 26 09:07:37 Rocky-Compute-2 kernel: acpi PNP0A03:03: _OSC: platform does not support [SHPCHotplug AER LTR DPC]
Mar 26 09:07:37 Rocky-Compute-2 kernel: acpi PNP0A03:03: _OSC: OS now controls [PCIeHotplug PME PCIeCapability]
Mar 26 09:07:37 Rocky-Compute-2 kernel: acpi PNP0A03:03: FADT indicates ASPM is unsupported, using BIOS configuration
Mar 26 09:07:37 Rocky-Compute-2 kernel: PCI host bridge to bus 0000:7f
Mar 26 09:07:37 Rocky-Compute-2 kernel: pci_bus 0000:7f: Unknown NUMA node; performance will be reduced
Mar 26 09:07:37 Rocky-Compute-2 kernel: pci_bus 0000:7f: root bus resource [bus 7f]
Mar 26 09:07:37 Rocky-Compute-2 kernel: pci 0000:7f:08.0: [8086:6f80] type 00 class 0x088000 conventional PCI endpoint
Mar 26 09:07:37 Rocky-Compute-2 kernel: pci 0000:7f:08.2: [8086:6f32] type 00 class 0x110100 conventional PCI endpoint
Mar 26 09:07:37 Rocky-Compute-2 kernel: pci 0000:7f:08.3: [8086:6f83] type 00 class 0x088000 PCIe Root Complex Integrated Endpoint
Mar 26 09:07:37 Rocky-Compute-2 kernel: pci 0000:7f:09.0: [8086:6f90] type 00 class 0x088000 conventional PCI endpoint
Mar 26 09:07:37 Rocky-Compute-2 kernel: pci 0000:7f:09.2: [8086:6f33] type 00 class 0x110100 conventional PCI endpoint
Mar 26 09:07:38 Rocky-Compute-2 kernel: pci 0000:7f:09.3: [8086:6f93] type 00 class 0x088000 PCIe Root Complex Integrated Endpoint
Mar 26 09:07:38 Rocky-Compute-2 kernel: pci 0000:7f:0b.0: [8086:6f81] type 00 class 0x088000 conventional PCI endpoint
Mar 26 09:07:38 Rocky-Compute-2 kernel: pci 0000:7f:0b.1: [8086:6f36] type 00 class 0x110100 conventional PCI endpoint
Mar 26 09:07:38 Rocky-Compute-2 kernel: pci 0000:7f:0b.2: [8086:6f37] type 00 class 0x110100 conventional PCI endpoint
Mar 26 09:07:38 Rocky-Compute-2 kernel: pci 0000:7f:0b.3: [8086:6f76] type 00 class 0x088000 conventional PCI endpoint
Mar 26 09:07:38 Rocky-Compute-2 kernel: pci 0000:7f:0c.0: [8086:6fe0] type 00 class 0x088000 conventional PCI endpoint
Mar 26 09:07:38 Rocky-Compute-2 kernel: pci 0000:7f:0c.1: [8086:6fe1] type 00 class 0x088000 conventional PCI endpoint
Mar 26 09:07:38 Rocky-Compute-2 kernel: pci 0000:7f:0c.2: [8086:6fe2] type 00 class 0x088000 conventional PCI endpoint
Mar 26 09:07:38 Rocky-Compute-2 kernel: pci 0000:7f:0c.3: [8086:6fe3] type 00 class 0x088000 conventional PCI endpoint
Mar 26 09:07:38 Rocky-Compute-2 kernel: pci 0000:7f:0c.4: [8086:6fe4] type 00 class 0x088000 conventional PCI endpoint
Mar 26 09:07:38 Rocky-Compute-2 kernel: pci 0000:7f:0c.5: [8086:6fe5] type 00 class 0x088000 conventional PCI endpoint
Mar 26 09:07:38 Rocky-Compute-2 kernel: pci 0000:7f:0c.6: [8086:6fe6] type 00 class 0x088000 conventional PCI endpoint
Mar 26 09:07:38 Rocky-Compute-2 kernel: pci 0000:7f:0c.7: [8086:6fe7] type 00 class 0x088000 conventional PCI endpoint
Mar 26 09:07:38 Rocky-Compute-2 kernel: pci 0000:7f:0d.0: [8086:6fe8] type 00 class 0x088000 conventional PCI endpoint
Mar 26 09:07:38 Rocky-Compute-2 kernel: pci 0000:7f:0d.1: [8086:6fe9] type 00 class 0x088000 conventional PCI endpoint
Mar 26 09:07:38 Rocky-Compute-2 kernel: pci 0000:7f:0d.2: [8086:6fea] type 00 class 0x088000 conventional PCI endpoint
Mar 26 09:07:38 Rocky-Compute-2 kernel: pci 0000:7f:0d.3: [8086:6feb] type 00 class 0x088000 conventional PCI endpoint
Mar 26 09:07:38 Rocky-Compute-2 kernel: pci 0000:7f:0f.0: [8086:6ff8] type 00 class 0x088000 conventional PCI endpoint
Mar 26 09:07:38 Rocky-Compute-2 kernel: pci 0000:7f:0f.1: [8086:6ff9] type 00 class 0x088000 conventional PCI endpoint
Mar 26 09:07:38 Rocky-Compute-2 kernel: pci 0000:7f:0f.2: [8086:6ffa] type 00 class 0x088000 conventional PCI endpoint
Mar 26 09:07:38 Rocky-Compute-2 kernel: pci 0000:7f:0f.3: [8086:6ffb] type 00 class 0x088000 conventional PCI endpoint
Mar 26 09:07:38 Rocky-Compute-2 kernel: pci 0000:7f:0f.4: [8086:6ffc] type 00 class 0x088000 conventional PCI endpoint
Mar 26 09:07:38 Rocky-Compute-2 kernel: pci 0000:7f:0f.5: [8086:6ffd] type 00 class 0x088000 conventional PCI endpoint
Mar 26 09:07:38 Rocky-Compute-2 kernel: pci 0000:7f:0f.6: [8086:6ffe] type 00 class 0x088000 conventional PCI endpoint
Mar 26 09:07:38 Rocky-Compute-2 kernel: pci 0000:7f:10.0: [8086:6f1d] type 00 class 0x088000 conventional PCI endpoint
Mar 26 09:07:38 Rocky-Compute-2 kernel: pci 0000:7f:10.1: [8086:6f34] type 00 class 0x110100 conventional PCI endpoint
Mar 26 09:07:38 Rocky-Compute-2 kernel: pci 0000:7f:10.5: [8086:6f1e] type 00 class 0x088000 conventional PCI endpoint
Mar 26 09:07:38 Rocky-Compute-2 kernel: pci 0000:7f:10.6: [8086:6f7d] type 00 class 0x110100 conventional PCI endpoint
Mar 26 09:07:38 Rocky-Compute-2 kernel: pci 0000:7f:10.7: [8086:6f1f] type 00 class 0x088000 conventional PCI endpoint
Mar 26 09:07:38 Rocky-Compute-2 kernel: pci 0000:7f:12.0: [8086:6fa0] type 00 class 0x088000 conventional PCI endpoint
Mar 26 09:07:38 Rocky-Compute-2 kernel: pci 0000:7f:12.1: [8086:6f30] type 00 class 0x110100 conventional PCI endpoint
Mar 26 09:07:38 Rocky-Compute-2 kernel: pci 0000:7f:12.4: [8086:6f60] type 00 class 0x088000 conventional PCI endpoint
Mar 26 09:07:38 Rocky-Compute-2 kernel: pci 0000:7f:12.5: [8086:6f38] type 00 class 0x110100 conventional PCI endpoint
Mar 26 09:07:38 Rocky-Compute-2 kernel: pci 0000:7f:13.0: [8086:6fa8] type 00 class 0x088000 PCIe Root Complex Integrated Endpoint
Mar 26 09:07:38 Rocky-Compute-2 kernel: pci 0000:7f:13.1: [8086:6f71] type 00 class 0x088000 PCIe Root Complex Integrated Endpoint
Mar 26 09:07:38 Rocky-Compute-2 kernel: pci 0000:7f:13.2: [8086:6faa] type 00 class 0x088000 PCIe Root Complex Integrated Endpoint
Mar 26 09:07:38 Rocky-Compute-2 kernel: pci 0000:7f:13.3: [8086:6fab] type 00 class 0x088000 PCIe Root Complex Integrated Endpoint
Mar 26 09:07:38 Rocky-Compute-2 kernel: pci 0000:7f:13.6: [8086:6fae] type 00 class 0x088000 conventional PCI endpoint
Mar 26 09:07:38 Rocky-Compute-2 kernel: pci 0000:7f:13.7: [8086:6faf] type 00 class 0x088000 conventional PCI endpoint
Mar 26 09:07:38 Rocky-Compute-2 kernel: pci 0000:7f:14.0: [8086:6fb0] type 00 class 0x088000 PCIe Root Complex Integrated Endpoint
Mar 26 09:07:38 Rocky-Compute-2 kernel: pci 0000:7f:14.1: [8086:6fb1] type 00 class 0x088000 PCIe Root Complex Integrated Endpoint
Mar 26 09:07:38 Rocky-Compute-2 kernel: pci 0000:7f:14.2: [8086:6fb2] type 00 class 0x088000 PCIe Root Complex Integrated Endpoint
Mar 26 09:07:38 Rocky-Compute-2 kernel: pci 0000:7f:14.3: [8086:6fb3] type 00 class 0x088000 PCIe Root Complex Integrated Endpoint
Mar 26 09:07:38 Rocky-Compute-2 kernel: pci 0000:7f:14.4: [8086:6fbc] type 00 class 0x088000 conventional PCI endpoint
Mar 26 09:07:38 Rocky-Compute-2 kernel: pci 0000:7f:14.5: [8086:6fbd] type 00 class 0x088000 conventional PCI endpoint
Mar 26 09:07:38 Rocky-Compute-2 kernel: pci 0000:7f:14.6: [8086:6fbe] type 00 class 0x088000 conventional PCI endpoint
Mar 26 09:07:38 Rocky-Compute-2 kernel: pci 0000:7f:14.7: [8086:6fbf] type 00 class 0x088000 conventional PCI endpoint
Mar 26 09:07:38 Rocky-Compute-2 kernel: pci 0000:7f:16.0: [8086:6f68] type 00 class 0x088000 PCIe Root Complex Integrated Endpoint
Mar 26 09:07:38 Rocky-Compute-2 kernel: pci 0000:7f:16.1: [8086:6f79] type 00 class 0x088000 PCIe Root Complex Integrated Endpoint
Mar 26 09:07:38 Rocky-Compute-2 kernel: pci 0000:7f:16.2: [8086:6f6a] type 00 class 0x088000 PCIe Root Complex Integrated Endpoint
Mar 26 09:07:38 Rocky-Compute-2 kernel: pci 0000:7f:16.3: [8086:6f6b] type 00 class 0x088000 PCIe Root Complex Integrated Endpoint
Mar 26 09:07:38 Rocky-Compute-2 kernel: pci 0000:7f:16.6: [8086:6f6e] type 00 class 0x088000 conventional PCI endpoint
Mar 26 09:07:38 Rocky-Compute-2 kernel: pci 0000:7f:16.7: [8086:6f6f] type 00 class 0x088000 conventional PCI endpoint
Mar 26 09:07:38 Rocky-Compute-2 kernel: pci 0000:7f:17.0: [8086:6fd0] type 00 class 0x088000 PCIe Root Complex Integrated Endpoint
Mar 26 09:07:38 Rocky-Compute-2 kernel: pci 0000:7f:17.1: [8086:6fd1] type 00 class 0x088000 PCIe Root Complex Integrated Endpoint
Mar 26 09:07:38 Rocky-Compute-2 kernel: pci 0000:7f:17.2: [8086:6fd2] type 00 class 0x088000 PCIe Root Complex Integrated Endpoint
Mar 26 09:07:38 Rocky-Compute-2 kernel: pci 0000:7f:17.3: [8086:6fd3] type 00 class 0x088000 PCIe Root Complex Integrated Endpoint
Mar 26 09:07:38 Rocky-Compute-2 kernel: pci 0000:7f:17.4: [8086:6fb8] type 00 class 0x088000 conventional PCI endpoint
Mar 26 09:07:38 Rocky-Compute-2 kernel: pci 0000:7f:17.5: [8086:6fb9] type 00 class 0x088000 conventional PCI endpoint
Mar 26 09:07:38 Rocky-Compute-2 kernel: pci 0000:7f:17.6: [8086:6fba] type 00 class 0x088000 conventional PCI endpoint
Mar 26 09:07:38 Rocky-Compute-2 kernel: pci 0000:7f:17.7: [8086:6fbb] type 00 class 0x088000 conventional PCI endpoint
Mar 26 09:07:38 Rocky-Compute-2 kernel: pci 0000:7f:1e.0: [8086:6f98] type 00 class 0x088000 conventional PCI endpoint
Mar 26 09:07:38 Rocky-Compute-2 kernel: pci 0000:7f:1e.1: [8086:6f99] type 00 class 0x088000 conventional PCI endpoint
Mar 26 09:07:38 Rocky-Compute-2 kernel: pci 0000:7f:1e.2: [8086:6f9a] type 00 class 0x088000 conventional PCI endpoint
Mar 26 09:07:38 Rocky-Compute-2 kernel: pci 0000:7f:1e.3: [8086:6fc0] type 00 class 0x088000 conventional PCI endpoint
Mar 26 09:07:38 Rocky-Compute-2 kernel: pci 0000:7f:1e.4: [8086:6f9c] type 00 class 0x088000 conventional PCI endpoint
Mar 26 09:07:38 Rocky-Compute-2 kernel: pci 0000:7f:1f.0: [8086:6f88] type 00 class 0x088000 conventional PCI endpoint
Mar 26 09:07:38 Rocky-Compute-2 kernel: pci 0000:7f:1f.2: [8086:6f8a] type 00 class 0x088000 conventional PCI endpoint
Mar 26 09:07:38 Rocky-Compute-2 kernel: ACPI: PCI Root Bridge [PCI0] (domain 0000 [bus 00-7e])
Mar 26 09:07:38 Rocky-Compute-2 kernel: acpi PNP0A08:00: _OSC: OS supports [ExtendedConfig ASPM ClockPM Segments MSI EDR HPX-Type3]
Mar 26 09:07:38 Rocky-Compute-2 kernel: acpi PNP0A08:00: _OSC: platform does not support [SHPCHotplug AER LTR DPC]
Mar 26 09:07:38 Rocky-Compute-2 kernel: acpi PNP0A08:00: _OSC: OS now controls [PCIeHotplug PME PCIeCapability]
Mar 26 09:07:38 Rocky-Compute-2 kernel: acpi PNP0A08:00: FADT indicates ASPM is unsupported, using BIOS configuration
Mar 26 09:07:38 Rocky-Compute-2 kernel: PCI host bridge to bus 0000:00
Mar 26 09:07:38 Rocky-Compute-2 kernel: pci_bus 0000:00: root bus resource [io  0x0000-0x0cf7 window]
Mar 26 09:07:38 Rocky-Compute-2 kernel: pci_bus 0000:00: root bus resource [io  0x1000-0x7fff window]
Mar 26 09:07:38 Rocky-Compute-2 kernel: pci_bus 0000:00: root bus resource [mem 0x000a0000-0x000bffff window]
Mar 26 09:07:38 Rocky-Compute-2 kernel: pci_bus 0000:00: root bus resource [mem 0xfedb0000-0xfedb000f window]
Mar 26 09:07:38 Rocky-Compute-2 kernel: pci_bus 0000:00: root bus resource [mem 0xfedc0000-0xfedc000f window]
Mar 26 09:07:38 Rocky-Compute-2 kernel: pci_bus 0000:00: root bus resource [mem 0x90000000-0xc7ffbfff window]
Mar 26 09:07:38 Rocky-Compute-2 kernel: pci_bus 0000:00: root bus resource [bus 00-7e]
Mar 26 09:07:38 Rocky-Compute-2 kernel: pci 0000:00:00.0: [8086:6f00] type 00 class 0x060000 PCIe Root Port
Mar 26 09:07:38 Rocky-Compute-2 kernel: pci 0000:00:01.0: [8086:6f02] type 01 class 0x060400 PCIe Root Port
Mar 26 09:07:38 Rocky-Compute-2 kernel: pci 0000:00:01.0: PCI bridge to [bus 01]
Mar 26 09:07:38 Rocky-Compute-2 kernel: pci 0000:00:01.0:   bridge window [io  0x6000-0x6fff]
Mar 26 09:07:38 Rocky-Compute-2 kernel: pci 0000:00:01.0:   bridge window [mem 0xc7200000-0xc72fffff]
Mar 26 09:07:38 Rocky-Compute-2 kernel: pci 0000:00:01.0: PME# supported from D0 D3hot D3cold
Mar 26 09:07:38 Rocky-Compute-2 kernel: pci 0000:00:02.0: [8086:6f04] type 01 class 0x060400 PCIe Root Port
Mar 26 09:07:38 Rocky-Compute-2 kernel: pci 0000:00:02.0: PCI bridge to [bus 02]
Mar 26 09:07:38 Rocky-Compute-2 kernel: pci 0000:00:02.0:   bridge window [mem 0xc7100000-0xc71fffff]
Mar 26 09:07:38 Rocky-Compute-2 kernel: pci 0000:00:02.0:   bridge window [mem 0xc4000000-0xc5ffffff 64bit pref]
Mar 26 09:07:38 Rocky-Compute-2 kernel: pci 0000:00:02.0: PME# supported from D0 D3hot D3cold
Mar 26 09:07:38 Rocky-Compute-2 kernel: pci 0000:00:03.0: [8086:6f08] type 01 class 0x060400 PCIe Root Port
Mar 26 09:07:38 Rocky-Compute-2 kernel: pci 0000:00:03.0: PCI bridge to [bus 03]
Mar 26 09:07:38 Rocky-Compute-2 kernel: pci 0000:00:03.0: PME# supported from D0 D3hot D3cold
Mar 26 09:07:38 Rocky-Compute-2 kernel: pci 0000:00:03.2: [8086:6f0a] type 01 class 0x060400 PCIe Root Port
Mar 26 09:07:38 Rocky-Compute-2 kernel: pci 0000:00:03.2: PCI bridge to [bus 04]
Mar 26 09:07:38 Rocky-Compute-2 kernel: pci 0000:00:03.2: PME# supported from D0 D3hot D3cold
Mar 26 09:07:38 Rocky-Compute-2 kernel: pci 0000:00:04.0: [8086:6f20] type 00 class 0x088000 PCIe Root Complex Integrated Endpoint
Mar 26 09:07:38 Rocky-Compute-2 kernel: pci 0000:00:04.0: BAR 0 [mem 0xc732c000-0xc732ffff 64bit]
Mar 26 09:07:38 Rocky-Compute-2 kernel: pci 0000:00:04.1: [8086:6f21] type 00 class 0x088000 PCIe Root Complex Integrated Endpoint
Mar 26 09:07:38 Rocky-Compute-2 kernel: pci 0000:00:04.1: BAR 0 [mem 0xc7328000-0xc732bfff 64bit]
Mar 26 09:07:38 Rocky-Compute-2 kernel: pci 0000:00:04.2: [8086:6f22] type 00 class 0x088000 PCIe Root Complex Integrated Endpoint
Mar 26 09:07:38 Rocky-Compute-2 kernel: pci 0000:00:04.2: BAR 0 [mem 0xc7324000-0xc7327fff 64bit]
Mar 26 09:07:38 Rocky-Compute-2 kernel: pci 0000:00:04.3: [8086:6f23] type 00 class 0x088000 PCIe Root Complex Integrated Endpoint
Mar 26 09:07:38 Rocky-Compute-2 kernel: pci 0000:00:04.3: BAR 0 [mem 0xc7320000-0xc7323fff 64bit]
Mar 26 09:07:38 Rocky-Compute-2 kernel: pci 0000:00:04.4: [8086:6f24] type 00 class 0x088000 PCIe Root Complex Integrated Endpoint
Mar 26 09:07:38 Rocky-Compute-2 kernel: pci 0000:00:04.4: BAR 0 [mem 0xc731c000-0xc731ffff 64bit]
Mar 26 09:07:38 Rocky-Compute-2 kernel: pci 0000:00:04.5: [8086:6f25] type 00 class 0x088000 PCIe Root Complex Integrated Endpoint
Mar 26 09:07:38 Rocky-Compute-2 kernel: pci 0000:00:04.5: BAR 0 [mem 0xc7318000-0xc731bfff 64bit]
Mar 26 09:07:38 Rocky-Compute-2 kernel: pci 0000:00:04.6: [8086:6f26] type 00 class 0x088000 PCIe Root Complex Integrated Endpoint
Mar 26 09:07:38 Rocky-Compute-2 kernel: pci 0000:00:04.6: BAR 0 [mem 0xc7314000-0xc7317fff 64bit]
Mar 26 09:07:38 Rocky-Compute-2 kernel: pci 0000:00:04.7: [8086:6f27] type 00 class 0x088000 PCIe Root Complex Integrated Endpoint
Mar 26 09:07:38 Rocky-Compute-2 kernel: pci 0000:00:04.7: BAR 0 [mem 0xc7310000-0xc7313fff 64bit]
Mar 26 09:07:38 Rocky-Compute-2 kernel: pci 0000:00:05.0: [8086:6f28] type 00 class 0x088000 PCIe Root Complex Integrated Endpoint
Mar 26 09:07:38 Rocky-Compute-2 kernel: pci 0000:00:05.1: [8086:6f29] type 00 class 0x088000 PCIe Root Complex Integrated Endpoint
Mar 26 09:07:38 Rocky-Compute-2 kernel: pci 0000:00:05.2: [8086:6f2a] type 00 class 0x088000 PCIe Root Complex Integrated Endpoint
Mar 26 09:07:38 Rocky-Compute-2 kernel: pci 0000:00:05.4: [8086:6f2c] type 00 class 0x080020 PCIe Root Complex Integrated Endpoint
Mar 26 09:07:38 Rocky-Compute-2 kernel: pci 0000:00:05.4: BAR 0 [mem 0xc7339000-0xc7339fff]
Mar 26 09:07:38 Rocky-Compute-2 kernel: pci 0000:00:11.0: [8086:8d7c] type 00 class 0xff0000 PCIe Root Complex Integrated Endpoint
Mar 26 09:07:38 Rocky-Compute-2 kernel: pci 0000:00:11.4: [8086:8d62] type 00 class 0x010601 conventional PCI endpoint
Mar 26 09:07:38 Rocky-Compute-2 kernel: pci 0000:00:11.4: BAR 0 [io  0x7110-0x7117]
Mar 26 09:07:38 Rocky-Compute-2 kernel: pci 0000:00:11.4: BAR 1 [io  0x7100-0x7103]
Mar 26 09:07:38 Rocky-Compute-2 kernel: pci 0000:00:11.4: BAR 2 [io  0x70f0-0x70f7]
Mar 26 09:07:38 Rocky-Compute-2 kernel: pci 0000:00:11.4: BAR 3 [io  0x70e0-0x70e3]
Mar 26 09:07:38 Rocky-Compute-2 kernel: pci 0000:00:11.4: BAR 4 [io  0x7020-0x703f]
Mar 26 09:07:38 Rocky-Compute-2 kernel: pci 0000:00:11.4: BAR 5 [mem 0xc7338000-0xc73387ff]
Mar 26 09:07:38 Rocky-Compute-2 kernel: pci 0000:00:11.4: PME# supported from D3hot
Mar 26 09:07:38 Rocky-Compute-2 kernel: pci 0000:00:14.0: [8086:8d31] type 00 class 0x0c0330 conventional PCI endpoint
Mar 26 09:07:38 Rocky-Compute-2 kernel: pci 0000:00:14.0: BAR 0 [mem 0xc7300000-0xc730ffff 64bit]
Mar 26 09:07:38 Rocky-Compute-2 kernel: pci 0000:00:14.0: PME# supported from D3hot D3cold
Mar 26 09:07:38 Rocky-Compute-2 kernel: pci 0000:00:16.0: [8086:8d3a] type 00 class 0x078000 conventional PCI endpoint
Mar 26 09:07:38 Rocky-Compute-2 kernel: pci 0000:00:16.0: BAR 0 [mem 0xc7337000-0xc733700f 64bit]
Mar 26 09:07:38 Rocky-Compute-2 kernel: pci 0000:00:16.0: PME# supported from D0 D3hot D3cold
Mar 26 09:07:38 Rocky-Compute-2 kernel: pci 0000:00:16.1: [8086:8d3b] type 00 class 0x078000 conventional PCI endpoint
Mar 26 09:07:38 Rocky-Compute-2 kernel: pci 0000:00:16.1: BAR 0 [mem 0xc7336000-0xc733600f 64bit]
Mar 26 09:07:38 Rocky-Compute-2 kernel: pci 0000:00:16.1: PME# supported from D0 D3hot D3cold
Mar 26 09:07:38 Rocky-Compute-2 kernel: pci 0000:00:1a.0: [8086:8d2d] type 00 class 0x0c0320 conventional PCI endpoint
Mar 26 09:07:38 Rocky-Compute-2 kernel: pci 0000:00:1a.0: BAR 0 [mem 0xc7334000-0xc73343ff]
Mar 26 09:07:38 Rocky-Compute-2 kernel: pci 0000:00:1a.0: PME# supported from D0 D3hot D3cold
Mar 26 09:07:38 Rocky-Compute-2 kernel: pci 0000:00:1c.0: [8086:8d10] type 01 class 0x060400 PCIe Root Port
Mar 26 09:07:38 Rocky-Compute-2 kernel: pci 0000:00:1c.0: PCI bridge to [bus 05]
Mar 26 09:07:38 Rocky-Compute-2 kernel: pci 0000:00:1c.0: PME# supported from D0 D3hot D3cold
Mar 26 09:07:38 Rocky-Compute-2 kernel: pci 0000:00:1c.2: [8086:8d14] type 01 class 0x060400 PCIe Root Port
Mar 26 09:07:38 Rocky-Compute-2 kernel: pci 0000:00:1c.2: PCI bridge to [bus 06-07]
Mar 26 09:07:38 Rocky-Compute-2 kernel: pci 0000:00:1c.2:   bridge window [io  0x5000-0x5fff]
Mar 26 09:07:38 Rocky-Compute-2 kernel: pci 0000:00:1c.2:   bridge window [mem 0xc6000000-0xc70fffff]
Mar 26 09:07:38 Rocky-Compute-2 kernel: pci 0000:00:1c.2: PME# supported from D0 D3hot D3cold
Mar 26 09:07:38 Rocky-Compute-2 kernel: pci 0000:00:1d.0: [8086:8d26] type 00 class 0x0c0320 conventional PCI endpoint
Mar 26 09:07:38 Rocky-Compute-2 kernel: pci 0000:00:1d.0: BAR 0 [mem 0xc7333000-0xc73333ff]
Mar 26 09:07:38 Rocky-Compute-2 kernel: pci 0000:00:1d.0: PME# supported from D0 D3hot D3cold
Mar 26 09:07:38 Rocky-Compute-2 kernel: pci 0000:00:1f.0: [8086:8d44] type 00 class 0x060100 conventional PCI endpoint
Mar 26 09:07:38 Rocky-Compute-2 kernel: pci 0000:00:1f.2: [8086:8d02] type 00 class 0x010601 conventional PCI endpoint
Mar 26 09:07:38 Rocky-Compute-2 kernel: pci 0000:00:1f.2: BAR 0 [io  0x7070-0x7077]
Mar 26 09:07:38 Rocky-Compute-2 kernel: pci 0000:00:1f.2: BAR 1 [io  0x7060-0x7063]
Mar 26 09:07:38 Rocky-Compute-2 kernel: pci 0000:00:1f.2: BAR 2 [io  0x7050-0x7057]
Mar 26 09:07:38 Rocky-Compute-2 kernel: pci 0000:00:1f.2: BAR 3 [io  0x7040-0x7043]
Mar 26 09:07:38 Rocky-Compute-2 kernel: pci 0000:00:1f.2: BAR 4 [io  0x7000-0x701f]
Mar 26 09:07:38 Rocky-Compute-2 kernel: pci 0000:00:1f.2: BAR 5 [mem 0xc7332000-0xc73327ff]
Mar 26 09:07:38 Rocky-Compute-2 kernel: pci 0000:00:1f.2: PME# supported from D3hot
Mar 26 09:07:38 Rocky-Compute-2 kernel: pci 0000:00:1f.3: [8086:8d22] type 00 class 0x0c0500 conventional PCI endpoint
Mar 26 09:07:38 Rocky-Compute-2 kernel: pci 0000:00:1f.3: BAR 0 [mem 0xc7331000-0xc73310ff 64bit]
Mar 26 09:07:38 Rocky-Compute-2 kernel: pci 0000:00:1f.3: BAR 4 [io  0x0580-0x059f]
Mar 26 09:07:38 Rocky-Compute-2 kernel: pci 0000:01:00.0: [8086:1521] type 00 class 0x020000 PCIe Endpoint
Mar 26 09:07:38 Rocky-Compute-2 kernel: pci 0000:01:00.0: BAR 0 [mem 0xc7220000-0xc723ffff]
Mar 26 09:07:38 Rocky-Compute-2 kernel: pci 0000:01:00.0: BAR 2 [io  0x6020-0x603f]
Mar 26 09:07:38 Rocky-Compute-2 kernel: pci 0000:01:00.0: BAR 3 [mem 0xc7244000-0xc7247fff]
Mar 26 09:07:38 Rocky-Compute-2 kernel: pci 0000:01:00.0: PME# supported from D0 D3hot D3cold
Mar 26 09:07:38 Rocky-Compute-2 kernel: pci 0000:01:00.0: VF BAR 0 [mem 0x00000000-0x00003fff 64bit pref]
Mar 26 09:07:38 Rocky-Compute-2 kernel: pci 0000:01:00.0: VF BAR 0 [mem 0x00000000-0x0001ffff 64bit pref]: contains BAR 0 for 8 VFs
Mar 26 09:07:38 Rocky-Compute-2 kernel: pci 0000:01:00.0: VF BAR 3 [mem 0x00000000-0x00003fff 64bit pref]
Mar 26 09:07:38 Rocky-Compute-2 kernel: pci 0000:01:00.0: VF BAR 3 [mem 0x00000000-0x0001ffff 64bit pref]: contains BAR 3 for 8 VFs
Mar 26 09:07:38 Rocky-Compute-2 kernel: pci 0000:01:00.1: [8086:1521] type 00 class 0x020000 PCIe Endpoint
Mar 26 09:07:38 Rocky-Compute-2 kernel: pci 0000:01:00.1: BAR 0 [mem 0xc7200000-0xc721ffff]
Mar 26 09:07:38 Rocky-Compute-2 kernel: pci 0000:01:00.1: BAR 2 [io  0x6000-0x601f]
Mar 26 09:07:38 Rocky-Compute-2 kernel: pci 0000:01:00.1: BAR 3 [mem 0xc7240000-0xc7243fff]
Mar 26 09:07:38 Rocky-Compute-2 kernel: pci 0000:01:00.1: PME# supported from D0 D3hot D3cold
Mar 26 09:07:38 Rocky-Compute-2 kernel: pci 0000:01:00.1: VF BAR 0 [mem 0x00000000-0x00003fff 64bit pref]
Mar 26 09:07:38 Rocky-Compute-2 kernel: pci 0000:01:00.1: VF BAR 0 [mem 0x00000000-0x0001ffff 64bit pref]: contains BAR 0 for 8 VFs
Mar 26 09:07:38 Rocky-Compute-2 kernel: pci 0000:01:00.1: VF BAR 3 [mem 0x00000000-0x00003fff 64bit pref]
Mar 26 09:07:38 Rocky-Compute-2 kernel: pci 0000:01:00.1: VF BAR 3 [mem 0x00000000-0x0001ffff 64bit pref]: contains BAR 3 for 8 VFs
Mar 26 09:07:38 Rocky-Compute-2 kernel: pci 0000:00:01.0: PCI bridge to [bus 01]
Mar 26 09:07:38 Rocky-Compute-2 kernel: pci 0000:02:00.0: [15b3:1017] type 00 class 0x020700 PCIe Endpoint
Mar 26 09:07:38 Rocky-Compute-2 kernel: pci 0000:02:00.0: BAR 0 [mem 0xc4000000-0xc5ffffff 64bit pref]
Mar 26 09:07:38 Rocky-Compute-2 kernel: pci 0000:02:00.0: ROM [mem 0xc7100000-0xc71fffff pref]
Mar 26 09:07:38 Rocky-Compute-2 kernel: pci 0000:02:00.0: PME# supported from D3cold
Mar 26 09:07:38 Rocky-Compute-2 kernel: pci 0000:00:02.0: PCI bridge to [bus 02]
Mar 26 09:07:38 Rocky-Compute-2 kernel: pci 0000:00:03.0: PCI bridge to [bus 03]
Mar 26 09:07:38 Rocky-Compute-2 kernel: pci 0000:00:03.2: PCI bridge to [bus 04]
Mar 26 09:07:38 Rocky-Compute-2 kernel: pci 0000:00:1c.0: PCI bridge to [bus 05]
Mar 26 09:07:38 Rocky-Compute-2 kernel: pci 0000:06:00.0: [1a03:1150] type 01 class 0x060400 PCIe to PCI/PCI-X bridge
Mar 26 09:07:38 Rocky-Compute-2 kernel: pci 0000:06:00.0: PCI bridge to [bus 07]
Mar 26 09:07:38 Rocky-Compute-2 kernel: pci 0000:06:00.0:   bridge window [io  0x5000-0x5fff]
Mar 26 09:07:38 Rocky-Compute-2 kernel: pci 0000:06:00.0:   bridge window [mem 0xc6000000-0xc70fffff]
Mar 26 09:07:38 Rocky-Compute-2 kernel: pci 0000:06:00.0: enabling Extended Tags
Mar 26 09:07:38 Rocky-Compute-2 kernel: pci 0000:06:00.0: supports D1 D2
Mar 26 09:07:38 Rocky-Compute-2 kernel: pci 0000:06:00.0: PME# supported from D0 D1 D2 D3hot D3cold
Mar 26 09:07:38 Rocky-Compute-2 kernel: pci 0000:00:1c.2: PCI bridge to [bus 06-07]
Mar 26 09:07:38 Rocky-Compute-2 kernel: pci_bus 0000:07: extended config space not accessible
Mar 26 09:07:38 Rocky-Compute-2 kernel: pci 0000:07:00.0: [1a03:2000] type 00 class 0x030000 conventional PCI endpoint
Mar 26 09:07:38 Rocky-Compute-2 kernel: pci 0000:07:00.0: BAR 0 [mem 0xc6000000-0xc6ffffff]
Mar 26 09:07:38 Rocky-Compute-2 kernel: pci 0000:07:00.0: BAR 1 [mem 0xc7000000-0xc701ffff]
Mar 26 09:07:38 Rocky-Compute-2 kernel: pci 0000:07:00.0: BAR 2 [io  0x5000-0x507f]
Mar 26 09:07:38 Rocky-Compute-2 kernel: pci 0000:07:00.0: Video device with shadowed ROM at [mem 0x000c0000-0x000dffff]
Mar 26 09:07:38 Rocky-Compute-2 kernel: pci 0000:07:00.0: supports D1 D2
Mar 26 09:07:38 Rocky-Compute-2 kernel: pci 0000:07:00.0: PME# supported from D0 D1 D2 D3hot D3cold
Mar 26 09:07:38 Rocky-Compute-2 kernel: pci 0000:06:00.0: PCI bridge to [bus 07]
Mar 26 09:07:38 Rocky-Compute-2 kernel: pci_bus 0000:00: on NUMA node 0
Mar 26 09:07:38 Rocky-Compute-2 kernel: ACPI: PCI Root Bridge [PCI1] (domain 0000 [bus 80-fe])
Mar 26 09:07:38 Rocky-Compute-2 kernel: acpi PNP0A08:01: _OSC: OS supports [ExtendedConfig ASPM ClockPM Segments MSI EDR HPX-Type3]
Mar 26 09:07:38 Rocky-Compute-2 kernel: acpi PNP0A08:01: _OSC: platform does not support [SHPCHotplug AER LTR DPC]
Mar 26 09:07:38 Rocky-Compute-2 kernel: acpi PNP0A08:01: _OSC: OS now controls [PCIeHotplug PME PCIeCapability]
Mar 26 09:07:38 Rocky-Compute-2 kernel: acpi PNP0A08:01: FADT indicates ASPM is unsupported, using BIOS configuration
Mar 26 09:07:38 Rocky-Compute-2 kernel: PCI host bridge to bus 0000:80
Mar 26 09:07:38 Rocky-Compute-2 kernel: pci_bus 0000:80: root bus resource [io  0x8000-0xffff window]
Mar 26 09:07:38 Rocky-Compute-2 kernel: pci_bus 0000:80: root bus resource [mem 0xc8000000-0xfbffbfff window]
Mar 26 09:07:38 Rocky-Compute-2 kernel: pci_bus 0000:80: root bus resource [bus 80-fe]
Mar 26 09:07:38 Rocky-Compute-2 kernel: pci 0000:80:04.0: [8086:6f20] type 00 class 0x088000 PCIe Root Complex Integrated Endpoint
Mar 26 09:07:38 Rocky-Compute-2 kernel: pci 0000:80:04.0: BAR 0 [mem 0xfbf1c000-0xfbf1ffff 64bit]
Mar 26 09:07:38 Rocky-Compute-2 kernel: pci 0000:80:04.1: [8086:6f21] type 00 class 0x088000 PCIe Root Complex Integrated Endpoint
Mar 26 09:07:38 Rocky-Compute-2 kernel: pci 0000:80:04.1: BAR 0 [mem 0xfbf18000-0xfbf1bfff 64bit]
Mar 26 09:07:38 Rocky-Compute-2 kernel: pci 0000:80:04.2: [8086:6f22] type 00 class 0x088000 PCIe Root Complex Integrated Endpoint
Mar 26 09:07:38 Rocky-Compute-2 kernel: pci 0000:80:04.2: BAR 0 [mem 0xfbf14000-0xfbf17fff 64bit]
Mar 26 09:07:38 Rocky-Compute-2 kernel: pci 0000:80:04.3: [8086:6f23] type 00 class 0x088000 PCIe Root Complex Integrated Endpoint
Mar 26 09:07:38 Rocky-Compute-2 kernel: pci 0000:80:04.3: BAR 0 [mem 0xfbf10000-0xfbf13fff 64bit]
Mar 26 09:07:38 Rocky-Compute-2 kernel: pci 0000:80:04.4: [8086:6f24] type 00 class 0x088000 PCIe Root Complex Integrated Endpoint
Mar 26 09:07:38 Rocky-Compute-2 kernel: pci 0000:80:04.4: BAR 0 [mem 0xfbf0c000-0xfbf0ffff 64bit]
Mar 26 09:07:38 Rocky-Compute-2 kernel: pci 0000:80:04.5: [8086:6f25] type 00 class 0x088000 PCIe Root Complex Integrated Endpoint
Mar 26 09:07:38 Rocky-Compute-2 kernel: pci 0000:80:04.5: BAR 0 [mem 0xfbf08000-0xfbf0bfff 64bit]
Mar 26 09:07:38 Rocky-Compute-2 kernel: pci 0000:80:04.6: [8086:6f26] type 00 class 0x088000 PCIe Root Complex Integrated Endpoint
Mar 26 09:07:38 Rocky-Compute-2 kernel: pci 0000:80:04.6: BAR 0 [mem 0xfbf04000-0xfbf07fff 64bit]
Mar 26 09:07:38 Rocky-Compute-2 kernel: pci 0000:80:04.7: [8086:6f27] type 00 class 0x088000 PCIe Root Complex Integrated Endpoint
Mar 26 09:07:38 Rocky-Compute-2 kernel: pci 0000:80:04.7: BAR 0 [mem 0xfbf00000-0xfbf03fff 64bit]
Mar 26 09:07:38 Rocky-Compute-2 kernel: pci 0000:80:05.0: [8086:6f28] type 00 class 0x088000 PCIe Root Complex Integrated Endpoint
Mar 26 09:07:38 Rocky-Compute-2 kernel: pci 0000:80:05.1: [8086:6f29] type 00 class 0x088000 PCIe Root Complex Integrated Endpoint
Mar 26 09:07:38 Rocky-Compute-2 kernel: pci 0000:80:05.2: [8086:6f2a] type 00 class 0x088000 PCIe Root Complex Integrated Endpoint
Mar 26 09:07:38 Rocky-Compute-2 kernel: pci 0000:80:05.4: [8086:6f2c] type 00 class 0x080020 PCIe Root Complex Integrated Endpoint
Mar 26 09:07:38 Rocky-Compute-2 kernel: pci 0000:80:05.4: BAR 0 [mem 0xfbf20000-0xfbf20fff]
Mar 26 09:07:38 Rocky-Compute-2 kernel: pci_bus 0000:80: on NUMA node 1
Mar 26 09:07:38 Rocky-Compute-2 kernel: ACPI: PCI: Interrupt link LNKA configured for IRQ 11
Mar 26 09:07:38 Rocky-Compute-2 kernel: ACPI: PCI: Interrupt link LNKB configured for IRQ 10
Mar 26 09:07:38 Rocky-Compute-2 kernel: ACPI: PCI: Interrupt link LNKC configured for IRQ 5
Mar 26 09:07:38 Rocky-Compute-2 kernel: ACPI: PCI: Interrupt link LNKD configured for IRQ 11
Mar 26 09:07:38 Rocky-Compute-2 kernel: ACPI: PCI: Interrupt link LNKE configured for IRQ 0
Mar 26 09:07:38 Rocky-Compute-2 kernel: ACPI: PCI: Interrupt link LNKE disabled
Mar 26 09:07:38 Rocky-Compute-2 kernel: ACPI: PCI: Interrupt link LNKF configured for IRQ 0
Mar 26 09:07:38 Rocky-Compute-2 kernel: ACPI: PCI: Interrupt link LNKF disabled
Mar 26 09:07:38 Rocky-Compute-2 kernel: ACPI: PCI: Interrupt link LNKG configured for IRQ 0
Mar 26 09:07:38 Rocky-Compute-2 kernel: ACPI: PCI: Interrupt link LNKG disabled
Mar 26 09:07:38 Rocky-Compute-2 kernel: ACPI: PCI: Interrupt link LNKH configured for IRQ 0
Mar 26 09:07:38 Rocky-Compute-2 kernel: ACPI: PCI: Interrupt link LNKH disabled
Mar 26 09:07:38 Rocky-Compute-2 kernel: iommu: Default domain type: Translated
Mar 26 09:07:38 Rocky-Compute-2 kernel: iommu: DMA domain TLB invalidation policy: lazy mode
Mar 26 09:07:38 Rocky-Compute-2 kernel: SCSI subsystem initialized
Mar 26 09:07:38 Rocky-Compute-2 kernel: ACPI: bus type USB registered
Mar 26 09:07:38 Rocky-Compute-2 kernel: usbcore: registered new interface driver usbfs
Mar 26 09:07:38 Rocky-Compute-2 kernel: usbcore: registered new interface driver hub
Mar 26 09:07:38 Rocky-Compute-2 kernel: usbcore: registered new device driver usb
Mar 26 09:07:38 Rocky-Compute-2 kernel: pps_core: LinuxPPS API ver. 1 registered
Mar 26 09:07:38 Rocky-Compute-2 kernel: pps_core: Software ver. 5.3.6 - Copyright 2005-2007 Rodolfo Giometti <giometti@linux.it>
Mar 26 09:07:38 Rocky-Compute-2 kernel: PTP clock support registered
Mar 26 09:07:38 Rocky-Compute-2 kernel: EDAC MC: Ver: 3.0.0
Mar 26 09:07:38 Rocky-Compute-2 kernel: Registered efivars operations
Mar 26 09:07:38 Rocky-Compute-2 kernel: NetLabel: Initializing
Mar 26 09:07:38 Rocky-Compute-2 kernel: NetLabel:  domain hash size = 128
Mar 26 09:07:38 Rocky-Compute-2 kernel: NetLabel:  protocols = UNLABELED CIPSOv4 CALIPSO
Mar 26 09:07:38 Rocky-Compute-2 kernel: NetLabel:  unlabeled traffic allowed by default
Mar 26 09:07:38 Rocky-Compute-2 kernel: PCI: Using ACPI for IRQ routing
Mar 26 09:07:38 Rocky-Compute-2 kernel: PCI: pci_cache_line_size set to 64 bytes
Mar 26 09:07:38 Rocky-Compute-2 kernel: e820: reserve RAM buffer [mem 0x6ff5e018-0x6fffffff]
Mar 26 09:07:38 Rocky-Compute-2 kernel: e820: reserve RAM buffer [mem 0x6ff67018-0x6fffffff]
Mar 26 09:07:38 Rocky-Compute-2 kernel: e820: reserve RAM buffer [mem 0x6ff91018-0x6fffffff]
Mar 26 09:07:38 Rocky-Compute-2 kernel: e820: reserve RAM buffer [mem 0x6ffa3018-0x6fffffff]
Mar 26 09:07:38 Rocky-Compute-2 kernel: e820: reserve RAM buffer [mem 0x76859000-0x77ffffff]
Mar 26 09:07:38 Rocky-Compute-2 kernel: e820: reserve RAM buffer [mem 0x78ee2000-0x7bffffff]
Mar 26 09:07:38 Rocky-Compute-2 kernel: e820: reserve RAM buffer [mem 0x7bcf7000-0x7bffffff]
Mar 26 09:07:38 Rocky-Compute-2 kernel: pci 0000:07:00.0: vgaarb: setting as boot VGA device
Mar 26 09:07:38 Rocky-Compute-2 kernel: pci 0000:07:00.0: vgaarb: bridge control possible
Mar 26 09:07:38 Rocky-Compute-2 kernel: pci 0000:07:00.0: vgaarb: VGA device added: decodes=io+mem,owns=io+mem,locks=none
Mar 26 09:07:38 Rocky-Compute-2 kernel: vgaarb: loaded
Mar 26 09:07:38 Rocky-Compute-2 kernel: hpet0: at MMIO 0xfed00000, IRQs 2, 8, 0, 0, 0, 0, 0, 0
Mar 26 09:07:38 Rocky-Compute-2 kernel: hpet0: 8 comparators, 64-bit 14.318180 MHz counter
Mar 26 09:07:38 Rocky-Compute-2 kernel: clocksource: Switched to clocksource tsc-early
Mar 26 09:07:38 Rocky-Compute-2 kernel: VFS: Disk quotas dquot_6.6.0
Mar 26 09:07:38 Rocky-Compute-2 kernel: VFS: Dquot-cache hash table entries: 512 (order 0, 4096 bytes)
Mar 26 09:07:38 Rocky-Compute-2 kernel: pnp: PnP ACPI init
Mar 26 09:07:38 Rocky-Compute-2 kernel: system 00:01: [io  0x0500-0x057f] has been reserved
Mar 26 09:07:38 Rocky-Compute-2 kernel: system 00:01: [io  0x0400-0x047f] has been reserved
Mar 26 09:07:38 Rocky-Compute-2 kernel: system 00:01: [io  0x0580-0x059f] has been reserved
Mar 26 09:07:38 Rocky-Compute-2 kernel: system 00:01: [io  0x0600-0x061f] has been reserved
Mar 26 09:07:38 Rocky-Compute-2 kernel: system 00:01: [io  0x0880-0x0883] has been reserved
Mar 26 09:07:38 Rocky-Compute-2 kernel: system 00:01: [io  0x0800-0x081f] has been reserved
Mar 26 09:07:38 Rocky-Compute-2 kernel: system 00:01: [mem 0xfed1c000-0xfed3ffff] has been reserved
Mar 26 09:07:38 Rocky-Compute-2 kernel: system 00:01: [mem 0xfed45000-0xfed8bfff] has been reserved
Mar 26 09:07:38 Rocky-Compute-2 kernel: system 00:01: [mem 0xff000000-0xffffffff] has been reserved
Mar 26 09:07:38 Rocky-Compute-2 kernel: system 00:01: [mem 0xfee00000-0xfeefffff] has been reserved
Mar 26 09:07:38 Rocky-Compute-2 kernel: system 00:01: [mem 0xfed12000-0xfed1200f] has been reserved
Mar 26 09:07:38 Rocky-Compute-2 kernel: system 00:01: [mem 0xfed12010-0xfed1201f] has been reserved
Mar 26 09:07:38 Rocky-Compute-2 kernel: system 00:01: [mem 0xfed1b000-0xfed1bfff] has been reserved
Mar 26 09:07:38 Rocky-Compute-2 kernel: system 00:02: [io  0x0a00-0x0a0f] has been reserved
Mar 26 09:07:38 Rocky-Compute-2 kernel: system 00:02: [io  0x0a10-0x0a1f] has been reserved
Mar 26 09:07:38 Rocky-Compute-2 kernel: system 00:02: [io  0x0a20-0x0a2f] has been reserved
Mar 26 09:07:38 Rocky-Compute-2 kernel: system 00:02: [io  0x0a30-0x0a3f] has been reserved
Mar 26 09:07:38 Rocky-Compute-2 kernel: system 00:02: [io  0x0a40-0x0a4f] has been reserved
Mar 26 09:07:38 Rocky-Compute-2 kernel: pnp 00:03: [dma 0 disabled]
Mar 26 09:07:38 Rocky-Compute-2 kernel: pnp 00:04: [dma 0 disabled]
Mar 26 09:07:38 Rocky-Compute-2 kernel: pnp: PnP ACPI: found 5 devices
Mar 26 09:07:38 Rocky-Compute-2 kernel: clocksource: acpi_pm: mask: 0xffffff max_cycles: 0xffffff, max_idle_ns: 2085701024 ns
Mar 26 09:07:38 Rocky-Compute-2 kernel: NET: Registered PF_INET protocol family
Mar 26 09:07:38 Rocky-Compute-2 kernel: IP idents hash table entries: 262144 (order: 9, 2097152 bytes, vmalloc)
Mar 26 09:07:38 Rocky-Compute-2 kernel: tcp_listen_portaddr_hash hash table entries: 32768 (order: 7, 524288 bytes, vmalloc)
Mar 26 09:07:38 Rocky-Compute-2 kernel: Table-perturb hash table entries: 65536 (order: 6, 262144 bytes, vmalloc)
Mar 26 09:07:38 Rocky-Compute-2 kernel: TCP established hash table entries: 524288 (order: 10, 4194304 bytes, vmalloc hugepage)
Mar 26 09:07:38 Rocky-Compute-2 kernel: TCP bind hash table entries: 65536 (order: 8, 1048576 bytes, vmalloc)
Mar 26 09:07:38 Rocky-Compute-2 kernel: TCP: Hash tables configured (established 524288 bind 65536)
Mar 26 09:07:38 Rocky-Compute-2 kernel: MPTCP token hash table entries: 65536 (order: 8, 1572864 bytes, vmalloc)
Mar 26 09:07:38 Rocky-Compute-2 kernel: UDP hash table entries: 32768 (order: 8, 1048576 bytes, vmalloc)
Mar 26 09:07:38 Rocky-Compute-2 kernel: UDP-Lite hash table entries: 32768 (order: 8, 1048576 bytes, vmalloc)
Mar 26 09:07:38 Rocky-Compute-2 kernel: NET: Registered PF_UNIX/PF_LOCAL protocol family
Mar 26 09:07:38 Rocky-Compute-2 kernel: NET: Registered PF_XDP protocol family
Mar 26 09:07:38 Rocky-Compute-2 kernel: pci 0000:00:01.0: bridge window [mem 0x00100000-0x000fffff 64bit pref] to [bus 01] add_size 100000 add_align 100000
Mar 26 09:07:38 Rocky-Compute-2 kernel: pci 0000:00:1c.0: bridge window [io  0x1000-0x0fff] to [bus 05] add_size 1000
Mar 26 09:07:38 Rocky-Compute-2 kernel: pci 0000:00:1c.0: bridge window [mem 0x00100000-0x000fffff 64bit pref] to [bus 05] add_size 200000 add_align 100000
Mar 26 09:07:38 Rocky-Compute-2 kernel: pci 0000:00:1c.0: bridge window [mem 0x00100000-0x000fffff] to [bus 05] add_size 200000 add_align 100000
Mar 26 09:07:38 Rocky-Compute-2 kernel: pci 0000:00:01.0: bridge window [mem 0x90000000-0x900fffff 64bit pref]: assigned
Mar 26 09:07:38 Rocky-Compute-2 kernel: pci 0000:00:1c.0: bridge window [mem 0x90100000-0x902fffff]: assigned
Mar 26 09:07:38 Rocky-Compute-2 kernel: pci 0000:00:1c.0: bridge window [mem 0x90300000-0x904fffff 64bit pref]: assigned
Mar 26 09:07:38 Rocky-Compute-2 kernel: pci 0000:00:1c.0: bridge window [io  0x1000-0x1fff]: assigned
Mar 26 09:07:38 Rocky-Compute-2 kernel: pci 0000:01:00.0: VF BAR 0 [mem 0x90000000-0x9001ffff 64bit pref]: assigned
Mar 26 09:07:38 Rocky-Compute-2 kernel: pci 0000:01:00.0: VF BAR 3 [mem 0x90020000-0x9003ffff 64bit pref]: assigned
Mar 26 09:07:38 Rocky-Compute-2 kernel: pci 0000:01:00.1: VF BAR 0 [mem 0x90040000-0x9005ffff 64bit pref]: assigned
Mar 26 09:07:38 Rocky-Compute-2 kernel: pci 0000:01:00.1: VF BAR 3 [mem 0x90060000-0x9007ffff 64bit pref]: assigned
Mar 26 09:07:38 Rocky-Compute-2 kernel: pci 0000:00:01.0: PCI bridge to [bus 01]
Mar 26 09:07:38 Rocky-Compute-2 kernel: pci 0000:00:01.0:   bridge window [io  0x6000-0x6fff]
Mar 26 09:07:38 Rocky-Compute-2 kernel: pci 0000:00:01.0:   bridge window [mem 0xc7200000-0xc72fffff]
Mar 26 09:07:38 Rocky-Compute-2 kernel: pci 0000:00:01.0:   bridge window [mem 0x90000000-0x900fffff 64bit pref]
Mar 26 09:07:38 Rocky-Compute-2 kernel: pci 0000:00:02.0: PCI bridge to [bus 02]
Mar 26 09:07:38 Rocky-Compute-2 kernel: pci 0000:00:02.0:   bridge window [mem 0xc7100000-0xc71fffff]
Mar 26 09:07:38 Rocky-Compute-2 kernel: pci 0000:00:02.0:   bridge window [mem 0xc4000000-0xc5ffffff 64bit pref]
Mar 26 09:07:38 Rocky-Compute-2 kernel: pci 0000:00:03.0: PCI bridge to [bus 03]
Mar 26 09:07:38 Rocky-Compute-2 kernel: pci 0000:00:03.2: PCI bridge to [bus 04]
Mar 26 09:07:38 Rocky-Compute-2 kernel: pci 0000:00:1c.0: PCI bridge to [bus 05]
Mar 26 09:07:38 Rocky-Compute-2 kernel: pci 0000:00:1c.0:   bridge window [io  0x1000-0x1fff]
Mar 26 09:07:38 Rocky-Compute-2 kernel: pci 0000:00:1c.0:   bridge window [mem 0x90100000-0x902fffff]
Mar 26 09:07:38 Rocky-Compute-2 kernel: pci 0000:00:1c.0:   bridge window [mem 0x90300000-0x904fffff 64bit pref]
Mar 26 09:07:38 Rocky-Compute-2 kernel: pci 0000:06:00.0: PCI bridge to [bus 07]
Mar 26 09:07:38 Rocky-Compute-2 kernel: pci 0000:06:00.0:   bridge window [io  0x5000-0x5fff]
Mar 26 09:07:38 Rocky-Compute-2 kernel: pci 0000:06:00.0:   bridge window [mem 0xc6000000-0xc70fffff]
Mar 26 09:07:38 Rocky-Compute-2 kernel: pci 0000:00:1c.2: PCI bridge to [bus 06-07]
Mar 26 09:07:38 Rocky-Compute-2 kernel: pci 0000:00:1c.2:   bridge window [io  0x5000-0x5fff]
Mar 26 09:07:38 Rocky-Compute-2 kernel: pci 0000:00:1c.2:   bridge window [mem 0xc6000000-0xc70fffff]
Mar 26 09:07:38 Rocky-Compute-2 kernel: pci_bus 0000:00: resource 4 [io  0x0000-0x0cf7 window]
Mar 26 09:07:38 Rocky-Compute-2 kernel: pci_bus 0000:00: resource 5 [io  0x1000-0x7fff window]
Mar 26 09:07:38 Rocky-Compute-2 kernel: pci_bus 0000:00: resource 6 [mem 0x000a0000-0x000bffff window]
Mar 26 09:07:38 Rocky-Compute-2 kernel: pci_bus 0000:00: resource 7 [mem 0xfedb0000-0xfedb000f window]
Mar 26 09:07:38 Rocky-Compute-2 kernel: pci_bus 0000:00: resource 8 [mem 0xfedc0000-0xfedc000f window]
Mar 26 09:07:38 Rocky-Compute-2 kernel: pci_bus 0000:00: resource 9 [mem 0x90000000-0xc7ffbfff window]
Mar 26 09:07:38 Rocky-Compute-2 kernel: pci_bus 0000:01: resource 0 [io  0x6000-0x6fff]
Mar 26 09:07:38 Rocky-Compute-2 kernel: pci_bus 0000:01: resource 1 [mem 0xc7200000-0xc72fffff]
Mar 26 09:07:38 Rocky-Compute-2 kernel: pci_bus 0000:01: resource 2 [mem 0x90000000-0x900fffff 64bit pref]
Mar 26 09:07:38 Rocky-Compute-2 kernel: pci_bus 0000:02: resource 1 [mem 0xc7100000-0xc71fffff]
Mar 26 09:07:38 Rocky-Compute-2 kernel: pci_bus 0000:02: resource 2 [mem 0xc4000000-0xc5ffffff 64bit pref]
Mar 26 09:07:38 Rocky-Compute-2 kernel: pci_bus 0000:05: resource 0 [io  0x1000-0x1fff]
Mar 26 09:07:38 Rocky-Compute-2 kernel: pci_bus 0000:05: resource 1 [mem 0x90100000-0x902fffff]
Mar 26 09:07:38 Rocky-Compute-2 kernel: pci_bus 0000:05: resource 2 [mem 0x90300000-0x904fffff 64bit pref]
Mar 26 09:07:38 Rocky-Compute-2 kernel: pci_bus 0000:06: resource 0 [io  0x5000-0x5fff]
Mar 26 09:07:38 Rocky-Compute-2 kernel: pci_bus 0000:06: resource 1 [mem 0xc6000000-0xc70fffff]
Mar 26 09:07:38 Rocky-Compute-2 kernel: pci_bus 0000:07: resource 0 [io  0x5000-0x5fff]
Mar 26 09:07:38 Rocky-Compute-2 kernel: pci_bus 0000:07: resource 1 [mem 0xc6000000-0xc70fffff]
Mar 26 09:07:38 Rocky-Compute-2 kernel: pci_bus 0000:80: resource 4 [io  0x8000-0xffff window]
Mar 26 09:07:38 Rocky-Compute-2 kernel: pci_bus 0000:80: resource 5 [mem 0xc8000000-0xfbffbfff window]
Mar 26 09:07:38 Rocky-Compute-2 kernel: pci 0000:00:05.0: disabled boot interrupts on device [8086:6f28]
Mar 26 09:07:38 Rocky-Compute-2 kernel: pci 0000:00:1a.0: quirk_usb_early_handoff+0x0/0x140 took 16189 usecs
Mar 26 09:07:38 Rocky-Compute-2 kernel: pci 0000:00:1d.0: quirk_usb_early_handoff+0x0/0x140 took 15577 usecs
Mar 26 09:07:38 Rocky-Compute-2 kernel: pci 0000:01:00.0: CLS mismatch (64 != 32), using 64 bytes
Mar 26 09:07:38 Rocky-Compute-2 kernel: pci 0000:80:05.0: disabled boot interrupts on device [8086:6f28]
Mar 26 09:07:38 Rocky-Compute-2 kernel: Trying to unpack rootfs image as initramfs...
Mar 26 09:07:38 Rocky-Compute-2 kernel: PCI-DMA: Using software bounce buffering for IO (SWIOTLB)
Mar 26 09:07:38 Rocky-Compute-2 kernel: software IO TLB: mapped [mem 0x000000006bf5e000-0x000000006ff5e000] (64MB)
Mar 26 09:07:38 Rocky-Compute-2 kernel: ACPI: bus type thunderbolt registered
Mar 26 09:07:38 Rocky-Compute-2 kernel: Initialise system trusted keyrings
Mar 26 09:07:38 Rocky-Compute-2 kernel: Key type blacklist registered
Mar 26 09:07:38 Rocky-Compute-2 kernel: workingset: timestamp_bits=36 max_order=24 bucket_order=0
Mar 26 09:07:38 Rocky-Compute-2 kernel: zbud: loaded
Mar 26 09:07:38 Rocky-Compute-2 kernel: integrity: Platform Keyring initialized
Mar 26 09:07:38 Rocky-Compute-2 kernel: integrity: Machine keyring initialized
Mar 26 09:07:38 Rocky-Compute-2 kernel: Freeing initrd memory: 52096K
Mar 26 09:07:38 Rocky-Compute-2 kernel: NET: Registered PF_ALG protocol family
Mar 26 09:07:38 Rocky-Compute-2 kernel: xor: automatically using best checksumming function   avx       
Mar 26 09:07:38 Rocky-Compute-2 kernel: Key type asymmetric registered
Mar 26 09:07:38 Rocky-Compute-2 kernel: Asymmetric key parser 'x509' registered
Mar 26 09:07:38 Rocky-Compute-2 kernel: Block layer SCSI generic (bsg) driver version 0.4 loaded (major 246)
Mar 26 09:07:38 Rocky-Compute-2 kernel: io scheduler mq-deadline registered
Mar 26 09:07:38 Rocky-Compute-2 kernel: io scheduler kyber registered
Mar 26 09:07:38 Rocky-Compute-2 kernel: io scheduler bfq registered
Mar 26 09:07:38 Rocky-Compute-2 kernel: atomic64_test: passed for x86-64 platform with CX8 and with SSE
Mar 26 09:07:38 Rocky-Compute-2 kernel: pcieport 0000:00:01.0: PME: Signaling with IRQ 26
Mar 26 09:07:38 Rocky-Compute-2 kernel: pcieport 0000:00:02.0: PME: Signaling with IRQ 28
Mar 26 09:07:38 Rocky-Compute-2 kernel: pcieport 0000:00:03.0: PME: Signaling with IRQ 30
Mar 26 09:07:38 Rocky-Compute-2 kernel: pcieport 0000:00:03.2: PME: Signaling with IRQ 31
Mar 26 09:07:38 Rocky-Compute-2 kernel: pcieport 0000:00:1c.0: PME: Signaling with IRQ 32
Mar 26 09:07:38 Rocky-Compute-2 kernel: pcieport 0000:00:1c.0: pciehp: Slot #0 AttnBtn- PwrCtrl- MRL- AttnInd- PwrInd- HotPlug+ Surprise+ Interlock- NoCompl+ IbPresDis- LLActRep+
Mar 26 09:07:38 Rocky-Compute-2 kernel: pcieport 0000:00:1c.2: PME: Signaling with IRQ 33
Mar 26 09:07:38 Rocky-Compute-2 kernel: shpchp: Standard Hot Plug PCI Controller Driver version: 0.4
Mar 26 09:07:38 Rocky-Compute-2 kernel: Monitor-Mwait will be used to enter C-1 state
Mar 26 09:07:38 Rocky-Compute-2 kernel: Monitor-Mwait will be used to enter C-2 state
Mar 26 09:07:38 Rocky-Compute-2 kernel: ACPI: \_SB_.SCK0.CP00: Found 2 idle states
Mar 26 09:07:38 Rocky-Compute-2 kernel: input: Power Button as /devices/LNXSYSTM:00/LNXSYBUS:00/PNP0C0C:00/input/input0
Mar 26 09:07:38 Rocky-Compute-2 kernel: ACPI: button: Power Button [PWRB]
Mar 26 09:07:38 Rocky-Compute-2 kernel: input: Power Button as /devices/LNXSYSTM:00/LNXPWRBN:00/input/input1
Mar 26 09:07:38 Rocky-Compute-2 kernel: ACPI: button: Power Button [PWRF]
Mar 26 09:07:38 Rocky-Compute-2 kernel: ERST: Error Record Serialization Table (ERST) support is initialized.
Mar 26 09:07:38 Rocky-Compute-2 kernel: pstore: Registered erst as persistent store backend
Mar 26 09:07:38 Rocky-Compute-2 kernel: Serial: 8250/16550 driver, 4 ports, IRQ sharing enabled
Mar 26 09:07:38 Rocky-Compute-2 kernel: 00:03: ttyS0 at I/O 0x3f8 (irq = 4, base_baud = 115200) is a 16550A
Mar 26 09:07:38 Rocky-Compute-2 kernel: 00:04: ttyS1 at I/O 0x2f8 (irq = 3, base_baud = 115200) is a 16550A
Mar 26 09:07:38 Rocky-Compute-2 kernel: Non-volatile memory driver v1.3
Mar 26 09:07:38 Rocky-Compute-2 kernel: rdac: device handler registered
Mar 26 09:07:38 Rocky-Compute-2 kernel: hp_sw: device handler registered
Mar 26 09:07:38 Rocky-Compute-2 kernel: emc: device handler registered
Mar 26 09:07:38 Rocky-Compute-2 kernel: alua: device handler registered
Mar 26 09:07:38 Rocky-Compute-2 kernel: ehci-pci 0000:00:1a.0: EHCI Host Controller
Mar 26 09:07:38 Rocky-Compute-2 kernel: ehci-pci 0000:00:1a.0: new USB bus registered, assigned bus number 1
Mar 26 09:07:38 Rocky-Compute-2 kernel: ehci-pci 0000:00:1a.0: debug port 2
Mar 26 09:07:38 Rocky-Compute-2 kernel: ehci-pci 0000:00:1a.0: irq 18, io mem 0xc7334000
Mar 26 09:07:38 Rocky-Compute-2 kernel: ehci-pci 0000:00:1a.0: USB 2.0 started, EHCI 1.00
Mar 26 09:07:38 Rocky-Compute-2 kernel: usb usb1: New USB device found, idVendor=1d6b, idProduct=0002, bcdDevice= 5.14
Mar 26 09:07:38 Rocky-Compute-2 kernel: usb usb1: New USB device strings: Mfr=3, Product=2, SerialNumber=1
Mar 26 09:07:38 Rocky-Compute-2 kernel: usb usb1: Product: EHCI Host Controller
Mar 26 09:07:38 Rocky-Compute-2 kernel: usb usb1: Manufacturer: Linux 5.14.0-611.16.1.el9_7.x86_64 ehci_hcd
Mar 26 09:07:38 Rocky-Compute-2 kernel: usb usb1: SerialNumber: 0000:00:1a.0
Mar 26 09:07:38 Rocky-Compute-2 kernel: hub 1-0:1.0: USB hub found
Mar 26 09:07:38 Rocky-Compute-2 kernel: hub 1-0:1.0: 2 ports detected
Mar 26 09:07:38 Rocky-Compute-2 kernel: xhci_hcd 0000:00:14.0: xHCI Host Controller
Mar 26 09:07:38 Rocky-Compute-2 kernel: xhci_hcd 0000:00:14.0: new USB bus registered, assigned bus number 2
Mar 26 09:07:38 Rocky-Compute-2 kernel: xhci_hcd 0000:00:14.0: hcc params 0x200077c1 hci version 0x100 quirks 0x0000000000009810
Mar 26 09:07:38 Rocky-Compute-2 kernel: xhci_hcd 0000:00:14.0: xHCI Host Controller
Mar 26 09:07:38 Rocky-Compute-2 kernel: ehci-pci 0000:00:1d.0: EHCI Host Controller
Mar 26 09:07:38 Rocky-Compute-2 kernel: xhci_hcd 0000:00:14.0: new USB bus registered, assigned bus number 3
Mar 26 09:07:38 Rocky-Compute-2 kernel: xhci_hcd 0000:00:14.0: Host supports USB 3.0 SuperSpeed
Mar 26 09:07:38 Rocky-Compute-2 kernel: usb usb2: New USB device found, idVendor=1d6b, idProduct=0002, bcdDevice= 5.14
Mar 26 09:07:38 Rocky-Compute-2 kernel: usb usb2: New USB device strings: Mfr=3, Product=2, SerialNumber=1
Mar 26 09:07:38 Rocky-Compute-2 kernel: usb usb2: Product: xHCI Host Controller
Mar 26 09:07:38 Rocky-Compute-2 kernel: usb usb2: Manufacturer: Linux 5.14.0-611.16.1.el9_7.x86_64 xhci-hcd
Mar 26 09:07:38 Rocky-Compute-2 kernel: usb usb2: SerialNumber: 0000:00:14.0
Mar 26 09:07:38 Rocky-Compute-2 kernel: hub 2-0:1.0: USB hub found
Mar 26 09:07:38 Rocky-Compute-2 kernel: hub 2-0:1.0: 15 ports detected
Mar 26 09:07:38 Rocky-Compute-2 kernel: usb usb3: New USB device found, idVendor=1d6b, idProduct=0003, bcdDevice= 5.14
Mar 26 09:07:38 Rocky-Compute-2 kernel: usb usb3: New USB device strings: Mfr=3, Product=2, SerialNumber=1
Mar 26 09:07:38 Rocky-Compute-2 kernel: usb usb3: Product: xHCI Host Controller
Mar 26 09:07:38 Rocky-Compute-2 kernel: usb usb3: Manufacturer: Linux 5.14.0-611.16.1.el9_7.x86_64 xhci-hcd
Mar 26 09:07:38 Rocky-Compute-2 kernel: usb usb3: SerialNumber: 0000:00:14.0
Mar 26 09:07:38 Rocky-Compute-2 kernel: hub 3-0:1.0: USB hub found
Mar 26 09:07:38 Rocky-Compute-2 kernel: hub 3-0:1.0: 6 ports detected
Mar 26 09:07:38 Rocky-Compute-2 kernel: ehci-pci 0000:00:1d.0: new USB bus registered, assigned bus number 4
Mar 26 09:07:38 Rocky-Compute-2 kernel: ehci-pci 0000:00:1d.0: debug port 2
Mar 26 09:07:38 Rocky-Compute-2 kernel: usbcore: registered new interface driver usbserial_generic
Mar 26 09:07:38 Rocky-Compute-2 kernel: usbserial: USB Serial support registered for generic
Mar 26 09:07:38 Rocky-Compute-2 kernel: i8042: PNP: No PS/2 controller found.
Mar 26 09:07:38 Rocky-Compute-2 kernel: mousedev: PS/2 mouse device common for all mice
Mar 26 09:07:38 Rocky-Compute-2 kernel: rtc_cmos 00:00: RTC can wake from S4
Mar 26 09:07:38 Rocky-Compute-2 kernel: rtc_cmos 00:00: registered as rtc0
Mar 26 09:07:38 Rocky-Compute-2 kernel: rtc_cmos 00:00: setting system clock to 2026-03-26T08:07:37 UTC (1774512457)
Mar 26 09:07:38 Rocky-Compute-2 kernel: rtc_cmos 00:00: alarms up to one month, y3k, 114 bytes nvram
Mar 26 09:07:38 Rocky-Compute-2 kernel: ehci-pci 0000:00:1d.0: irq 18, io mem 0xc7333000
Mar 26 09:07:38 Rocky-Compute-2 kernel: intel_pstate: Intel P-state driver initializing
Mar 26 09:07:38 Rocky-Compute-2 kernel: ehci-pci 0000:00:1d.0: USB 2.0 started, EHCI 1.00
Mar 26 09:07:38 Rocky-Compute-2 kernel: usb usb4: New USB device found, idVendor=1d6b, idProduct=0002, bcdDevice= 5.14
Mar 26 09:07:38 Rocky-Compute-2 kernel: usb usb4: New USB device strings: Mfr=3, Product=2, SerialNumber=1
Mar 26 09:07:38 Rocky-Compute-2 kernel: usb usb4: Product: EHCI Host Controller
Mar 26 09:07:38 Rocky-Compute-2 kernel: usb usb4: Manufacturer: Linux 5.14.0-611.16.1.el9_7.x86_64 ehci_hcd
Mar 26 09:07:38 Rocky-Compute-2 kernel: usb usb4: SerialNumber: 0000:00:1d.0
Mar 26 09:07:38 Rocky-Compute-2 kernel: hub 4-0:1.0: USB hub found
Mar 26 09:07:38 Rocky-Compute-2 kernel: hub 4-0:1.0: 2 ports detected
Mar 26 09:07:38 Rocky-Compute-2 kernel: efifb: probing for efifb
Mar 26 09:07:38 Rocky-Compute-2 kernel: efifb: framebuffer at 0xc6000000, using 3072k, total 3072k
Mar 26 09:07:38 Rocky-Compute-2 kernel: efifb: mode is 1024x768x32, linelength=4096, pages=1
Mar 26 09:07:38 Rocky-Compute-2 kernel: efifb: scrolling: redraw
Mar 26 09:07:38 Rocky-Compute-2 kernel: efifb: Truecolor: size=8:8:8:8, shift=24:16:8:0
Mar 26 09:07:38 Rocky-Compute-2 kernel: Console: switching to colour frame buffer device 128x48
Mar 26 09:07:38 Rocky-Compute-2 kernel: fb0: EFI VGA frame buffer device
Mar 26 09:07:38 Rocky-Compute-2 kernel: EFI Variables Facility v0.08 2004-May-17
Mar 26 09:07:38 Rocky-Compute-2 kernel: hid: raw HID events driver (C) Jiri Kosina
Mar 26 09:07:38 Rocky-Compute-2 kernel: usbcore: registered new interface driver usbhid
Mar 26 09:07:38 Rocky-Compute-2 kernel: usbhid: USB HID core driver
Mar 26 09:07:38 Rocky-Compute-2 kernel: drop_monitor: Initializing network drop monitor service
Mar 26 09:07:38 Rocky-Compute-2 kernel: Initializing XFRM netlink socket
Mar 26 09:07:38 Rocky-Compute-2 kernel: NET: Registered PF_INET6 protocol family
Mar 26 09:07:38 Rocky-Compute-2 kernel: Segment Routing with IPv6
Mar 26 09:07:38 Rocky-Compute-2 kernel: NET: Registered PF_PACKET protocol family
Mar 26 09:07:38 Rocky-Compute-2 kernel: mpls_gso: MPLS GSO support
Mar 26 09:07:38 Rocky-Compute-2 kernel: microcode: Current revision: 0x0b000038
Mar 26 09:07:38 Rocky-Compute-2 kernel: resctrl: L3 allocation detected
Mar 26 09:07:38 Rocky-Compute-2 kernel: resctrl: L3 monitoring detected
Mar 26 09:07:38 Rocky-Compute-2 kernel: IPI shorthand broadcast: enabled
Mar 26 09:07:38 Rocky-Compute-2 kernel: AVX2 version of gcm_enc/dec engaged.
Mar 26 09:07:38 Rocky-Compute-2 kernel: AES CTR mode by8 optimization enabled
Mar 26 09:07:38 Rocky-Compute-2 kernel: sched_clock: Marking stable (1185002450, 1911416)->(1279362715, -92448849)
Mar 26 09:07:38 Rocky-Compute-2 kernel: registered taskstats version 1
Mar 26 09:07:38 Rocky-Compute-2 kernel: Loading compiled-in X.509 certificates
Mar 26 09:07:38 Rocky-Compute-2 kernel: Loaded X.509 cert 'Rocky kernel signing key: f9a7cc90d1df5e6ff0935b10d49d84621bfd3f99'
Mar 26 09:07:38 Rocky-Compute-2 kernel: Loaded X.509 cert 'Rocky Enterprise Software Foundation: Rocky Linux Driver Signing Cert 101: ce537f0c615c038114acbb01233a5b62b93a1971'
Mar 26 09:07:38 Rocky-Compute-2 kernel: Loaded X.509 cert 'Rocky Enterprise Software Foundation: Rocky Linux Kpatch Signing Cert 101: b5ee07c737e57ecbeaed493a51379763b06312c5'
Mar 26 09:07:38 Rocky-Compute-2 kernel: Loaded X.509 cert 'Rocky Enterprise Software Foundation: Rocky Linux IMA Intermediate CA: 01'
Mar 26 09:07:38 Rocky-Compute-2 kernel: Loaded X.509 cert 'Rocky Enterprise Software Foundation: Nvidia GPU OOT Signing 101: 816ba9c770e6960cefe378020865d4ebbc352a7d'
Mar 26 09:07:38 Rocky-Compute-2 kernel: Demotion targets for Node 0: null
Mar 26 09:07:38 Rocky-Compute-2 kernel: Demotion targets for Node 1: null
Mar 26 09:07:38 Rocky-Compute-2 kernel: page_owner is disabled
Mar 26 09:07:38 Rocky-Compute-2 kernel: Key type .fscrypt registered
Mar 26 09:07:38 Rocky-Compute-2 kernel: Key type fscrypt-provisioning registered
Mar 26 09:07:38 Rocky-Compute-2 kernel: pstore: Using crash dump compression: deflate
Mar 26 09:07:38 Rocky-Compute-2 kernel: Key type big_key registered
Mar 26 09:07:38 Rocky-Compute-2 kernel: Key type encrypted registered
Mar 26 09:07:38 Rocky-Compute-2 kernel: integrity: Loading X.509 certificate: UEFI:MokListRT (MOKvar table)
Mar 26 09:07:38 Rocky-Compute-2 kernel: integrity: Loading X.509 certificate: UEFI:MokListRT (MOKvar table)
Mar 26 09:07:38 Rocky-Compute-2 kernel: integrity: Loaded X.509 cert 'Rocky Enterprise Software Foundation: Rocky Linux Secure Boot Root CA: 4c2c6bd7d64ee81581cab8e986661f65e2166fc4'
Mar 26 09:07:38 Rocky-Compute-2 kernel: ima: No TPM chip found, activating TPM-bypass!
Mar 26 09:07:38 Rocky-Compute-2 kernel: Loading compiled-in module X.509 certificates
Mar 26 09:07:38 Rocky-Compute-2 kernel: Loaded X.509 cert 'Rocky kernel signing key: f9a7cc90d1df5e6ff0935b10d49d84621bfd3f99'
Mar 26 09:07:38 Rocky-Compute-2 kernel: ima: Allocated hash algorithm: sha256
Mar 26 09:07:38 Rocky-Compute-2 kernel: ima: No architecture policies found
Mar 26 09:07:38 Rocky-Compute-2 kernel: evm: Initialising EVM extended attributes:
Mar 26 09:07:38 Rocky-Compute-2 kernel: evm: security.selinux
Mar 26 09:07:38 Rocky-Compute-2 kernel: evm: security.SMACK64 (disabled)
Mar 26 09:07:38 Rocky-Compute-2 kernel: evm: security.SMACK64EXEC (disabled)
Mar 26 09:07:38 Rocky-Compute-2 kernel: evm: security.SMACK64TRANSMUTE (disabled)
Mar 26 09:07:38 Rocky-Compute-2 kernel: evm: security.SMACK64MMAP (disabled)
Mar 26 09:07:38 Rocky-Compute-2 kernel: evm: security.apparmor (disabled)
Mar 26 09:07:38 Rocky-Compute-2 kernel: evm: security.ima
Mar 26 09:07:38 Rocky-Compute-2 kernel: evm: security.capability
Mar 26 09:07:38 Rocky-Compute-2 kernel: evm: HMAC attrs: 0x1
Mar 26 09:07:38 Rocky-Compute-2 kernel: Running certificate verification RSA selftest
Mar 26 09:07:38 Rocky-Compute-2 kernel: Loaded X.509 cert 'Certificate verification self-testing key: f58703bb33ce1b73ee02eccdee5b8817518fe3db'
Mar 26 09:07:38 Rocky-Compute-2 kernel: Running certificate verification ECDSA selftest
Mar 26 09:07:38 Rocky-Compute-2 kernel: usb 1-1: new high-speed USB device number 2 using ehci-pci
Mar 26 09:07:38 Rocky-Compute-2 kernel: usb 2-14: new high-speed USB device number 2 using xhci_hcd
Mar 26 09:07:38 Rocky-Compute-2 kernel: Loaded X.509 cert 'Certificate verification ECDSA self-testing key: 2900bcea1deb7bc8479a84a23d758efdfdd2b2d3'
Mar 26 09:07:38 Rocky-Compute-2 kernel: usb 4-1: new high-speed USB device number 2 using ehci-pci
Mar 26 09:07:38 Rocky-Compute-2 kernel: PM: hibernation: Checking hibernation image partition /dev/mapper/rl-swap
Mar 26 09:07:38 Rocky-Compute-2 kernel: clk: Disabling unused clocks
Mar 26 09:07:38 Rocky-Compute-2 kernel: Freeing unused decrypted memory: 2028K
Mar 26 09:07:38 Rocky-Compute-2 kernel: Freeing unused kernel image (initmem) memory: 4072K
Mar 26 09:07:38 Rocky-Compute-2 kernel: Write protecting the kernel read-only data: 30720k
Mar 26 09:07:38 Rocky-Compute-2 kernel: Freeing unused kernel image (rodata/data gap) memory: 332K
Mar 26 09:07:38 Rocky-Compute-2 kernel: x86/mm: Checked W+X mappings: passed, no W+X pages found.
Mar 26 09:07:38 Rocky-Compute-2 kernel: x86/mm: Checking user space page tables
Mar 26 09:07:38 Rocky-Compute-2 kernel: x86/mm: Checked W+X mappings: passed, no W+X pages found.
Mar 26 09:07:38 Rocky-Compute-2 kernel: tsc: Refined TSC clocksource calibration: 2199.998 MHz
Mar 26 09:07:38 Rocky-Compute-2 kernel: Run /init as init process
Mar 26 09:07:38 Rocky-Compute-2 kernel:   with arguments:
Mar 26 09:07:38 Rocky-Compute-2 kernel:     /init
Mar 26 09:07:38 Rocky-Compute-2 kernel:     rhgb
Mar 26 09:07:38 Rocky-Compute-2 kernel:   with environment:
Mar 26 09:07:38 Rocky-Compute-2 kernel:     HOME=/
Mar 26 09:07:38 Rocky-Compute-2 kernel:     TERM=linux
Mar 26 09:07:38 Rocky-Compute-2 kernel:     BOOT_IMAGE=(hd0,gpt2)/vmlinuz-5.14.0-611.16.1.el9_7.x86_64
Mar 26 09:07:38 Rocky-Compute-2 kernel: clocksource: tsc: mask: 0xffffffffffffffff max_cycles: 0x1fb63109b96, max_idle_ns: 440795265316 ns
Mar 26 09:07:38 Rocky-Compute-2 kernel: clocksource: Switched to clocksource tsc
Mar 26 09:07:38 Rocky-Compute-2 kernel: usb 2-14: New USB device found, idVendor=0000, idProduct=0001, bcdDevice= 0.00
Mar 26 09:07:38 Rocky-Compute-2 kernel: usb 2-14: New USB device strings: Mfr=0, Product=0, SerialNumber=0
Mar 26 09:07:38 Rocky-Compute-2 kernel: hub 2-14:1.0: USB hub found
Mar 26 09:07:38 Rocky-Compute-2 kernel: hub 2-14:1.0: 4 ports detected
Mar 26 09:07:38 Rocky-Compute-2 kernel: usb 1-1: New USB device found, idVendor=8087, idProduct=800a, bcdDevice= 0.05
Mar 26 09:07:38 Rocky-Compute-2 kernel: usb 1-1: New USB device strings: Mfr=0, Product=0, SerialNumber=0
Mar 26 09:07:38 Rocky-Compute-2 kernel: hub 1-1:1.0: USB hub found
Mar 26 09:07:38 Rocky-Compute-2 kernel: hub 1-1:1.0: 6 ports detected
Mar 26 09:07:38 Rocky-Compute-2 systemd[1]: systemd 252-55.el9_7.7.rocky.0.1 running in system mode (+PAM +AUDIT +SELINUX -APPARMOR +IMA +SMACK +SECCOMP +GCRYPT +GNUTLS +OPENSSL +ACL +BLKID +CURL +ELFUTILS +FIDO2 +IDN2 -IDN -IPTC +KMOD +LIBCRYPTSETUP +LIBFDISK +PCRE2 -PWQUALITY +P11KIT -QRENCODE +TPM2 +BZIP2 +LZ4 +XZ +ZLIB +ZSTD -BPF_FRAMEWORK +XKBCOMMON +UTMP +SYSVINIT default-hierarchy=unified)
Mar 26 09:07:38 Rocky-Compute-2 systemd[1]: Detected architecture x86-64.
Mar 26 09:07:38 Rocky-Compute-2 systemd[1]: Running in initrd.
Mar 26 09:07:38 Rocky-Compute-2 systemd[1]: Hostname set to <Rocky-Compute-2>.
Mar 26 09:07:38 Rocky-Compute-2 kernel: usb 4-1: New USB device found, idVendor=8087, idProduct=8002, bcdDevice= 0.05
Mar 26 09:07:38 Rocky-Compute-2 kernel: usb 4-1: New USB device strings: Mfr=0, Product=0, SerialNumber=0
Mar 26 09:07:38 Rocky-Compute-2 kernel: hub 4-1:1.0: USB hub found
Mar 26 09:07:38 Rocky-Compute-2 kernel: hub 4-1:1.0: 8 ports detected
Mar 26 09:07:38 Rocky-Compute-2 systemd[1]: Queued start job for default target Initrd Default Target.
Mar 26 09:07:38 Rocky-Compute-2 systemd[1]: Created slice Slice /system/rdma-load-modules.
Mar 26 09:07:38 Rocky-Compute-2 systemd[1]: Created slice Slice /system/systemd-hibernate-resume.
Mar 26 09:07:38 Rocky-Compute-2 systemd[1]: Reached target Initrd /usr File System.
Mar 26 09:07:38 Rocky-Compute-2 systemd[1]: Reached target Slice Units.
Mar 26 09:07:38 Rocky-Compute-2 systemd[1]: Reached target Swaps.
Mar 26 09:07:38 Rocky-Compute-2 systemd[1]: Reached target Timer Units.
Mar 26 09:07:38 Rocky-Compute-2 systemd[1]: Listening on D-Bus System Message Bus Socket.
Mar 26 09:07:38 Rocky-Compute-2 systemd[1]: Listening on Journal Socket (/dev/log).
Mar 26 09:07:38 Rocky-Compute-2 systemd[1]: Listening on Journal Socket.
Mar 26 09:07:38 Rocky-Compute-2 systemd[1]: Listening on udev Control Socket.
Mar 26 09:07:38 Rocky-Compute-2 systemd[1]: Listening on udev Kernel Socket.
Mar 26 09:07:38 Rocky-Compute-2 systemd[1]: Reached target Socket Units.
Mar 26 09:07:38 Rocky-Compute-2 systemd[1]: Starting Create List of Static Device Nodes...
Mar 26 09:07:38 Rocky-Compute-2 systemd[1]: Starting Load RDMA modules from /etc/rdma/modules/infiniband.conf...
Mar 26 09:07:38 Rocky-Compute-2 systemd[1]: Starting Load RDMA modules from /etc/rdma/modules/rdma.conf...
Mar 26 09:07:38 Rocky-Compute-2 systemd[1]: Starting Load RDMA modules from /etc/rdma/modules/roce.conf...
Mar 26 09:07:38 Rocky-Compute-2 systemd[1]: Starting Journal Service...
Mar 26 09:07:38 Rocky-Compute-2 systemd[1]: Starting Load Kernel Modules...
Mar 26 09:07:38 Rocky-Compute-2 systemd[1]: Starting Create System Users...
Mar 26 09:07:38 Rocky-Compute-2 systemd[1]: Starting Setup Virtual Console...
Mar 26 09:07:38 Rocky-Compute-2 systemd[1]: Finished Create List of Static Device Nodes.
Mar 26 09:07:38 Rocky-Compute-2 systemd[1]: Finished Load RDMA modules from /etc/rdma/modules/roce.conf.
Mar 26 09:07:38 Rocky-Compute-2 systemd[1]: Finished Create System Users.
Mar 26 09:07:38 Rocky-Compute-2 systemd[1]: Starting Create Static Device Nodes in /dev...
Mar 26 09:07:38 Rocky-Compute-2 systemd[1]: Finished Create Static Device Nodes in /dev.
Mar 26 09:07:38 Rocky-Compute-2 kernel: fuse: init (API version 7.37)
Mar 26 09:07:38 Rocky-Compute-2 systemd-journald[607]: Journal started
░░ Subject: The journal has been started
░░ Defined-By: systemd
░░ Support: https://wiki.rockylinux.org/rocky/support
░░ 
░░ The system journal process has started up, opened the journal
░░ files for writing and is now ready to process requests.
Mar 26 09:07:38 Rocky-Compute-2 systemd-journald[607]: Runtime Journal (/run/log/journal/0f2f96b3e027454283f1143d0dc05372) is 8.0M, max 1.2G, 1.2G free.
░░ Subject: Disk space used by the journal
░░ Defined-By: systemd
░░ Support: https://wiki.rockylinux.org/rocky/support
░░ 
░░ Runtime Journal (/run/log/journal/0f2f96b3e027454283f1143d0dc05372) is currently using 8.0M.
░░ Maximum allowed usage is set to 1.2G.
░░ Leaving at least 637.6M free (of currently available 12.4G of disk space).
░░ Enforced usage limit is thus 1.2G, of which 1.2G are still available.
░░ 
░░ The limits controlling how much disk space is used by the journal may
░░ be configured with SystemMaxUse=, SystemKeepFree=, SystemMaxFileSize=,
░░ RuntimeMaxUse=, RuntimeKeepFree=, RuntimeMaxFileSize= settings in
░░ /etc/systemd/journald.conf. See journald.conf(5) for details.
Mar 26 09:07:37 Rocky-Compute-2 systemd-sysusers[611]: Creating group 'nobody' with GID 65534.
Mar 26 09:07:37 Rocky-Compute-2 systemd-sysusers[611]: Creating group 'users' with GID 100.
Mar 26 09:07:37 Rocky-Compute-2 systemd-sysusers[611]: Creating group 'dbus' with GID 81.
Mar 26 09:07:37 Rocky-Compute-2 systemd-sysusers[611]: Creating user 'dbus' (System Message Bus) with UID 81 and GID 81.
Mar 26 09:07:38 Rocky-Compute-2 systemd-modules-load[609]: Inserted module 'fuse'
Mar 26 09:07:38 Rocky-Compute-2 systemd[1]: Started Journal Service.
Mar 26 09:07:38 Rocky-Compute-2 systemd-modules-load[609]: Module 'msr' is built in
Mar 26 09:07:38 Rocky-Compute-2 systemd-modules-load[609]: Inserted module 'ib_ipoib'
Mar 26 09:07:38 Rocky-Compute-2 systemd-modules-load[601]: Inserted module 'ib_ipoib'
Mar 26 09:07:38 Rocky-Compute-2 systemd-modules-load[601]: Inserted module 'ib_umad'
Mar 26 09:07:38 Rocky-Compute-2 systemd-modules-load[609]: Inserted module 'rdma_cm'
Mar 26 09:07:38 Rocky-Compute-2 systemd[1]: Starting Create Volatile Files and Directories...
░░ Subject: A start job for unit systemd-tmpfiles-setup.service has begun execution
░░ Defined-By: systemd
░░ Support: https://wiki.rockylinux.org/rocky/support
░░ 
░░ A start job for unit systemd-tmpfiles-setup.service has begun execution.
░░ 
░░ The job identifier is 25.
Mar 26 09:07:38 Rocky-Compute-2 systemd[1]: Finished Load RDMA modules from /etc/rdma/modules/infiniband.conf.
░░ Subject: A start job for unit rdma-load-modules@infiniband.service has finished successfully
░░ Defined-By: systemd
░░ Support: https://wiki.rockylinux.org/rocky/support
░░ 
░░ A start job for unit rdma-load-modules@infiniband.service has finished successfully.
░░ 
░░ The job identifier is 38.
Mar 26 09:07:38 Rocky-Compute-2 systemd[1]: Finished Setup Virtual Console.
░░ Subject: A start job for unit systemd-vconsole-setup.service has finished successfully
░░ Defined-By: systemd
░░ Support: https://wiki.rockylinux.org/rocky/support
░░ 
░░ A start job for unit systemd-vconsole-setup.service has finished successfully.
░░ 
░░ The job identifier is 12.
Mar 26 09:07:38 Rocky-Compute-2 systemd[1]: dracut ask for additional cmdline parameters was skipped because no trigger condition checks were met.
░░ Subject: A start job for unit dracut-cmdline-ask.service has finished successfully
░░ Defined-By: systemd
░░ Support: https://wiki.rockylinux.org/rocky/support
░░ 
░░ A start job for unit dracut-cmdline-ask.service has finished successfully.
░░ 
░░ The job identifier is 55.
Mar 26 09:07:38 Rocky-Compute-2 systemd[1]: Starting dracut cmdline hook...
░░ Subject: A start job for unit dracut-cmdline.service has begun execution
░░ Defined-By: systemd
░░ Support: https://wiki.rockylinux.org/rocky/support
░░ 
░░ A start job for unit dracut-cmdline.service has begun execution.
░░ 
░░ The job identifier is 49.
Mar 26 09:07:38 Rocky-Compute-2 kernel: Loading iSCSI transport class v2.0-870.
Mar 26 09:07:38 Rocky-Compute-2 dracut-cmdline[638]: dracut-9.7 (Blue Onyx) dracut-057-104.git20250919.el9_7
Mar 26 09:07:38 Rocky-Compute-2 dracut-cmdline[638]: Using kernel command line parameters:    BOOT_IMAGE=(hd0,gpt2)/vmlinuz-5.14.0-611.16.1.el9_7.x86_64 root=/dev/mapper/rl-root ro crashkernel=1G-2G:192M,2G-64G:256M,64G-:512M resume=/dev/mapper/rl-swap rd.lvm.lv=rl/root rd.lvm.lv=rl/swap rhgb quiet
Mar 26 09:07:38 Rocky-Compute-2 systemd-modules-load[603]: Inserted module 'ib_iser'
Mar 26 09:07:38 Rocky-Compute-2 kernel: iscsi: registered transport (iser)
Mar 26 09:07:38 Rocky-Compute-2 systemd[1]: Finished Create Volatile Files and Directories.
░░ Subject: A start job for unit systemd-tmpfiles-setup.service has finished successfully
░░ Defined-By: systemd
░░ Support: https://wiki.rockylinux.org/rocky/support
░░ 
░░ A start job for unit systemd-tmpfiles-setup.service has finished successfully.
░░ 
░░ The job identifier is 25.
Mar 26 09:07:38 Rocky-Compute-2 kernel: Rounding down aligned max_sectors from 4294967295 to 4294967288
Mar 26 09:07:38 Rocky-Compute-2 kernel: db_root: cannot open: /etc/target
Mar 26 09:07:38 Rocky-Compute-2 systemd[1]: Finished dracut cmdline hook.
░░ Subject: A start job for unit dracut-cmdline.service has finished successfully
░░ Defined-By: systemd
░░ Support: https://wiki.rockylinux.org/rocky/support
░░ 
░░ A start job for unit dracut-cmdline.service has finished successfully.
░░ 
░░ The job identifier is 49.
Mar 26 09:07:38 Rocky-Compute-2 kernel: usb 2-14.1: new low-speed USB device number 3 using xhci_hcd
Mar 26 09:07:38 Rocky-Compute-2 systemd-modules-load[603]: Inserted module 'ib_isert'
Mar 26 09:07:38 Rocky-Compute-2 systemd-modules-load[603]: Inserted module 'ib_srpt'
Mar 26 09:07:38 Rocky-Compute-2 systemd[1]: Starting dracut pre-udev hook...
░░ Subject: A start job for unit dracut-pre-udev.service has begun execution
░░ Defined-By: systemd
░░ Support: https://wiki.rockylinux.org/rocky/support
░░ 
░░ A start job for unit dracut-pre-udev.service has begun execution.
░░ 
░░ The job identifier is 48.
Mar 26 09:07:38 Rocky-Compute-2 systemd-modules-load[603]: Inserted module 'ib_uverbs'
Mar 26 09:07:38 Rocky-Compute-2 systemd-modules-load[603]: Inserted module 'rdma_ucm'
Mar 26 09:07:38 Rocky-Compute-2 kernel: device-mapper: core: CONFIG_IMA_DISABLE_HTABLE is disabled. Duplicate IMA measurements will not be recorded in the IMA log.
Mar 26 09:07:38 Rocky-Compute-2 kernel: device-mapper: uevent: version 1.0.3
Mar 26 09:07:38 Rocky-Compute-2 kernel: device-mapper: ioctl: 4.50.0-ioctl (2025-04-28) initialised: dm-devel@lists.linux.dev
Mar 26 09:07:38 Rocky-Compute-2 systemd[1]: Finished dracut pre-udev hook.
░░ Subject: A start job for unit dracut-pre-udev.service has finished successfully
░░ Defined-By: systemd
░░ Support: https://wiki.rockylinux.org/rocky/support
░░ 
░░ A start job for unit dracut-pre-udev.service has finished successfully.
░░ 
░░ The job identifier is 48.
Mar 26 09:07:38 Rocky-Compute-2 systemd[1]: Starting Rule-based Manager for Device Events and Files...
░░ Subject: A start job for unit systemd-udevd.service has begun execution
░░ Defined-By: systemd
░░ Support: https://wiki.rockylinux.org/rocky/support
░░ 
░░ A start job for unit systemd-udevd.service has begun execution.
░░ 
░░ The job identifier is 19.
Mar 26 09:07:38 Rocky-Compute-2 systemd-udevd[764]: Using default interface naming scheme 'rhel-9.0'.
Mar 26 09:07:38 Rocky-Compute-2 kernel: usb 2-14.1: New USB device found, idVendor=0557, idProduct=2419, bcdDevice= 1.00
Mar 26 09:07:38 Rocky-Compute-2 kernel: usb 2-14.1: New USB device strings: Mfr=0, Product=0, SerialNumber=0
Mar 26 09:07:38 Rocky-Compute-2 kernel: input: HID 0557:2419 as /devices/pci0000:00/0000:00:14.0/usb2/2-14/2-14.1/2-14.1:1.0/0003:0557:2419.0001/input/input2
Mar 26 09:07:38 Rocky-Compute-2 systemd[1]: Started Rule-based Manager for Device Events and Files.
░░ Subject: A start job for unit systemd-udevd.service has finished successfully
░░ Defined-By: systemd
░░ Support: https://wiki.rockylinux.org/rocky/support
░░ 
░░ A start job for unit systemd-udevd.service has finished successfully.
░░ 
░░ The job identifier is 19.
Mar 26 09:07:38 Rocky-Compute-2 systemd[1]: dracut pre-trigger hook was skipped because no trigger condition checks were met.
░░ Subject: A start job for unit dracut-pre-trigger.service has finished successfully
░░ Defined-By: systemd
░░ Support: https://wiki.rockylinux.org/rocky/support
░░ 
░░ A start job for unit dracut-pre-trigger.service has finished successfully.
░░ 
░░ The job identifier is 65.
Mar 26 09:07:38 Rocky-Compute-2 systemd[1]: Starting Coldplug All udev Devices...
░░ Subject: A start job for unit systemd-udev-trigger.service has begun execution
░░ Defined-By: systemd
░░ Support: https://wiki.rockylinux.org/rocky/support
░░ 
░░ A start job for unit systemd-udev-trigger.service has begun execution.
░░ 
░░ The job identifier is 18.
Mar 26 09:07:38 Rocky-Compute-2 kernel: hid-generic 0003:0557:2419.0001: input,hidraw0: USB HID v1.00 Keyboard [HID 0557:2419] on usb-0000:00:14.0-14.1/input0
Mar 26 09:07:38 Rocky-Compute-2 kernel: input: HID 0557:2419 as /devices/pci0000:00/0000:00:14.0/usb2/2-14/2-14.1/2-14.1:1.1/0003:0557:2419.0002/input/input3
Mar 26 09:07:38 Rocky-Compute-2 kernel: hid-generic 0003:0557:2419.0002: input,hidraw1: USB HID v1.00 Mouse [HID 0557:2419] on usb-0000:00:14.0-14.1/input1
Mar 26 09:07:38 Rocky-Compute-2 systemd[1]: sys-module-fuse.device: Failed to enqueue SYSTEMD_WANTS= job, ignoring: Unit sys-fs-fuse-connections.mount not found.
Mar 26 09:07:38 Rocky-Compute-2 systemd[1]: Created slice Slice /system/modprobe.
░░ Subject: A start job for unit system-modprobe.slice has finished successfully
░░ Defined-By: systemd
░░ Support: https://wiki.rockylinux.org/rocky/support
░░ 
░░ A start job for unit system-modprobe.slice has finished successfully.
░░ 
░░ The job identifier is 68.
Mar 26 09:07:38 Rocky-Compute-2 systemd[1]: Starting Load Kernel Module configfs...
░░ Subject: A start job for unit modprobe@configfs.service has begun execution
░░ Defined-By: systemd
░░ Support: https://wiki.rockylinux.org/rocky/support
░░ 
░░ A start job for unit modprobe@configfs.service has begun execution.
░░ 
░░ The job identifier is 67.
Mar 26 09:07:38 Rocky-Compute-2 systemd[1]: modprobe@configfs.service: Deactivated successfully.
░░ Subject: Unit succeeded
░░ Defined-By: systemd
░░ Support: https://wiki.rockylinux.org/rocky/support
░░ 
░░ The unit modprobe@configfs.service has successfully entered the 'dead' state.
Mar 26 09:07:38 Rocky-Compute-2 systemd[1]: Finished Load Kernel Module configfs.
░░ Subject: A start job for unit modprobe@configfs.service has finished successfully
░░ Defined-By: systemd
░░ Support: https://wiki.rockylinux.org/rocky/support
░░ 
░░ A start job for unit modprobe@configfs.service has finished successfully.
░░ 
░░ The job identifier is 67.
Mar 26 09:07:38 Rocky-Compute-2 systemd[1]: Finished Coldplug All udev Devices.
░░ Subject: A start job for unit systemd-udev-trigger.service has finished successfully
░░ Defined-By: systemd
░░ Support: https://wiki.rockylinux.org/rocky/support
░░ 
░░ A start job for unit systemd-udev-trigger.service has finished successfully.
░░ 
░░ The job identifier is 18.
Mar 26 09:07:38 Rocky-Compute-2 systemd[1]: nm-initrd.service was skipped because of an unmet condition check (ConditionPathExists=/run/NetworkManager/initrd/neednet).
░░ Subject: A start job for unit nm-initrd.service has finished successfully
░░ Defined-By: systemd
░░ Support: https://wiki.rockylinux.org/rocky/support
░░ 
░░ A start job for unit nm-initrd.service has finished successfully.
░░ 
░░ The job identifier is 61.
Mar 26 09:07:38 Rocky-Compute-2 systemd[1]: nm-wait-online-initrd.service was skipped because of an unmet condition check (ConditionPathExists=/run/NetworkManager/initrd/neednet).
░░ Subject: A start job for unit nm-wait-online-initrd.service has finished successfully
░░ Defined-By: systemd
░░ Support: https://wiki.rockylinux.org/rocky/support
░░ 
░░ A start job for unit nm-wait-online-initrd.service has finished successfully.
░░ 
░░ The job identifier is 60.
Mar 26 09:07:38 Rocky-Compute-2 systemd[1]: Starting dracut initqueue hook...
░░ Subject: A start job for unit dracut-initqueue.service has begun execution
░░ Defined-By: systemd
░░ Support: https://wiki.rockylinux.org/rocky/support
░░ 
░░ A start job for unit dracut-initqueue.service has begun execution.
░░ 
░░ The job identifier is 57.
Mar 26 09:07:38 Rocky-Compute-2 systemd[1]: Starting Show Plymouth Boot Screen...
░░ Subject: A start job for unit plymouth-start.service has begun execution
░░ Defined-By: systemd
░░ Support: https://wiki.rockylinux.org/rocky/support
░░ 
░░ A start job for unit plymouth-start.service has begun execution.
░░ 
░░ The job identifier is 11.
Mar 26 09:07:38 Rocky-Compute-2 systemd[1]: Received SIGRTMIN+20 from PID 810 (plymouthd).
Mar 26 09:07:38 Rocky-Compute-2 systemd[1]: Started Show Plymouth Boot Screen.
░░ Subject: A start job for unit plymouth-start.service has finished successfully
░░ Defined-By: systemd
░░ Support: https://wiki.rockylinux.org/rocky/support
░░ 
░░ A start job for unit plymouth-start.service has finished successfully.
░░ 
░░ The job identifier is 11.
Mar 26 09:07:38 Rocky-Compute-2 systemd[1]: Dispatch Password Requests to Console Directory Watch was skipped because of an unmet condition check (ConditionPathExists=!/run/plymouth/pid).
░░ Subject: A start job for unit systemd-ask-password-console.path has finished successfully
░░ Defined-By: systemd
░░ Support: https://wiki.rockylinux.org/rocky/support
░░ 
░░ A start job for unit systemd-ask-password-console.path has finished successfully.
░░ 
░░ The job identifier is 26.
Mar 26 09:07:38 Rocky-Compute-2 systemd[1]: Started Forward Password Requests to Plymouth Directory Watch.
░░ Subject: A start job for unit systemd-ask-password-plymouth.path has finished successfully
░░ Defined-By: systemd
░░ Support: https://wiki.rockylinux.org/rocky/support
░░ 
░░ A start job for unit systemd-ask-password-plymouth.path has finished successfully.
░░ 
░░ The job identifier is 13.
Mar 26 09:07:38 Rocky-Compute-2 systemd[1]: Reached target Path Units.
░░ Subject: A start job for unit paths.target has finished successfully
░░ Defined-By: systemd
░░ Support: https://wiki.rockylinux.org/rocky/support
░░ 
░░ A start job for unit paths.target has finished successfully.
░░ 
░░ The job identifier is 37.
Mar 26 09:07:38 Rocky-Compute-2 kernel: mlx5_core 0000:02:00.0: firmware version: 16.35.4030
Mar 26 09:07:38 Rocky-Compute-2 kernel: mlx5_core 0000:02:00.0: 126.016 Gb/s available PCIe bandwidth (8.0 GT/s PCIe x16 link)
Mar 26 09:07:38 Rocky-Compute-2 kernel: libata version 3.00 loaded.
Mar 26 09:07:38 Rocky-Compute-2 kernel: RPC: Registered named UNIX socket transport module.
Mar 26 09:07:38 Rocky-Compute-2 kernel: RPC: Registered udp transport module.
Mar 26 09:07:38 Rocky-Compute-2 kernel: RPC: Registered tcp transport module.
Mar 26 09:07:38 Rocky-Compute-2 kernel: RPC: Registered tcp-with-tls transport module.
Mar 26 09:07:38 Rocky-Compute-2 kernel: RPC: Registered tcp NFSv4.1 backchannel transport module.
Mar 26 09:07:38 Rocky-Compute-2 kernel: ACPI: bus type drm_connector registered
Mar 26 09:07:38 Rocky-Compute-2 kernel: dca service started, version 1.12.1
Mar 26 09:07:38 Rocky-Compute-2 kernel: ahci 0000:00:11.4: version 3.0
Mar 26 09:07:38 Rocky-Compute-2 kernel: ahci 0000:00:11.4: AHCI vers 0001.0300, 32 command slots, 6 Gbps, SATA mode
Mar 26 09:07:38 Rocky-Compute-2 kernel: ahci 0000:00:11.4: 4/4 ports implemented (port mask 0xf)
Mar 26 09:07:38 Rocky-Compute-2 kernel: ahci 0000:00:11.4: flags: 64bit ncq led clo pio slum part ems apst 
Mar 26 09:07:38 Rocky-Compute-2 kernel: scsi host0: ahci
Mar 26 09:07:38 Rocky-Compute-2 kernel: scsi host1: ahci
Mar 26 09:07:38 Rocky-Compute-2 kernel: scsi host2: ahci
Mar 26 09:07:38 Rocky-Compute-2 kernel: scsi host3: ahci
Mar 26 09:07:38 Rocky-Compute-2 kernel: ata1: SATA max UDMA/133 abar m2048@0xc7338000 port 0xc7338100 irq 42 lpm-pol 0
Mar 26 09:07:38 Rocky-Compute-2 kernel: ata2: SATA max UDMA/133 abar m2048@0xc7338000 port 0xc7338180 irq 42 lpm-pol 0
Mar 26 09:07:38 Rocky-Compute-2 kernel: ata3: SATA max UDMA/133 abar m2048@0xc7338000 port 0xc7338200 irq 42 lpm-pol 0
Mar 26 09:07:38 Rocky-Compute-2 kernel: ata4: SATA max UDMA/133 abar m2048@0xc7338000 port 0xc7338280 irq 42 lpm-pol 0
Mar 26 09:07:38 Rocky-Compute-2 kernel: ahci 0000:00:1f.2: AHCI vers 0001.0300, 32 command slots, 6 Gbps, SATA mode
Mar 26 09:07:38 Rocky-Compute-2 kernel: ahci 0000:00:1f.2: 6/6 ports implemented (port mask 0x3f)
Mar 26 09:07:38 Rocky-Compute-2 kernel: ahci 0000:00:1f.2: flags: 64bit ncq led clo pio slum part ems apst 
Mar 26 09:07:38 Rocky-Compute-2 kernel: igb: Intel(R) Gigabit Ethernet Network Driver
Mar 26 09:07:38 Rocky-Compute-2 kernel: igb: Copyright (c) 2007-2014 Intel Corporation.
Mar 26 09:07:38 Rocky-Compute-2 kernel: scsi host4: ahci
Mar 26 09:07:38 Rocky-Compute-2 kernel: scsi host5: ahci
Mar 26 09:07:38 Rocky-Compute-2 kernel: scsi host6: ahci
Mar 26 09:07:38 Rocky-Compute-2 kernel: scsi host7: ahci
Mar 26 09:07:38 Rocky-Compute-2 kernel: scsi host8: ahci
Mar 26 09:07:38 Rocky-Compute-2 kernel: scsi host9: ahci
Mar 26 09:07:38 Rocky-Compute-2 kernel: ata5: SATA max UDMA/133 abar m2048@0xc7332000 port 0xc7332100 irq 43 lpm-pol 0
Mar 26 09:07:38 Rocky-Compute-2 kernel: ata6: SATA max UDMA/133 abar m2048@0xc7332000 port 0xc7332180 irq 43 lpm-pol 0
Mar 26 09:07:38 Rocky-Compute-2 kernel: ata7: SATA max UDMA/133 abar m2048@0xc7332000 port 0xc7332200 irq 43 lpm-pol 0
Mar 26 09:07:38 Rocky-Compute-2 kernel: ata8: SATA max UDMA/133 abar m2048@0xc7332000 port 0xc7332280 irq 43 lpm-pol 0
Mar 26 09:07:38 Rocky-Compute-2 kernel: ata9: SATA max UDMA/133 abar m2048@0xc7332000 port 0xc7332300 irq 43 lpm-pol 0
Mar 26 09:07:38 Rocky-Compute-2 kernel: ata10: SATA max UDMA/133 abar m2048@0xc7332000 port 0xc7332380 irq 43 lpm-pol 0
Mar 26 09:07:38 Rocky-Compute-2 kernel: RPC: Registered rdma transport module.
Mar 26 09:07:38 Rocky-Compute-2 kernel: RPC: Registered rdma backchannel transport module.
Mar 26 09:07:38 Rocky-Compute-2 kernel: igb 0000:01:00.0: added PHC on eth0
Mar 26 09:07:38 Rocky-Compute-2 kernel: igb 0000:01:00.0: Intel(R) Gigabit Ethernet Network Connection
Mar 26 09:07:38 Rocky-Compute-2 kernel: igb 0000:01:00.0: eth0: (PCIe:5.0Gb/s:Width x4) ac:1f:6b:23:bc:30
Mar 26 09:07:38 Rocky-Compute-2 kernel: igb 0000:01:00.0: eth0: PBA No: 060000-000
Mar 26 09:07:38 Rocky-Compute-2 kernel: igb 0000:01:00.0: Using MSI-X interrupts. 8 rx queue(s), 8 tx queue(s)
Mar 26 09:07:38 Rocky-Compute-2 kernel: igb 0000:01:00.1: added PHC on eth1
Mar 26 09:07:38 Rocky-Compute-2 kernel: igb 0000:01:00.1: Intel(R) Gigabit Ethernet Network Connection
Mar 26 09:07:38 Rocky-Compute-2 kernel: igb 0000:01:00.1: eth1: (PCIe:5.0Gb/s:Width x4) ac:1f:6b:23:bc:31
Mar 26 09:07:38 Rocky-Compute-2 kernel: igb 0000:01:00.1: eth1: PBA No: 060000-000
Mar 26 09:07:38 Rocky-Compute-2 kernel: igb 0000:01:00.1: Using MSI-X interrupts. 8 rx queue(s), 8 tx queue(s)
Mar 26 09:07:38 Rocky-Compute-2 kernel: mlx5_core 0000:02:00.0: Flow counters bulk query buffer size increased, bulk_query_len(8)
Mar 26 09:07:38 Rocky-Compute-2 kernel: mlx5_core 0000:02:00.0: Port module event: module 0, Cable plugged
Mar 26 09:07:38 Rocky-Compute-2 kernel: mlx5_core 0000:02:00.0: mlx5_pcie_event:331:(pid 12): PCIe slot advertised sufficient power (27W).
Mar 26 09:07:38 Rocky-Compute-2 kernel: ata2: SATA link down (SStatus 0 SControl 300)
Mar 26 09:07:38 Rocky-Compute-2 kernel: ata1: SATA link down (SStatus 0 SControl 300)
Mar 26 09:07:38 Rocky-Compute-2 kernel: ata4: SATA link down (SStatus 0 SControl 300)
Mar 26 09:07:38 Rocky-Compute-2 kernel: ata3: SATA link down (SStatus 0 SControl 300)
Mar 26 09:07:38 Rocky-Compute-2 kernel: ata10: SATA link down (SStatus 0 SControl 300)
Mar 26 09:07:38 Rocky-Compute-2 kernel: ata5: SATA link up 6.0 Gbps (SStatus 133 SControl 300)
Mar 26 09:07:38 Rocky-Compute-2 kernel: ata6: SATA link up 6.0 Gbps (SStatus 133 SControl 300)
Mar 26 09:07:38 Rocky-Compute-2 kernel: ata7: SATA link up 6.0 Gbps (SStatus 133 SControl 300)
Mar 26 09:07:38 Rocky-Compute-2 kernel: ata8: SATA link down (SStatus 0 SControl 300)
Mar 26 09:07:38 Rocky-Compute-2 kernel: ata9: SATA link down (SStatus 0 SControl 300)
Mar 26 09:07:38 Rocky-Compute-2 kernel: ata5.00: ATA-11: SanDisk X600 2.5 7MM SATA 256GB, X6113012, max UDMA/133
Mar 26 09:07:38 Rocky-Compute-2 systemd[1]: Mounting Kernel Configuration File System...
░░ Subject: A start job for unit sys-kernel-config.mount has begun execution
░░ Defined-By: systemd
░░ Support: https://wiki.rockylinux.org/rocky/support
░░ 
░░ A start job for unit sys-kernel-config.mount has begun execution.
░░ 
░░ The job identifier is 66.
Mar 26 09:07:38 Rocky-Compute-2 kernel: ata5.00: 500118192 sectors, multi 1: LBA48 NCQ (depth 32), AA
Mar 26 09:07:38 Rocky-Compute-2 kernel: ata6.00: supports DRM functions and may not be fully accessible
Mar 26 09:07:38 Rocky-Compute-2 kernel: ata6.00: ATA-9: SAMSUNG MZ7TY256HDHP-000L7, MAT04L6Q, max UDMA/133
Mar 26 09:07:38 Rocky-Compute-2 kernel: ata6.00: 500118192 sectors, multi 1: LBA48 NCQ (depth 32), AA
Mar 26 09:07:38 Rocky-Compute-2 kernel: ata7.00: supports DRM functions and may not be fully accessible
Mar 26 09:07:38 Rocky-Compute-2 kernel: ata7.00: ATA-9: SAMSUNG MZ7TY256HDHP-000L7, MAT04L6Q, max UDMA/133
Mar 26 09:07:38 Rocky-Compute-2 systemd[1]: Mounted Kernel Configuration File System.
░░ Subject: A start job for unit sys-kernel-config.mount has finished successfully
░░ Defined-By: systemd
░░ Support: https://wiki.rockylinux.org/rocky/support
░░ 
░░ A start job for unit sys-kernel-config.mount has finished successfully.
░░ 
░░ The job identifier is 66.
Mar 26 09:07:38 Rocky-Compute-2 kernel: ata7.00: 500118192 sectors, multi 1: LBA48 NCQ (depth 32), AA
Mar 26 09:07:38 Rocky-Compute-2 kernel: ata5.00: Features: Dev-Sleep
Mar 26 09:07:38 Rocky-Compute-2 kernel: ata6.00: Features: Trust Dev-Sleep NCQ-sndrcv
Mar 26 09:07:38 Rocky-Compute-2 kernel: ata6.00: supports DRM functions and may not be fully accessible
Mar 26 09:07:38 Rocky-Compute-2 kernel: ata7.00: Features: Trust Dev-Sleep NCQ-sndrcv
Mar 26 09:07:38 Rocky-Compute-2 kernel: ata7.00: supports DRM functions and may not be fully accessible
Mar 26 09:07:38 Rocky-Compute-2 kernel: ata5.00: configured for UDMA/133
Mar 26 09:07:38 Rocky-Compute-2 kernel: ata6.00: configured for UDMA/133
Mar 26 09:07:38 Rocky-Compute-2 kernel: scsi 4:0:0:0: Direct-Access     ATA      SanDisk X600 2.5 3012 PQ: 0 ANSI: 5
Mar 26 09:07:38 Rocky-Compute-2 kernel: ata7.00: configured for UDMA/133
Mar 26 09:07:38 Rocky-Compute-2 kernel: scsi 5:0:0:0: Direct-Access     ATA      SAMSUNG MZ7TY256 4L6Q PQ: 0 ANSI: 5
Mar 26 09:07:38 Rocky-Compute-2 systemd-modules-load[603]: Inserted module 'rpcrdma'
Mar 26 09:07:38 Rocky-Compute-2 kernel: scsi 6:0:0:0: Direct-Access     ATA      SAMSUNG MZ7TY256 4L6Q PQ: 0 ANSI: 5
Mar 26 09:07:38 Rocky-Compute-2 systemd[1]: Finished Load RDMA modules from /etc/rdma/modules/rdma.conf.
░░ Subject: A start job for unit rdma-load-modules@rdma.service has finished successfully
░░ Defined-By: systemd
░░ Support: https://wiki.rockylinux.org/rocky/support
░░ 
░░ A start job for unit rdma-load-modules@rdma.service has finished successfully.
░░ 
░░ The job identifier is 41.
Mar 26 09:07:38 Rocky-Compute-2 systemd[1]: Reached target Preparation for Network.
░░ Subject: A start job for unit network-pre.target has finished successfully
░░ Defined-By: systemd
░░ Support: https://wiki.rockylinux.org/rocky/support
░░ 
░░ A start job for unit network-pre.target has finished successfully.
░░ 
░░ The job identifier is 40.
Mar 26 09:07:38 Rocky-Compute-2 systemd[1]: Reached target Network.
░░ Subject: A start job for unit network.target has finished successfully
░░ Defined-By: systemd
░░ Support: https://wiki.rockylinux.org/rocky/support
░░ 
░░ A start job for unit network.target has finished successfully.
░░ 
░░ The job identifier is 63.
Mar 26 09:07:38 Rocky-Compute-2 kernel: igb 0000:01:00.0 eno1: renamed from eth0
Mar 26 09:07:38 Rocky-Compute-2 kernel: MACsec IEEE 802.1AE
Mar 26 09:07:39 Rocky-Compute-2 kernel: scsi 4:0:0:0: Attached scsi generic sg0 type 0
Mar 26 09:07:39 Rocky-Compute-2 kernel: scsi 5:0:0:0: Attached scsi generic sg1 type 0
Mar 26 09:07:39 Rocky-Compute-2 kernel: scsi 6:0:0:0: Attached scsi generic sg2 type 0
Mar 26 09:07:39 Rocky-Compute-2 kernel: Console: switching to colour dummy device 80x25
Mar 26 09:07:39 Rocky-Compute-2 kernel: ast 0000:07:00.0: vgaarb: deactivate vga console
Mar 26 09:07:39 Rocky-Compute-2 kernel: ast 0000:07:00.0: Using default configuration
Mar 26 09:07:39 Rocky-Compute-2 kernel: ast 0000:07:00.0: AST 2400 detected
Mar 26 09:07:39 Rocky-Compute-2 kernel: ast 0000:07:00.0: [drm] dram MCLK=396 Mhz type=1 bus_width=16
Mar 26 09:07:39 Rocky-Compute-2 kernel: ast 0000:07:00.0: [drm] Using analog VGA
Mar 26 09:07:39 Rocky-Compute-2 kernel: [drm] Initialized ast 0.1.0 for 0000:07:00.0 on minor 0
Mar 26 09:07:39 Rocky-Compute-2 kernel: sd 5:0:0:0: [sdb] 500118192 512-byte logical blocks: (256 GB/238 GiB)
Mar 26 09:07:39 Rocky-Compute-2 kernel: sd 4:0:0:0: [sdc] 500118192 512-byte logical blocks: (256 GB/238 GiB)
Mar 26 09:07:39 Rocky-Compute-2 kernel: sd 6:0:0:0: [sda] 500118192 512-byte logical blocks: (256 GB/238 GiB)
Mar 26 09:07:39 Rocky-Compute-2 kernel: sd 5:0:0:0: [sdb] Write Protect is off
Mar 26 09:07:39 Rocky-Compute-2 kernel: sd 4:0:0:0: [sdc] Write Protect is off
Mar 26 09:07:39 Rocky-Compute-2 kernel: sd 5:0:0:0: [sdb] Mode Sense: 00 3a 00 00
Mar 26 09:07:39 Rocky-Compute-2 kernel: sd 6:0:0:0: [sda] Write Protect is off
Mar 26 09:07:39 Rocky-Compute-2 kernel: sd 6:0:0:0: [sda] Mode Sense: 00 3a 00 00
Mar 26 09:07:39 Rocky-Compute-2 kernel: sd 4:0:0:0: [sdc] Mode Sense: 00 3a 00 00
Mar 26 09:07:39 Rocky-Compute-2 kernel: sd 5:0:0:0: [sdb] Write cache: enabled, read cache: enabled, doesn't support DPO or FUA
Mar 26 09:07:39 Rocky-Compute-2 kernel: sd 4:0:0:0: [sdc] Write cache: enabled, read cache: enabled, doesn't support DPO or FUA
Mar 26 09:07:39 Rocky-Compute-2 kernel: sd 6:0:0:0: [sda] Write cache: enabled, read cache: enabled, doesn't support DPO or FUA
Mar 26 09:07:39 Rocky-Compute-2 kernel: sd 4:0:0:0: [sdc] Preferred minimum I/O size 512 bytes
Mar 26 09:07:39 Rocky-Compute-2 kernel: sd 5:0:0:0: [sdb] Preferred minimum I/O size 512 bytes
Mar 26 09:07:39 Rocky-Compute-2 kernel: igb 0000:01:00.1 eno2: renamed from eth1
Mar 26 09:07:39 Rocky-Compute-2 kernel: sd 6:0:0:0: [sda] Preferred minimum I/O size 512 bytes
Mar 26 09:07:39 Rocky-Compute-2 kernel: fbcon: astdrmfb (fb0) is primary device
Mar 26 09:07:39 Rocky-Compute-2 kernel: sd 5:0:0:0: [sdb] supports TCG Opal
Mar 26 09:07:39 Rocky-Compute-2 kernel: sd 5:0:0:0: [sdb] Attached SCSI disk
Mar 26 09:07:39 Rocky-Compute-2 kernel:  sdc: sdc1 sdc2 sdc3
Mar 26 09:07:39 Rocky-Compute-2 kernel: sd 4:0:0:0: [sdc] Attached SCSI disk
Mar 26 09:07:39 Rocky-Compute-2 kernel: sd 6:0:0:0: [sda] supports TCG Opal
Mar 26 09:07:39 Rocky-Compute-2 kernel: sd 6:0:0:0: [sda] Attached SCSI disk
Mar 26 09:07:39 Rocky-Compute-2 kernel: Console: switching to colour frame buffer device 128x48
Mar 26 09:07:39 Rocky-Compute-2 kernel: ast 0000:07:00.0: [drm] fb0: astdrmfb frame buffer device
Mar 26 09:07:39 Rocky-Compute-2 systemd-modules-load[609]: Inserted module 'mlx5_ib'
Mar 26 09:07:39 Rocky-Compute-2 systemd-modules-load[609]: Failed to find module 'ko2iblnd'
Mar 26 09:07:39 Rocky-Compute-2 systemd-modules-load[609]: Failed to find module 'lustre'
Mar 26 09:07:39 Rocky-Compute-2 systemd-modules-load[609]: Failed to find module 'lnet'
Mar 26 09:07:39 Rocky-Compute-2 kernel: mlx5_core 0000:02:00.0 ibs1: renamed from ib0
Mar 26 09:07:39 Rocky-Compute-2 systemd[1]: Finished Load Kernel Modules.
░░ Subject: A start job for unit systemd-modules-load.service has finished successfully
░░ Defined-By: systemd
░░ Support: https://wiki.rockylinux.org/rocky/support
░░ 
░░ A start job for unit systemd-modules-load.service has finished successfully.
░░ 
░░ The job identifier is 24.
Mar 26 09:07:39 Rocky-Compute-2 systemd[1]: Starting Apply Kernel Variables...
░░ Subject: A start job for unit systemd-sysctl.service has begun execution
░░ Defined-By: systemd
░░ Support: https://wiki.rockylinux.org/rocky/support
░░ 
░░ A start job for unit systemd-sysctl.service has begun execution.
░░ 
░░ The job identifier is 16.
Mar 26 09:07:39 Rocky-Compute-2 systemd[1]: Reached target RDMA Hardware.
░░ Subject: A start job for unit rdma-hw.target has finished successfully
░░ Defined-By: systemd
░░ Support: https://wiki.rockylinux.org/rocky/support
░░ 
░░ A start job for unit rdma-hw.target has finished successfully.
░░ 
░░ The job identifier is 72.
Mar 26 09:07:39 Rocky-Compute-2 systemd[1]: Finished Apply Kernel Variables.
░░ Subject: A start job for unit systemd-sysctl.service has finished successfully
░░ Defined-By: systemd
░░ Support: https://wiki.rockylinux.org/rocky/support
░░ 
░░ A start job for unit systemd-sysctl.service has finished successfully.
░░ 
░░ The job identifier is 16.
Mar 26 09:07:39 Rocky-Compute-2 dracut-initqueue[1032]: Scanning devices sdc3  for LVM logical volumes rl/root
Mar 26 09:07:39 Rocky-Compute-2 dracut-initqueue[1032]: rl/swap
Mar 26 09:07:39 Rocky-Compute-2 dracut-initqueue[1032]:   rl/root linear
Mar 26 09:07:39 Rocky-Compute-2 dracut-initqueue[1032]:   rl/swap linear
Mar 26 09:07:39 Rocky-Compute-2 systemd[1]: Found device /dev/mapper/rl-root.
░░ Subject: A start job for unit dev-mapper-rl\x2droot.device has finished successfully
░░ Defined-By: systemd
░░ Support: https://wiki.rockylinux.org/rocky/support
░░ 
░░ A start job for unit dev-mapper-rl\x2droot.device has finished successfully.
░░ 
░░ The job identifier is 46.
Mar 26 09:07:39 Rocky-Compute-2 systemd[1]: Reached target Initrd Root Device.
░░ Subject: A start job for unit initrd-root-device.target has finished successfully
░░ Defined-By: systemd
░░ Support: https://wiki.rockylinux.org/rocky/support
░░ 
░░ A start job for unit initrd-root-device.target has finished successfully.
░░ 
░░ The job identifier is 64.
Mar 26 09:07:39 Rocky-Compute-2 systemd[1]: Found device /dev/mapper/rl-swap.
░░ Subject: A start job for unit dev-mapper-rl\x2dswap.device has finished successfully
░░ Defined-By: systemd
░░ Support: https://wiki.rockylinux.org/rocky/support
░░ 
░░ A start job for unit dev-mapper-rl\x2dswap.device has finished successfully.
░░ 
░░ The job identifier is 9.
Mar 26 09:07:39 Rocky-Compute-2 systemd[1]: Starting Resume from hibernation using device /dev/mapper/rl-swap...
░░ Subject: A start job for unit systemd-hibernate-resume@dev-mapper-rl\x2dswap.service has begun execution
░░ Defined-By: systemd
░░ Support: https://wiki.rockylinux.org/rocky/support
░░ 
░░ A start job for unit systemd-hibernate-resume@dev-mapper-rl\x2dswap.service has begun execution.
░░ 
░░ The job identifier is 4.
Mar 26 09:07:39 Rocky-Compute-2 systemd-hibernate-resume[1068]: Could not resume from '/dev/mapper/rl-swap' (253:1).
Mar 26 09:07:39 Rocky-Compute-2 kernel: PM: hibernation: Configured hibernation resume from disk to 265289729
Mar 26 09:07:39 Rocky-Compute-2 kernel: PM: hibernation: Hibernation image partition 253:1 present
Mar 26 09:07:39 Rocky-Compute-2 kernel: PM: hibernation: Looking for hibernation image.
Mar 26 09:07:39 Rocky-Compute-2 kernel: PM: Image not found (code -22)
Mar 26 09:07:39 Rocky-Compute-2 kernel: PM: hibernation: Hibernation image not present or could not be loaded.
Mar 26 09:07:39 Rocky-Compute-2 systemd[1]: systemd-hibernate-resume@dev-mapper-rl\x2dswap.service: Deactivated successfully.
░░ Subject: Unit succeeded
░░ Defined-By: systemd
░░ Support: https://wiki.rockylinux.org/rocky/support
░░ 
░░ The unit systemd-hibernate-resume@dev-mapper-rl\x2dswap.service has successfully entered the 'dead' state.
Mar 26 09:07:39 Rocky-Compute-2 systemd[1]: Finished Resume from hibernation using device /dev/mapper/rl-swap.
░░ Subject: A start job for unit systemd-hibernate-resume@dev-mapper-rl\x2dswap.service has finished successfully
░░ Defined-By: systemd
░░ Support: https://wiki.rockylinux.org/rocky/support
░░ 
░░ A start job for unit systemd-hibernate-resume@dev-mapper-rl\x2dswap.service has finished successfully.
░░ 
░░ The job identifier is 4.
Mar 26 09:07:39 Rocky-Compute-2 systemd[1]: Reached target Preparation for Local File Systems.
░░ Subject: A start job for unit local-fs-pre.target has finished successfully
░░ Defined-By: systemd
░░ Support: https://wiki.rockylinux.org/rocky/support
░░ 
░░ A start job for unit local-fs-pre.target has finished successfully.
░░ 
░░ The job identifier is 10.
Mar 26 09:07:39 Rocky-Compute-2 systemd[1]: Reached target Local File Systems.
░░ Subject: A start job for unit local-fs.target has finished successfully
░░ Defined-By: systemd
░░ Support: https://wiki.rockylinux.org/rocky/support
░░ 
░░ A start job for unit local-fs.target has finished successfully.
░░ 
░░ The job identifier is 23.
Mar 26 09:07:39 Rocky-Compute-2 systemd[1]: Reached target System Initialization.
░░ Subject: A start job for unit sysinit.target has finished successfully
░░ Defined-By: systemd
░░ Support: https://wiki.rockylinux.org/rocky/support
░░ 
░░ A start job for unit sysinit.target has finished successfully.
░░ 
░░ The job identifier is 3.
Mar 26 09:07:39 Rocky-Compute-2 systemd[1]: Reached target Basic System.
░░ Subject: A start job for unit basic.target has finished successfully
░░ Defined-By: systemd
░░ Support: https://wiki.rockylinux.org/rocky/support
░░ 
░░ A start job for unit basic.target has finished successfully.
░░ 
░░ The job identifier is 2.
Mar 26 09:07:39 Rocky-Compute-2 systemd[1]: Finished dracut initqueue hook.
░░ Subject: A start job for unit dracut-initqueue.service has finished successfully
░░ Defined-By: systemd
░░ Support: https://wiki.rockylinux.org/rocky/support
░░ 
░░ A start job for unit dracut-initqueue.service has finished successfully.
░░ 
░░ The job identifier is 57.
Mar 26 09:07:39 Rocky-Compute-2 systemd[1]: Reached target Preparation for Remote File Systems.
░░ Subject: A start job for unit remote-fs-pre.target has finished successfully
░░ Defined-By: systemd
░░ Support: https://wiki.rockylinux.org/rocky/support
░░ 
░░ A start job for unit remote-fs-pre.target has finished successfully.
░░ 
░░ The job identifier is 58.
Mar 26 09:07:39 Rocky-Compute-2 systemd[1]: Reached target Remote File Systems.
░░ Subject: A start job for unit remote-fs.target has finished successfully
░░ Defined-By: systemd
░░ Support: https://wiki.rockylinux.org/rocky/support
░░ 
░░ A start job for unit remote-fs.target has finished successfully.
░░ 
░░ The job identifier is 54.
Mar 26 09:07:39 Rocky-Compute-2 systemd[1]: dracut pre-mount hook was skipped because no trigger condition checks were met.
░░ Subject: A start job for unit dracut-pre-mount.service has finished successfully
░░ Defined-By: systemd
░░ Support: https://wiki.rockylinux.org/rocky/support
░░ 
░░ A start job for unit dracut-pre-mount.service has finished successfully.
░░ 
░░ The job identifier is 56.
Mar 26 09:07:39 Rocky-Compute-2 systemd[1]: Starting File System Check on /dev/mapper/rl-root...
░░ Subject: A start job for unit systemd-fsck-root.service has begun execution
░░ Defined-By: systemd
░░ Support: https://wiki.rockylinux.org/rocky/support
░░ 
░░ A start job for unit systemd-fsck-root.service has begun execution.
░░ 
░░ The job identifier is 45.
Mar 26 09:07:39 Rocky-Compute-2 systemd-fsck[1079]: /usr/sbin/fsck.xfs: XFS file system.
Mar 26 09:07:39 Rocky-Compute-2 systemd[1]: Finished File System Check on /dev/mapper/rl-root.
░░ Subject: A start job for unit systemd-fsck-root.service has finished successfully
░░ Defined-By: systemd
░░ Support: https://wiki.rockylinux.org/rocky/support
░░ 
░░ A start job for unit systemd-fsck-root.service has finished successfully.
░░ 
░░ The job identifier is 45.
Mar 26 09:07:39 Rocky-Compute-2 systemd[1]: Mounting /sysroot...
░░ Subject: A start job for unit sysroot.mount has begun execution
░░ Defined-By: systemd
░░ Support: https://wiki.rockylinux.org/rocky/support
░░ 
░░ A start job for unit sysroot.mount has begun execution.
░░ 
░░ The job identifier is 44.
Mar 26 09:07:39 Rocky-Compute-2 kernel: SGI XFS with ACLs, security attributes, scrub, quota, no debug enabled
Mar 26 09:07:39 Rocky-Compute-2 kernel: XFS (dm-0): Mounting V5 Filesystem 868ef8c9-3671-425c-a19c-45e5145990fa
Mar 26 09:07:39 Rocky-Compute-2 kernel: XFS (dm-0): Ending clean mount
Mar 26 09:07:39 Rocky-Compute-2 systemd[1]: Mounted /sysroot.
░░ Subject: A start job for unit sysroot.mount has finished successfully
░░ Defined-By: systemd
░░ Support: https://wiki.rockylinux.org/rocky/support
░░ 
░░ A start job for unit sysroot.mount has finished successfully.
░░ 
░░ The job identifier is 44.
Mar 26 09:07:39 Rocky-Compute-2 systemd[1]: Reached target Initrd Root File System.
░░ Subject: A start job for unit initrd-root-fs.target has finished successfully
░░ Defined-By: systemd
░░ Support: https://wiki.rockylinux.org/rocky/support
░░ 
░░ A start job for unit initrd-root-fs.target has finished successfully.
░░ 
░░ The job identifier is 43.
Mar 26 09:07:39 Rocky-Compute-2 systemd[1]: Starting Mountpoints Configured in the Real Root...
░░ Subject: A start job for unit initrd-parse-etc.service has begun execution
░░ Defined-By: systemd
░░ Support: https://wiki.rockylinux.org/rocky/support
░░ 
░░ A start job for unit initrd-parse-etc.service has begun execution.
░░ 
░░ The job identifier is 59.
Mar 26 09:07:39 Rocky-Compute-2 systemd[1]: initrd-parse-etc.service: Deactivated successfully.
░░ Subject: Unit succeeded
░░ Defined-By: systemd
░░ Support: https://wiki.rockylinux.org/rocky/support
░░ 
░░ The unit initrd-parse-etc.service has successfully entered the 'dead' state.
Mar 26 09:07:39 Rocky-Compute-2 systemd[1]: Finished Mountpoints Configured in the Real Root.
░░ Subject: A start job for unit initrd-parse-etc.service has finished successfully
░░ Defined-By: systemd
░░ Support: https://wiki.rockylinux.org/rocky/support
░░ 
░░ A start job for unit initrd-parse-etc.service has finished successfully.
░░ 
░░ The job identifier is 59.
Mar 26 09:07:39 Rocky-Compute-2 systemd[1]: Reached target Initrd File Systems.
░░ Subject: A start job for unit initrd-fs.target has finished successfully
░░ Defined-By: systemd
░░ Support: https://wiki.rockylinux.org/rocky/support
░░ 
░░ A start job for unit initrd-fs.target has finished successfully.
░░ 
░░ The job identifier is 42.
Mar 26 09:07:39 Rocky-Compute-2 systemd[1]: Reached target Initrd Default Target.
░░ Subject: A start job for unit initrd.target has finished successfully
░░ Defined-By: systemd
░░ Support: https://wiki.rockylinux.org/rocky/support
░░ 
░░ A start job for unit initrd.target has finished successfully.
░░ 
░░ The job identifier is 1.
Mar 26 09:07:39 Rocky-Compute-2 systemd[1]: dracut mount hook was skipped because no trigger condition checks were met.
░░ Subject: A start job for unit dracut-mount.service has finished successfully
░░ Defined-By: systemd
░░ Support: https://wiki.rockylinux.org/rocky/support
░░ 
░░ A start job for unit dracut-mount.service has finished successfully.
░░ 
░░ The job identifier is 51.
Mar 26 09:07:39 Rocky-Compute-2 systemd[1]: Starting dracut pre-pivot and cleanup hook...
░░ Subject: A start job for unit dracut-pre-pivot.service has begun execution
░░ Defined-By: systemd
░░ Support: https://wiki.rockylinux.org/rocky/support
░░ 
░░ A start job for unit dracut-pre-pivot.service has begun execution.
░░ 
░░ The job identifier is 53.
Mar 26 09:07:40 Rocky-Compute-2 systemd[1]: Finished dracut pre-pivot and cleanup hook.
░░ Subject: A start job for unit dracut-pre-pivot.service has finished successfully
░░ Defined-By: systemd
░░ Support: https://wiki.rockylinux.org/rocky/support
░░ 
░░ A start job for unit dracut-pre-pivot.service has finished successfully.
░░ 
░░ The job identifier is 53.
Mar 26 09:07:40 Rocky-Compute-2 systemd[1]: Starting Cleaning Up and Shutting Down Daemons...
░░ Subject: A start job for unit initrd-cleanup.service has begun execution
░░ Defined-By: systemd
░░ Support: https://wiki.rockylinux.org/rocky/support
░░ 
░░ A start job for unit initrd-cleanup.service has begun execution.
░░ 
░░ The job identifier is 79.
Mar 26 09:07:40 Rocky-Compute-2 systemd[1]: Stopped target Network.
░░ Subject: A stop job for unit network.target has finished
░░ Defined-By: systemd
░░ Support: https://wiki.rockylinux.org/rocky/support
░░ 
░░ A stop job for unit network.target has finished.
░░ 
░░ The job identifier is 140 and the job result is done.
Mar 26 09:07:40 Rocky-Compute-2 systemd[1]: Stopped target Preparation for Network.
░░ Subject: A stop job for unit network-pre.target has finished
░░ Defined-By: systemd
░░ Support: https://wiki.rockylinux.org/rocky/support
░░ 
░░ A stop job for unit network-pre.target has finished.
░░ 
░░ The job identifier is 136 and the job result is done.
Mar 26 09:07:40 Rocky-Compute-2 systemd[1]: Stopped target RDMA Hardware.
░░ Subject: A stop job for unit rdma-hw.target has finished
░░ Defined-By: systemd
░░ Support: https://wiki.rockylinux.org/rocky/support
░░ 
░░ A stop job for unit rdma-hw.target has finished.
░░ 
░░ The job identifier is 143 and the job result is done.
Mar 26 09:07:40 Rocky-Compute-2 systemd[1]: Stopped target Timer Units.
░░ Subject: A stop job for unit timers.target has finished
░░ Defined-By: systemd
░░ Support: https://wiki.rockylinux.org/rocky/support
░░ 
░░ A stop job for unit timers.target has finished.
░░ 
░░ The job identifier is 127 and the job result is done.
Mar 26 09:07:40 Rocky-Compute-2 systemd[1]: dbus.socket: Deactivated successfully.
░░ Subject: Unit succeeded
░░ Defined-By: systemd
░░ Support: https://wiki.rockylinux.org/rocky/support
░░ 
░░ The unit dbus.socket has successfully entered the 'dead' state.
Mar 26 09:07:40 Rocky-Compute-2 systemd[1]: Closed D-Bus System Message Bus Socket.
░░ Subject: A stop job for unit dbus.socket has finished
░░ Defined-By: systemd
░░ Support: https://wiki.rockylinux.org/rocky/support
░░ 
░░ A stop job for unit dbus.socket has finished.
░░ 
░░ The job identifier is 144 and the job result is done.
Mar 26 09:07:40 Rocky-Compute-2 systemd[1]: dracut-pre-pivot.service: Deactivated successfully.
░░ Subject: Unit succeeded
░░ Defined-By: systemd
░░ Support: https://wiki.rockylinux.org/rocky/support
░░ 
░░ The unit dracut-pre-pivot.service has successfully entered the 'dead' state.
Mar 26 09:07:40 Rocky-Compute-2 systemd[1]: Stopped dracut pre-pivot and cleanup hook.
░░ Subject: A stop job for unit dracut-pre-pivot.service has finished
░░ Defined-By: systemd
░░ Support: https://wiki.rockylinux.org/rocky/support
░░ 
░░ A stop job for unit dracut-pre-pivot.service has finished.
░░ 
░░ The job identifier is 141 and the job result is done.
Mar 26 09:07:40 Rocky-Compute-2 systemd[1]: Stopped target Initrd Default Target.
░░ Subject: A stop job for unit initrd.target has finished
░░ Defined-By: systemd
░░ Support: https://wiki.rockylinux.org/rocky/support
░░ 
░░ A stop job for unit initrd.target has finished.
░░ 
░░ The job identifier is 123 and the job result is done.
Mar 26 09:07:40 Rocky-Compute-2 systemd[1]: Stopped target Basic System.
░░ Subject: A stop job for unit basic.target has finished
░░ Defined-By: systemd
░░ Support: https://wiki.rockylinux.org/rocky/support
░░ 
░░ A stop job for unit basic.target has finished.
░░ 
░░ The job identifier is 130 and the job result is done.
Mar 26 09:07:40 Rocky-Compute-2 systemd[1]: Stopped target Initrd Root Device.
░░ Subject: A stop job for unit initrd-root-device.target has finished
░░ Defined-By: systemd
░░ Support: https://wiki.rockylinux.org/rocky/support
░░ 
░░ A stop job for unit initrd-root-device.target has finished.
░░ 
░░ The job identifier is 122 and the job result is done.
Mar 26 09:07:40 Rocky-Compute-2 systemd[1]: Stopped target Initrd /usr File System.
░░ Subject: A stop job for unit initrd-usr-fs.target has finished
░░ Defined-By: systemd
░░ Support: https://wiki.rockylinux.org/rocky/support
░░ 
░░ A stop job for unit initrd-usr-fs.target has finished.
░░ 
░░ The job identifier is 134 and the job result is done.
Mar 26 09:07:40 Rocky-Compute-2 systemd[1]: Stopped target Path Units.
░░ Subject: A stop job for unit paths.target has finished
░░ Defined-By: systemd
░░ Support: https://wiki.rockylinux.org/rocky/support
░░ 
░░ A stop job for unit paths.target has finished.
░░ 
░░ The job identifier is 148 and the job result is done.
Mar 26 09:07:40 Rocky-Compute-2 systemd[1]: Stopped target Remote File Systems.
░░ Subject: A stop job for unit remote-fs.target has finished
░░ Defined-By: systemd
░░ Support: https://wiki.rockylinux.org/rocky/support
░░ 
░░ A stop job for unit remote-fs.target has finished.
░░ 
░░ The job identifier is 142 and the job result is done.
Mar 26 09:07:40 Rocky-Compute-2 systemd[1]: Stopped target Preparation for Remote File Systems.
░░ Subject: A stop job for unit remote-fs-pre.target has finished
░░ Defined-By: systemd
░░ Support: https://wiki.rockylinux.org/rocky/support
░░ 
░░ A stop job for unit remote-fs-pre.target has finished.
░░ 
░░ The job identifier is 132 and the job result is done.
Mar 26 09:07:40 Rocky-Compute-2 systemd[1]: Stopped target Slice Units.
░░ Subject: A stop job for unit slices.target has finished
░░ Defined-By: systemd
░░ Support: https://wiki.rockylinux.org/rocky/support
░░ 
░░ A stop job for unit slices.target has finished.
░░ 
░░ The job identifier is 118 and the job result is done.
Mar 26 09:07:40 Rocky-Compute-2 systemd[1]: Stopped target Socket Units.
░░ Subject: A stop job for unit sockets.target has finished
░░ Defined-By: systemd
░░ Support: https://wiki.rockylinux.org/rocky/support
░░ 
░░ A stop job for unit sockets.target has finished.
░░ 
░░ The job identifier is 138 and the job result is done.
Mar 26 09:07:40 Rocky-Compute-2 systemd[1]: Stopped target System Initialization.
░░ Subject: A stop job for unit sysinit.target has finished
░░ Defined-By: systemd
░░ Support: https://wiki.rockylinux.org/rocky/support
░░ 
░░ A stop job for unit sysinit.target has finished.
░░ 
░░ The job identifier is 128 and the job result is done.
Mar 26 09:07:40 Rocky-Compute-2 systemd[1]: Stopped target Local File Systems.
░░ Subject: A stop job for unit local-fs.target has finished
░░ Defined-By: systemd
░░ Support: https://wiki.rockylinux.org/rocky/support
░░ 
░░ A stop job for unit local-fs.target has finished.
░░ 
░░ The job identifier is 125 and the job result is done.
Mar 26 09:07:40 Rocky-Compute-2 systemd[1]: Stopped target Preparation for Local File Systems.
░░ Subject: A stop job for unit local-fs-pre.target has finished
░░ Defined-By: systemd
░░ Support: https://wiki.rockylinux.org/rocky/support
░░ 
░░ A stop job for unit local-fs-pre.target has finished.
░░ 
░░ The job identifier is 137 and the job result is done.
Mar 26 09:07:40 Rocky-Compute-2 systemd[1]: Stopped target Swaps.
░░ Subject: A stop job for unit swap.target has finished
░░ Defined-By: systemd
░░ Support: https://wiki.rockylinux.org/rocky/support
░░ 
░░ A stop job for unit swap.target has finished.
░░ 
░░ The job identifier is 121 and the job result is done.
Mar 26 09:07:40 Rocky-Compute-2 systemd[1]: dracut-initqueue.service: Deactivated successfully.
░░ Subject: Unit succeeded
░░ Defined-By: systemd
░░ Support: https://wiki.rockylinux.org/rocky/support
░░ 
░░ The unit dracut-initqueue.service has successfully entered the 'dead' state.
Mar 26 09:07:40 Rocky-Compute-2 systemd[1]: Stopped dracut initqueue hook.
░░ Subject: A stop job for unit dracut-initqueue.service has finished
░░ Defined-By: systemd
░░ Support: https://wiki.rockylinux.org/rocky/support
░░ 
░░ A stop job for unit dracut-initqueue.service has finished.
░░ 
░░ The job identifier is 124 and the job result is done.
Mar 26 09:07:40 Rocky-Compute-2 systemd[1]: Starting Plymouth switch root service...
░░ Subject: A start job for unit plymouth-switch-root.service has begun execution
░░ Defined-By: systemd
░░ Support: https://wiki.rockylinux.org/rocky/support
░░ 
░░ A start job for unit plymouth-switch-root.service has begun execution.
░░ 
░░ The job identifier is 109.
Mar 26 09:07:40 Rocky-Compute-2 systemd[1]: rdma-load-modules@infiniband.service: Deactivated successfully.
░░ Subject: Unit succeeded
░░ Defined-By: systemd
░░ Support: https://wiki.rockylinux.org/rocky/support
░░ 
░░ The unit rdma-load-modules@infiniband.service has successfully entered the 'dead' state.
Mar 26 09:07:40 Rocky-Compute-2 systemd[1]: Stopped Load RDMA modules from /etc/rdma/modules/infiniband.conf.
░░ Subject: A stop job for unit rdma-load-modules@infiniband.service has finished
░░ Defined-By: systemd
░░ Support: https://wiki.rockylinux.org/rocky/support
░░ 
░░ A stop job for unit rdma-load-modules@infiniband.service has finished.
░░ 
░░ The job identifier is 149 and the job result is done.
Mar 26 09:07:40 Rocky-Compute-2 systemd[1]: rdma-load-modules@rdma.service: Deactivated successfully.
░░ Subject: Unit succeeded
░░ Defined-By: systemd
░░ Support: https://wiki.rockylinux.org/rocky/support
░░ 
░░ The unit rdma-load-modules@rdma.service has successfully entered the 'dead' state.
Mar 26 09:07:40 Rocky-Compute-2 systemd[1]: Stopped Load RDMA modules from /etc/rdma/modules/rdma.conf.
░░ Subject: A stop job for unit rdma-load-modules@rdma.service has finished
░░ Defined-By: systemd
░░ Support: https://wiki.rockylinux.org/rocky/support
░░ 
░░ A stop job for unit rdma-load-modules@rdma.service has finished.
░░ 
░░ The job identifier is 135 and the job result is done.
Mar 26 09:07:40 Rocky-Compute-2 systemd[1]: rdma-load-modules@roce.service: Deactivated successfully.
░░ Subject: Unit succeeded
░░ Defined-By: systemd
░░ Support: https://wiki.rockylinux.org/rocky/support
░░ 
░░ The unit rdma-load-modules@roce.service has successfully entered the 'dead' state.
Mar 26 09:07:40 Rocky-Compute-2 systemd[1]: Stopped Load RDMA modules from /etc/rdma/modules/roce.conf.
░░ Subject: A stop job for unit rdma-load-modules@roce.service has finished
░░ Defined-By: systemd
░░ Support: https://wiki.rockylinux.org/rocky/support
░░ 
░░ A stop job for unit rdma-load-modules@roce.service has finished.
░░ 
░░ The job identifier is 120 and the job result is done.
Mar 26 09:07:40 Rocky-Compute-2 systemd[1]: systemd-sysctl.service: Deactivated successfully.
░░ Subject: Unit succeeded
░░ Defined-By: systemd
░░ Support: https://wiki.rockylinux.org/rocky/support
░░ 
░░ The unit systemd-sysctl.service has successfully entered the 'dead' state.
Mar 26 09:07:40 Rocky-Compute-2 systemd[1]: Stopped Apply Kernel Variables.
░░ Subject: A stop job for unit systemd-sysctl.service has finished
░░ Defined-By: systemd
░░ Support: https://wiki.rockylinux.org/rocky/support
░░ 
░░ A stop job for unit systemd-sysctl.service has finished.
░░ 
░░ The job identifier is 139 and the job result is done.
Mar 26 09:07:40 Rocky-Compute-2 systemd[1]: systemd-modules-load.service: Deactivated successfully.
░░ Subject: Unit succeeded
░░ Defined-By: systemd
░░ Support: https://wiki.rockylinux.org/rocky/support
░░ 
░░ The unit systemd-modules-load.service has successfully entered the 'dead' state.
Mar 26 09:07:40 Rocky-Compute-2 systemd[1]: Stopped Load Kernel Modules.
░░ Subject: A stop job for unit systemd-modules-load.service has finished
░░ Defined-By: systemd
░░ Support: https://wiki.rockylinux.org/rocky/support
░░ 
░░ A stop job for unit systemd-modules-load.service has finished.
░░ 
░░ The job identifier is 119 and the job result is done.
Mar 26 09:07:40 Rocky-Compute-2 systemd[1]: systemd-tmpfiles-setup.service: Deactivated successfully.
░░ Subject: Unit succeeded
░░ Defined-By: systemd
░░ Support: https://wiki.rockylinux.org/rocky/support
░░ 
░░ The unit systemd-tmpfiles-setup.service has successfully entered the 'dead' state.
Mar 26 09:07:40 Rocky-Compute-2 systemd[1]: Stopped Create Volatile Files and Directories.
░░ Subject: A stop job for unit systemd-tmpfiles-setup.service has finished
░░ Defined-By: systemd
░░ Support: https://wiki.rockylinux.org/rocky/support
░░ 
░░ A stop job for unit systemd-tmpfiles-setup.service has finished.
░░ 
░░ The job identifier is 115 and the job result is done.
Mar 26 09:07:40 Rocky-Compute-2 systemd[1]: systemd-udev-trigger.service: Deactivated successfully.
░░ Subject: Unit succeeded
░░ Defined-By: systemd
░░ Support: https://wiki.rockylinux.org/rocky/support
░░ 
░░ The unit systemd-udev-trigger.service has successfully entered the 'dead' state.
Mar 26 09:07:40 Rocky-Compute-2 systemd[1]: Stopped Coldplug All udev Devices.
░░ Subject: A stop job for unit systemd-udev-trigger.service has finished
░░ Defined-By: systemd
░░ Support: https://wiki.rockylinux.org/rocky/support
░░ 
░░ A stop job for unit systemd-udev-trigger.service has finished.
░░ 
░░ The job identifier is 101 and the job result is done.
Mar 26 09:07:40 Rocky-Compute-2 systemd[1]: Stopping Rule-based Manager for Device Events and Files...
░░ Subject: A stop job for unit systemd-udevd.service has begun execution
░░ Defined-By: systemd
░░ Support: https://wiki.rockylinux.org/rocky/support
░░ 
░░ A stop job for unit systemd-udevd.service has begun execution.
░░ 
░░ The job identifier is 105.
Mar 26 09:07:40 Rocky-Compute-2 systemd[1]: run-credentials-systemd\x2dsysctl.service.mount: Deactivated successfully.
░░ Subject: Unit succeeded
░░ Defined-By: systemd
░░ Support: https://wiki.rockylinux.org/rocky/support
░░ 
░░ The unit run-credentials-systemd\x2dsysctl.service.mount has successfully entered the 'dead' state.
Mar 26 09:07:40 Rocky-Compute-2 systemd[1]: run-credentials-systemd\x2dtmpfiles\x2dsetup.service.mount: Deactivated successfully.
░░ Subject: Unit succeeded
░░ Defined-By: systemd
░░ Support: https://wiki.rockylinux.org/rocky/support
░░ 
░░ The unit run-credentials-systemd\x2dtmpfiles\x2dsetup.service.mount has successfully entered the 'dead' state.
Mar 26 09:07:40 Rocky-Compute-2 systemd[1]: initrd-cleanup.service: Deactivated successfully.
░░ Subject: Unit succeeded
░░ Defined-By: systemd
░░ Support: https://wiki.rockylinux.org/rocky/support
░░ 
░░ The unit initrd-cleanup.service has successfully entered the 'dead' state.
Mar 26 09:07:40 Rocky-Compute-2 systemd[1]: Finished Cleaning Up and Shutting Down Daemons.
░░ Subject: A start job for unit initrd-cleanup.service has finished successfully
░░ Defined-By: systemd
░░ Support: https://wiki.rockylinux.org/rocky/support
░░ 
░░ A start job for unit initrd-cleanup.service has finished successfully.
░░ 
░░ The job identifier is 79.
Mar 26 09:07:40 Rocky-Compute-2 systemd[1]: systemd-udevd.service: Deactivated successfully.
░░ Subject: Unit succeeded
░░ Defined-By: systemd
░░ Support: https://wiki.rockylinux.org/rocky/support
░░ 
░░ The unit systemd-udevd.service has successfully entered the 'dead' state.
Mar 26 09:07:40 Rocky-Compute-2 systemd[1]: Stopped Rule-based Manager for Device Events and Files.
░░ Subject: A stop job for unit systemd-udevd.service has finished
░░ Defined-By: systemd
░░ Support: https://wiki.rockylinux.org/rocky/support
░░ 
░░ A stop job for unit systemd-udevd.service has finished.
░░ 
░░ The job identifier is 105 and the job result is done.
Mar 26 09:07:40 Rocky-Compute-2 systemd[1]: systemd-udevd.service: Consumed 2.775s CPU time.
░░ Subject: Resources consumed by unit runtime
░░ Defined-By: systemd
░░ Support: https://wiki.rockylinux.org/rocky/support
░░ 
░░ The unit systemd-udevd.service completed and consumed the indicated resources.
Mar 26 09:07:40 Rocky-Compute-2 systemd[1]: systemd-udevd-control.socket: Deactivated successfully.
░░ Subject: Unit succeeded
░░ Defined-By: systemd
░░ Support: https://wiki.rockylinux.org/rocky/support
░░ 
░░ The unit systemd-udevd-control.socket has successfully entered the 'dead' state.
Mar 26 09:07:40 Rocky-Compute-2 systemd[1]: Closed udev Control Socket.
░░ Subject: A stop job for unit systemd-udevd-control.socket has finished
░░ Defined-By: systemd
░░ Support: https://wiki.rockylinux.org/rocky/support
░░ 
░░ A stop job for unit systemd-udevd-control.socket has finished.
░░ 
░░ The job identifier is 102 and the job result is done.
Mar 26 09:07:40 Rocky-Compute-2 systemd[1]: systemd-udevd-kernel.socket: Deactivated successfully.
░░ Subject: Unit succeeded
░░ Defined-By: systemd
░░ Support: https://wiki.rockylinux.org/rocky/support
░░ 
░░ The unit systemd-udevd-kernel.socket has successfully entered the 'dead' state.
Mar 26 09:07:40 Rocky-Compute-2 systemd[1]: Closed udev Kernel Socket.
░░ Subject: A stop job for unit systemd-udevd-kernel.socket has finished
░░ Defined-By: systemd
░░ Support: https://wiki.rockylinux.org/rocky/support
░░ 
░░ A stop job for unit systemd-udevd-kernel.socket has finished.
░░ 
░░ The job identifier is 103 and the job result is done.
Mar 26 09:07:40 Rocky-Compute-2 systemd[1]: dracut-pre-udev.service: Deactivated successfully.
░░ Subject: Unit succeeded
░░ Defined-By: systemd
░░ Support: https://wiki.rockylinux.org/rocky/support
░░ 
░░ The unit dracut-pre-udev.service has successfully entered the 'dead' state.
Mar 26 09:07:40 Rocky-Compute-2 systemd[1]: Stopped dracut pre-udev hook.
░░ Subject: A stop job for unit dracut-pre-udev.service has finished
░░ Defined-By: systemd
░░ Support: https://wiki.rockylinux.org/rocky/support
░░ 
░░ A stop job for unit dracut-pre-udev.service has finished.
░░ 
░░ The job identifier is 126 and the job result is done.
Mar 26 09:07:40 Rocky-Compute-2 systemd[1]: dracut-cmdline.service: Deactivated successfully.
░░ Subject: Unit succeeded
░░ Defined-By: systemd
░░ Support: https://wiki.rockylinux.org/rocky/support
░░ 
░░ The unit dracut-cmdline.service has successfully entered the 'dead' state.
Mar 26 09:07:40 Rocky-Compute-2 systemd[1]: Stopped dracut cmdline hook.
░░ Subject: A stop job for unit dracut-cmdline.service has finished
░░ Defined-By: systemd
░░ Support: https://wiki.rockylinux.org/rocky/support
░░ 
░░ A stop job for unit dracut-cmdline.service has finished.
░░ 
░░ The job identifier is 133 and the job result is done.
Mar 26 09:07:40 Rocky-Compute-2 systemd[1]: Starting Cleanup udev Database...
░░ Subject: A start job for unit initrd-udevadm-cleanup-db.service has begun execution
░░ Defined-By: systemd
░░ Support: https://wiki.rockylinux.org/rocky/support
░░ 
░░ A start job for unit initrd-udevadm-cleanup-db.service has begun execution.
░░ 
░░ The job identifier is 100.
Mar 26 09:07:40 Rocky-Compute-2 systemd[1]: systemd-tmpfiles-setup-dev.service: Deactivated successfully.
░░ Subject: Unit succeeded
░░ Defined-By: systemd
░░ Support: https://wiki.rockylinux.org/rocky/support
░░ 
░░ The unit systemd-tmpfiles-setup-dev.service has successfully entered the 'dead' state.
Mar 26 09:07:40 Rocky-Compute-2 systemd[1]: Stopped Create Static Device Nodes in /dev.
░░ Subject: A stop job for unit systemd-tmpfiles-setup-dev.service has finished
░░ Defined-By: systemd
░░ Support: https://wiki.rockylinux.org/rocky/support
░░ 
░░ A stop job for unit systemd-tmpfiles-setup-dev.service has finished.
░░ 
░░ The job identifier is 114 and the job result is done.
Mar 26 09:07:40 Rocky-Compute-2 systemd[1]: kmod-static-nodes.service: Deactivated successfully.
░░ Subject: Unit succeeded
░░ Defined-By: systemd
░░ Support: https://wiki.rockylinux.org/rocky/support
░░ 
░░ The unit kmod-static-nodes.service has successfully entered the 'dead' state.
Mar 26 09:07:40 Rocky-Compute-2 systemd[1]: Stopped Create List of Static Device Nodes.
░░ Subject: A stop job for unit kmod-static-nodes.service has finished
░░ Defined-By: systemd
░░ Support: https://wiki.rockylinux.org/rocky/support
░░ 
░░ A stop job for unit kmod-static-nodes.service has finished.
░░ 
░░ The job identifier is 131 and the job result is done.
Mar 26 09:07:40 Rocky-Compute-2 systemd[1]: systemd-sysusers.service: Deactivated successfully.
░░ Subject: Unit succeeded
░░ Defined-By: systemd
░░ Support: https://wiki.rockylinux.org/rocky/support
░░ 
░░ The unit systemd-sysusers.service has successfully entered the 'dead' state.
Mar 26 09:07:40 Rocky-Compute-2 systemd[1]: Stopped Create System Users.
░░ Subject: A stop job for unit systemd-sysusers.service has finished
░░ Defined-By: systemd
░░ Support: https://wiki.rockylinux.org/rocky/support
░░ 
░░ A stop job for unit systemd-sysusers.service has finished.
░░ 
░░ The job identifier is 117 and the job result is done.
Mar 26 09:07:40 Rocky-Compute-2 systemd[1]: run-credentials-systemd\x2dtmpfiles\x2dsetup\x2ddev.service.mount: Deactivated successfully.
░░ Subject: Unit succeeded
░░ Defined-By: systemd
░░ Support: https://wiki.rockylinux.org/rocky/support
░░ 
░░ The unit run-credentials-systemd\x2dtmpfiles\x2dsetup\x2ddev.service.mount has successfully entered the 'dead' state.
Mar 26 09:07:40 Rocky-Compute-2 systemd[1]: run-credentials-systemd\x2dsysusers.service.mount: Deactivated successfully.
░░ Subject: Unit succeeded
░░ Defined-By: systemd
░░ Support: https://wiki.rockylinux.org/rocky/support
░░ 
░░ The unit run-credentials-systemd\x2dsysusers.service.mount has successfully entered the 'dead' state.
Mar 26 09:07:40 Rocky-Compute-2 systemd[1]: initrd-udevadm-cleanup-db.service: Deactivated successfully.
░░ Subject: Unit succeeded
░░ Defined-By: systemd
░░ Support: https://wiki.rockylinux.org/rocky/support
░░ 
░░ The unit initrd-udevadm-cleanup-db.service has successfully entered the 'dead' state.
Mar 26 09:07:40 Rocky-Compute-2 systemd[1]: Finished Cleanup udev Database.
░░ Subject: A start job for unit initrd-udevadm-cleanup-db.service has finished successfully
░░ Defined-By: systemd
░░ Support: https://wiki.rockylinux.org/rocky/support
░░ 
░░ A start job for unit initrd-udevadm-cleanup-db.service has finished successfully.
░░ 
░░ The job identifier is 100.
Mar 26 09:07:40 Rocky-Compute-2 systemd[1]: Reached target Switch Root.
░░ Subject: A start job for unit initrd-switch-root.target has finished successfully
░░ Defined-By: systemd
░░ Support: https://wiki.rockylinux.org/rocky/support
░░ 
░░ A start job for unit initrd-switch-root.target has finished successfully.
░░ 
░░ The job identifier is 82.
Mar 26 09:07:40 Rocky-Compute-2 systemd[1]: Finished Plymouth switch root service.
░░ Subject: A start job for unit plymouth-switch-root.service has finished successfully
░░ Defined-By: systemd
░░ Support: https://wiki.rockylinux.org/rocky/support
░░ 
░░ A start job for unit plymouth-switch-root.service has finished successfully.
░░ 
░░ The job identifier is 109.
Mar 26 09:07:40 Rocky-Compute-2 systemd[1]: Starting Switch Root...
░░ Subject: A start job for unit initrd-switch-root.service has begun execution
░░ Defined-By: systemd
░░ Support: https://wiki.rockylinux.org/rocky/support
░░ 
░░ A start job for unit initrd-switch-root.service has begun execution.
░░ 
░░ The job identifier is 86.
Mar 26 09:07:40 Rocky-Compute-2 systemd[1]: Switching root.
Mar 26 09:07:40 Rocky-Compute-2 systemd-journald[607]: Journal stopped
░░ Subject: The journal has been stopped
░░ Defined-By: systemd
░░ Support: https://wiki.rockylinux.org/rocky/support
░░ 
░░ The system journal process has shut down and closed all currently
░░ active journal files.
Mar 26 09:07:40 Rocky-Compute-2 systemd-journald[607]: Received SIGTERM from PID 1 (systemd).
Mar 26 09:07:40 Rocky-Compute-2 kernel: SELinux: https://github.com/SELinuxProject/selinux-kernel/wiki/DEPRECATE-runtime-disable
Mar 26 09:07:40 Rocky-Compute-2 kernel: SELinux: Runtime disable is not supported, use selinux=0 on the kernel cmdline.
Mar 26 09:07:40 Rocky-Compute-2 systemd[1]: systemd 252-55.el9_7.7.rocky.0.1 running in system mode (+PAM +AUDIT +SELINUX -APPARMOR +IMA +SMACK +SECCOMP +GCRYPT +GNUTLS +OPENSSL +ACL +BLKID +CURL +ELFUTILS +FIDO2 +IDN2 -IDN -IPTC +KMOD +LIBCRYPTSETUP +LIBFDISK +PCRE2 -PWQUALITY +P11KIT -QRENCODE +TPM2 +BZIP2 +LZ4 +XZ +ZLIB +ZSTD -BPF_FRAMEWORK +XKBCOMMON +UTMP +SYSVINIT default-hierarchy=unified)
Mar 26 09:07:40 Rocky-Compute-2 systemd[1]: Detected architecture x86-64.
Mar 26 09:07:40 Rocky-Compute-2 systemd-rc-local-generator[1146]: /etc/rc.d/rc.local is not marked executable, skipping.
Mar 26 09:07:40 Rocky-Compute-2 systemd[1]: Configuration file /etc/systemd/system/sysmon-probe.service is marked executable. Please remove executable permission bits. Proceeding anyway.
Mar 26 09:07:40 Rocky-Compute-2 systemd[1]: initrd-switch-root.service: Deactivated successfully.
Mar 26 09:07:40 Rocky-Compute-2 systemd[1]: Stopped Switch Root.
Mar 26 09:07:40 Rocky-Compute-2 systemd[1]: systemd-journald.service: Scheduled restart job, restart counter is at 1.
Mar 26 09:07:40 Rocky-Compute-2 systemd[1]: Created slice Slice /system/getty.
Mar 26 09:07:40 Rocky-Compute-2 systemd[1]: Created slice Slice /system/sshd-keygen.
Mar 26 09:07:40 Rocky-Compute-2 systemd[1]: Created slice Slice /system/systemd-fsck.
Mar 26 09:07:40 Rocky-Compute-2 systemd[1]: Created slice User and Session Slice.
Mar 26 09:07:40 Rocky-Compute-2 systemd[1]: Dispatch Password Requests to Console Directory Watch was skipped because of an unmet condition check (ConditionPathExists=!/run/plymouth/pid).
Mar 26 09:07:40 Rocky-Compute-2 systemd[1]: Started Forward Password Requests to Wall Directory Watch.
Mar 26 09:07:40 Rocky-Compute-2 systemd[1]: Set up automount Arbitrary Executable File Formats File System Automount Point.
Mar 26 09:07:40 Rocky-Compute-2 systemd[1]: Reached target Local Encrypted Volumes.
Mar 26 09:07:40 Rocky-Compute-2 systemd[1]: Stopped target Switch Root.
Mar 26 09:07:40 Rocky-Compute-2 systemd[1]: Stopped target Initrd File Systems.
Mar 26 09:07:40 Rocky-Compute-2 systemd[1]: Stopped target Initrd Root File System.
Mar 26 09:07:40 Rocky-Compute-2 systemd[1]: Reached target Local Integrity Protected Volumes.
Mar 26 09:07:40 Rocky-Compute-2 systemd[1]: Reached target Path Units.
Mar 26 09:07:40 Rocky-Compute-2 systemd[1]: Reached target Remote File Systems.
Mar 26 09:07:40 Rocky-Compute-2 systemd[1]: Reached target Slice Units.
Mar 26 09:07:40 Rocky-Compute-2 systemd[1]: Reached target Local Verity Protected Volumes.
Mar 26 09:07:40 Rocky-Compute-2 systemd[1]: Listening on Device-mapper event daemon FIFOs.
Mar 26 09:07:40 Rocky-Compute-2 systemd[1]: Listening on LVM2 poll daemon socket.
Mar 26 09:07:40 Rocky-Compute-2 systemd[1]: multipathd control socket was skipped because of an unmet condition check (ConditionPathExists=/etc/multipath.conf).
Mar 26 09:07:40 Rocky-Compute-2 systemd[1]: Listening on Process Core Dump Socket.
Mar 26 09:07:40 Rocky-Compute-2 systemd[1]: Listening on initctl Compatibility Named Pipe.
Mar 26 09:07:40 Rocky-Compute-2 systemd[1]: Listening on udev Control Socket.
Mar 26 09:07:40 Rocky-Compute-2 systemd[1]: Listening on udev Kernel Socket.
Mar 26 09:07:40 Rocky-Compute-2 systemd[1]: Activating swap /dev/mapper/rl-swap...
Mar 26 09:07:40 Rocky-Compute-2 systemd[1]: Mounting Huge Pages File System...
Mar 26 09:07:40 Rocky-Compute-2 systemd[1]: Mounting POSIX Message Queue File System...
Mar 26 09:07:40 Rocky-Compute-2 systemd[1]: Mounting Kernel Debug File System...
Mar 26 09:07:40 Rocky-Compute-2 systemd[1]: Mounting Kernel Trace File System...
Mar 26 09:07:40 Rocky-Compute-2 kernel: Adding 25006076k swap on /dev/mapper/rl-swap.  Priority:-2 extents:1 across:25006076k SS
Mar 26 09:07:40 Rocky-Compute-2 systemd[1]: iscsi-starter.service was skipped because of an unmet condition check (ConditionDirectoryNotEmpty=/var/lib/iscsi/nodes).
Mar 26 09:07:40 Rocky-Compute-2 systemd[1]: Starting Create List of Static Device Nodes...
Mar 26 09:07:40 Rocky-Compute-2 systemd[1]: Starting Monitoring of LVM2 mirrors, snapshots etc. using dmeventd or progress polling...
Mar 26 09:07:40 Rocky-Compute-2 systemd[1]: Starting Load Kernel Module configfs...
Mar 26 09:07:40 Rocky-Compute-2 systemd[1]: Starting Load Kernel Module drm...
Mar 26 09:07:40 Rocky-Compute-2 systemd[1]: Starting Load Kernel Module efi_pstore...
Mar 26 09:07:40 Rocky-Compute-2 systemd[1]: Starting Load Kernel Module fuse...
Mar 26 09:07:40 Rocky-Compute-2 systemd[1]: Starting Read and set NIS domainname from /etc/sysconfig/network...
Mar 26 09:07:40 Rocky-Compute-2 systemd[1]: plymouth-switch-root.service: Deactivated successfully.
Mar 26 09:07:40 Rocky-Compute-2 systemd[1]: Stopped Plymouth switch root service.
Mar 26 09:07:40 Rocky-Compute-2 systemd[1]: systemd-fsck-root.service: Deactivated successfully.
Mar 26 09:07:40 Rocky-Compute-2 systemd[1]: Stopped File System Check on Root Device.
Mar 26 09:07:40 Rocky-Compute-2 systemd[1]: Stopped Journal Service.
Mar 26 09:07:40 Rocky-Compute-2 systemd[1]: Starting Journal Service...
Mar 26 09:07:40 Rocky-Compute-2 systemd[1]: Starting Load Kernel Modules...
Mar 26 09:07:40 Rocky-Compute-2 systemd[1]: Starting Generate network units from Kernel command line...
Mar 26 09:07:40 Rocky-Compute-2 systemd[1]: TPM2 PCR Machine ID Measurement was skipped because of an unmet condition check (ConditionPathExists=/sys/firmware/efi/efivars/StubPcrKernelImage-4a67b082-0a4c-41cf-b6c7-440b29bb8c4f).
Mar 26 09:07:40 Rocky-Compute-2 systemd[1]: Starting Remount Root and Kernel File Systems...
Mar 26 09:07:40 Rocky-Compute-2 systemd[1]: Repartition Root Disk was skipped because no trigger condition checks were met.
Mar 26 09:07:40 Rocky-Compute-2 systemd[1]: Starting Coldplug All udev Devices...
Mar 26 09:07:40 Rocky-Compute-2 systemd[1]: Activated swap /dev/mapper/rl-swap.
Mar 26 09:07:40 Rocky-Compute-2 systemd[1]: Mounted Huge Pages File System.
Mar 26 09:07:40 Rocky-Compute-2 systemd[1]: Mounted POSIX Message Queue File System.
Mar 26 09:07:40 Rocky-Compute-2 systemd[1]: Mounted Kernel Debug File System.
Mar 26 09:07:40 Rocky-Compute-2 systemd[1]: Mounted Kernel Trace File System.
Mar 26 09:07:40 Rocky-Compute-2 systemd[1]: Finished Create List of Static Device Nodes.
Mar 26 09:07:40 Rocky-Compute-2 systemd[1]: modprobe@configfs.service: Deactivated successfully.
Mar 26 09:07:40 Rocky-Compute-2 systemd[1]: Finished Load Kernel Module configfs.
Mar 26 09:07:40 Rocky-Compute-2 systemd[1]: modprobe@drm.service: Deactivated successfully.
Mar 26 09:07:40 Rocky-Compute-2 systemd[1]: Finished Load Kernel Module drm.
Mar 26 09:07:40 Rocky-Compute-2 systemd[1]: modprobe@efi_pstore.service: Deactivated successfully.
Mar 26 09:07:40 Rocky-Compute-2 systemd[1]: Finished Load Kernel Module efi_pstore.
Mar 26 09:07:40 Rocky-Compute-2 systemd[1]: modprobe@fuse.service: Deactivated successfully.
Mar 26 09:07:40 Rocky-Compute-2 systemd[1]: Finished Load Kernel Module fuse.
Mar 26 09:07:40 Rocky-Compute-2 systemd[1]: Finished Read and set NIS domainname from /etc/sysconfig/network.
Mar 26 09:07:40 Rocky-Compute-2 systemd[1]: Finished Generate network units from Kernel command line.
Mar 26 09:07:40 Rocky-Compute-2 systemd[1]: Reached target Swaps.
Mar 26 09:07:40 Rocky-Compute-2 systemd[1]: Mounting FUSE Control File System...
Mar 26 09:07:40 Rocky-Compute-2 systemd[1]: Finished Remount Root and Kernel File Systems.
Mar 26 09:07:40 Rocky-Compute-2 systemd[1]: Special handling of early boot iSCSI sessions was skipped because of an unmet condition check (ConditionDirectoryNotEmpty=/sys/class/iscsi_session).
Mar 26 09:07:40 Rocky-Compute-2 systemd[1]: First Boot Wizard was skipped because of an unmet condition check (ConditionFirstBoot=yes).
Mar 26 09:07:40 Rocky-Compute-2 systemd[1]: Rebuild Hardware Database was skipped because of an unmet condition check (ConditionNeedsUpdate=/etc).
Mar 26 09:07:40 Rocky-Compute-2 systemd[1]: Platform Persistent Storage Archival was skipped because of an unmet condition check (ConditionDirectoryNotEmpty=/sys/fs/pstore).
Mar 26 09:07:40 Rocky-Compute-2 systemd[1]: Starting Load/Save OS Random Seed...
Mar 26 09:07:40 Rocky-Compute-2 systemd[1]: Create System Users was skipped because no trigger condition checks were met.
Mar 26 09:07:40 Rocky-Compute-2 systemd[1]: Starting Create Static Device Nodes in /dev...
Mar 26 09:07:40 Rocky-Compute-2 systemd[1]: Finished Load Kernel Modules.
Mar 26 09:07:40 Rocky-Compute-2 systemd-journald[1174]: Journal started
░░ Subject: The journal has been started
░░ Defined-By: systemd
░░ Support: https://wiki.rockylinux.org/rocky/support
░░ 
░░ The system journal process has started up, opened the journal
░░ files for writing and is now ready to process requests.
Mar 26 09:07:40 Rocky-Compute-2 systemd-journald[1174]: Runtime Journal (/run/log/journal/0f2f96b3e027454283f1143d0dc05372) is 8.0M, max 1.2G, 1.2G free.
░░ Subject: Disk space used by the journal
░░ Defined-By: systemd
░░ Support: https://wiki.rockylinux.org/rocky/support
░░ 
░░ Runtime Journal (/run/log/journal/0f2f96b3e027454283f1143d0dc05372) is currently using 8.0M.
░░ Maximum allowed usage is set to 1.2G.
░░ Leaving at least 637.6M free (of currently available 12.4G of disk space).
░░ Enforced usage limit is thus 1.2G, of which 1.2G are still available.
░░ 
░░ The limits controlling how much disk space is used by the journal may
░░ be configured with SystemMaxUse=, SystemKeepFree=, SystemMaxFileSize=,
░░ RuntimeMaxUse=, RuntimeKeepFree=, RuntimeMaxFileSize= settings in
░░ /etc/systemd/journald.conf. See journald.conf(5) for details.
Mar 26 09:07:40 Rocky-Compute-2 systemd[1]: Queued start job for default target Multi-User System.
Mar 26 09:07:40 Rocky-Compute-2 systemd[1]: systemd-journald.service: Deactivated successfully.
░░ Subject: Unit succeeded
░░ Defined-By: systemd
░░ Support: https://wiki.rockylinux.org/rocky/support
░░ 
░░ The unit systemd-journald.service has successfully entered the 'dead' state.
Mar 26 09:07:40 Rocky-Compute-2 systemd-modules-load[1175]: Module 'msr' is built in
Mar 26 09:07:40 Rocky-Compute-2 systemd-modules-load[1175]: Failed to find module 'ko2iblnd'
Mar 26 09:07:40 Rocky-Compute-2 systemd-modules-load[1175]: Failed to find module 'lustre'
Mar 26 09:07:40 Rocky-Compute-2 systemd-modules-load[1175]: Failed to find module 'lnet'
Mar 26 09:07:40 Rocky-Compute-2 systemd[1]: Started Journal Service.
Mar 26 09:07:40 Rocky-Compute-2 systemd[1]: Mounted FUSE Control File System.
░░ Subject: A start job for unit sys-fs-fuse-connections.mount has finished successfully
░░ Defined-By: systemd
░░ Support: https://wiki.rockylinux.org/rocky/support
░░ 
░░ A start job for unit sys-fs-fuse-connections.mount has finished successfully.
░░ 
░░ The job identifier is 224.
Mar 26 09:07:40 Rocky-Compute-2 lvm[1168]:   2 logical volume(s) in volume group "rl" monitored
Mar 26 09:07:40 Rocky-Compute-2 systemd[1]: Starting Flush Journal to Persistent Storage...
░░ Subject: A start job for unit systemd-journal-flush.service has begun execution
░░ Defined-By: systemd
░░ Support: https://wiki.rockylinux.org/rocky/support
░░ 
░░ A start job for unit systemd-journal-flush.service has begun execution.
░░ 
░░ The job identifier is 218.
Mar 26 09:07:40 Rocky-Compute-2 systemd[1]: Starting Apply Kernel Variables...
░░ Subject: A start job for unit systemd-sysctl.service has begun execution
░░ Defined-By: systemd
░░ Support: https://wiki.rockylinux.org/rocky/support
░░ 
░░ A start job for unit systemd-sysctl.service has begun execution.
░░ 
░░ The job identifier is 231.
Mar 26 09:07:40 Rocky-Compute-2 systemd[1]: Finished Load/Save OS Random Seed.
░░ Subject: A start job for unit systemd-random-seed.service has finished successfully
░░ Defined-By: systemd
░░ Support: https://wiki.rockylinux.org/rocky/support
░░ 
░░ A start job for unit systemd-random-seed.service has finished successfully.
░░ 
░░ The job identifier is 179.
Mar 26 09:07:40 Rocky-Compute-2 systemd[1]: First Boot Complete was skipped because of an unmet condition check (ConditionFirstBoot=yes).
░░ Subject: A start job for unit first-boot-complete.target has finished successfully
░░ Defined-By: systemd
░░ Support: https://wiki.rockylinux.org/rocky/support
░░ 
░░ A start job for unit first-boot-complete.target has finished successfully.
░░ 
░░ The job identifier is 180.
Mar 26 09:07:40 Rocky-Compute-2 systemd-journald[1174]: Runtime Journal (/run/log/journal/0f2f96b3e027454283f1143d0dc05372) is 8.0M, max 1.2G, 1.2G free.
░░ Subject: Disk space used by the journal
░░ Defined-By: systemd
░░ Support: https://wiki.rockylinux.org/rocky/support
░░ 
░░ Runtime Journal (/run/log/journal/0f2f96b3e027454283f1143d0dc05372) is currently using 8.0M.
░░ Maximum allowed usage is set to 1.2G.
░░ Leaving at least 637.6M free (of currently available 12.4G of disk space).
░░ Enforced usage limit is thus 1.2G, of which 1.2G are still available.
░░ 
░░ The limits controlling how much disk space is used by the journal may
░░ be configured with SystemMaxUse=, SystemKeepFree=, SystemMaxFileSize=,
░░ RuntimeMaxUse=, RuntimeKeepFree=, RuntimeMaxFileSize= settings in
░░ /etc/systemd/journald.conf. See journald.conf(5) for details.
Mar 26 09:07:40 Rocky-Compute-2 systemd-journald[1174]: Received client request to flush runtime journal.
Mar 26 09:07:40 Rocky-Compute-2 systemd[1]: Finished Flush Journal to Persistent Storage.
░░ Subject: A start job for unit systemd-journal-flush.service has finished successfully
░░ Defined-By: systemd
░░ Support: https://wiki.rockylinux.org/rocky/support
░░ 
░░ A start job for unit systemd-journal-flush.service has finished successfully.
░░ 
░░ The job identifier is 218.
Mar 26 09:07:40 Rocky-Compute-2 systemd[1]: Finished Apply Kernel Variables.
░░ Subject: A start job for unit systemd-sysctl.service has finished successfully
░░ Defined-By: systemd
░░ Support: https://wiki.rockylinux.org/rocky/support
░░ 
░░ A start job for unit systemd-sysctl.service has finished successfully.
░░ 
░░ The job identifier is 231.
Mar 26 09:07:40 Rocky-Compute-2 systemd[1]: Finished Monitoring of LVM2 mirrors, snapshots etc. using dmeventd or progress polling.
░░ Subject: A start job for unit lvm2-monitor.service has finished successfully
░░ Defined-By: systemd
░░ Support: https://wiki.rockylinux.org/rocky/support
░░ 
░░ A start job for unit lvm2-monitor.service has finished successfully.
░░ 
░░ The job identifier is 235.
Mar 26 09:07:40 Rocky-Compute-2 systemd[1]: Finished Create Static Device Nodes in /dev.
░░ Subject: A start job for unit systemd-tmpfiles-setup-dev.service has finished successfully
░░ Defined-By: systemd
░░ Support: https://wiki.rockylinux.org/rocky/support
░░ 
░░ A start job for unit systemd-tmpfiles-setup-dev.service has finished successfully.
░░ 
░░ The job identifier is 232.
Mar 26 09:07:40 Rocky-Compute-2 systemd[1]: Starting Rule-based Manager for Device Events and Files...
░░ Subject: A start job for unit systemd-udevd.service has begun execution
░░ Defined-By: systemd
░░ Support: https://wiki.rockylinux.org/rocky/support
░░ 
░░ A start job for unit systemd-udevd.service has begun execution.
░░ 
░░ The job identifier is 184.
Mar 26 09:07:40 Rocky-Compute-2 systemd-udevd[1187]: Using default interface naming scheme 'rhel-9.0'.
Mar 26 09:07:40 Rocky-Compute-2 systemd[1]: Started Rule-based Manager for Device Events and Files.
░░ Subject: A start job for unit systemd-udevd.service has finished successfully
░░ Defined-By: systemd
░░ Support: https://wiki.rockylinux.org/rocky/support
░░ 
░░ A start job for unit systemd-udevd.service has finished successfully.
░░ 
░░ The job identifier is 184.
Mar 26 09:07:40 Rocky-Compute-2 systemd[1]: Auto-connect to subsystems on FC-NVME devices found during boot was skipped because of an unmet condition check (ConditionPathExists=/sys/class/fc/fc_udev_device/nvme_discovery).
░░ Subject: A start job for unit nvmefc-boot-connections.service has finished successfully
░░ Defined-By: systemd
░░ Support: https://wiki.rockylinux.org/rocky/support
░░ 
░░ A start job for unit nvmefc-boot-connections.service has finished successfully.
░░ 
░░ The job identifier is 286.
Mar 26 09:07:40 Rocky-Compute-2 systemd[1]: Starting Load Kernel Module configfs...
░░ Subject: A start job for unit modprobe@configfs.service has begun execution
░░ Defined-By: systemd
░░ Support: https://wiki.rockylinux.org/rocky/support
░░ 
░░ A start job for unit modprobe@configfs.service has begun execution.
░░ 
░░ The job identifier is 334.
Mar 26 09:07:40 Rocky-Compute-2 systemd[1]: Starting Load Kernel Module fuse...
░░ Subject: A start job for unit modprobe@fuse.service has begun execution
░░ Defined-By: systemd
░░ Support: https://wiki.rockylinux.org/rocky/support
░░ 
░░ A start job for unit modprobe@fuse.service has begun execution.
░░ 
░░ The job identifier is 340.
Mar 26 09:07:40 Rocky-Compute-2 systemd[1]: modprobe@configfs.service: Deactivated successfully.
░░ Subject: Unit succeeded
░░ Defined-By: systemd
░░ Support: https://wiki.rockylinux.org/rocky/support
░░ 
░░ The unit modprobe@configfs.service has successfully entered the 'dead' state.
Mar 26 09:07:40 Rocky-Compute-2 systemd[1]: Finished Load Kernel Module configfs.
░░ Subject: A start job for unit modprobe@configfs.service has finished successfully
░░ Defined-By: systemd
░░ Support: https://wiki.rockylinux.org/rocky/support
░░ 
░░ A start job for unit modprobe@configfs.service has finished successfully.
░░ 
░░ The job identifier is 334.
Mar 26 09:07:40 Rocky-Compute-2 systemd[1]: modprobe@fuse.service: Deactivated successfully.
░░ Subject: Unit succeeded
░░ Defined-By: systemd
░░ Support: https://wiki.rockylinux.org/rocky/support
░░ 
░░ The unit modprobe@fuse.service has successfully entered the 'dead' state.
Mar 26 09:07:40 Rocky-Compute-2 systemd[1]: Finished Load Kernel Module fuse.
░░ Subject: A start job for unit modprobe@fuse.service has finished successfully
░░ Defined-By: systemd
░░ Support: https://wiki.rockylinux.org/rocky/support
░░ 
░░ A start job for unit modprobe@fuse.service has finished successfully.
░░ 
░░ The job identifier is 340.
Mar 26 09:07:40 Rocky-Compute-2 systemd[1]: Finished Coldplug All udev Devices.
░░ Subject: A start job for unit systemd-udev-trigger.service has finished successfully
░░ Defined-By: systemd
░░ Support: https://wiki.rockylinux.org/rocky/support
░░ 
░░ A start job for unit systemd-udev-trigger.service has finished successfully.
░░ 
░░ The job identifier is 183.
Mar 26 09:07:40 Rocky-Compute-2 systemd[1]: Starting Wait for udev To Complete Device Initialization...
░░ Subject: A start job for unit systemd-udev-settle.service has begun execution
░░ Defined-By: systemd
░░ Support: https://wiki.rockylinux.org/rocky/support
░░ 
░░ A start job for unit systemd-udev-settle.service has begun execution.
░░ 
░░ The job identifier is 238.
Mar 26 09:07:40 Rocky-Compute-2 udevadm[1238]: systemd-udev-settle.service is deprecated. Please fix multipathd.service not to pull it in.
Mar 26 09:07:40 Rocky-Compute-2 systemd[1]: Condition check resulted in SanDisk_X600_2.5_7MM_SATA_256GB being skipped.
░░ Subject: A start job for unit dev-sdc.device has finished successfully
░░ Defined-By: systemd
░░ Support: https://wiki.rockylinux.org/rocky/support
░░ 
░░ A start job for unit dev-sdc.device has finished successfully.
░░ 
░░ The job identifier is 202.
Mar 26 09:07:40 Rocky-Compute-2 kernel: IPMI message handler: version 39.2
Mar 26 09:07:40 Rocky-Compute-2 kernel: ipmi device interface
Mar 26 09:07:40 Rocky-Compute-2 systemd[1]: Condition check resulted in SAMSUNG_MZ7TY256HDHP-000L7 being skipped.
░░ Subject: A start job for unit dev-sdb.device has finished successfully
░░ Defined-By: systemd
░░ Support: https://wiki.rockylinux.org/rocky/support
░░ 
░░ A start job for unit dev-sdb.device has finished successfully.
░░ 
░░ The job identifier is 200.
Mar 26 09:07:40 Rocky-Compute-2 lvm[1277]: PV /dev/sdc3 online, VG rl is complete.
Mar 26 09:07:40 Rocky-Compute-2 kernel: ipmi_si: IPMI System Interface driver
Mar 26 09:07:40 Rocky-Compute-2 kernel: ipmi_si dmi-ipmi-si.0: ipmi_platform: probing via SMBIOS
Mar 26 09:07:40 Rocky-Compute-2 kernel: ipmi_platform: ipmi_si: SMBIOS: io 0xca2 regsize 1 spacing 1 irq 0
Mar 26 09:07:40 Rocky-Compute-2 kernel: ipmi_si: Adding SMBIOS-specified kcs state machine
Mar 26 09:07:40 Rocky-Compute-2 kernel: ipmi_si IPI0001:00: ipmi_platform: probing via ACPI
Mar 26 09:07:40 Rocky-Compute-2 kernel: ipmi_si IPI0001:00: ipmi_platform: [io  0x0ca2] regsize 1 spacing 1 irq 0
Mar 26 09:07:40 Rocky-Compute-2 kernel: ipmi_si dmi-ipmi-si.0: Removing SMBIOS-specified kcs state machine in favor of ACPI
Mar 26 09:07:40 Rocky-Compute-2 kernel: ipmi_si: Adding ACPI-specified kcs state machine
Mar 26 09:07:40 Rocky-Compute-2 kernel: ipmi_si: Trying ACPI-specified kcs state machine at i/o address 0xca2, slave address 0x20, irq 0
Mar 26 09:07:40 Rocky-Compute-2 systemd[1]: Condition check resulted in SanDisk_X600_2.5_7MM_SATA_256GB 2 being skipped.
░░ Subject: A start job for unit dev-disk-by\x2duuid-43eae109\x2d9d99\x2d4227\x2d9e28\x2dfc508f6e3e85.device has finished successfully
░░ Defined-By: systemd
░░ Support: https://wiki.rockylinux.org/rocky/support
░░ 
░░ A start job for unit dev-disk-by\x2duuid-43eae109\x2d9d99\x2d4227\x2d9e28\x2dfc508f6e3e85.device has finished successfully.
░░ 
░░ The job identifier is 206.
Mar 26 09:07:40 Rocky-Compute-2 systemd[1]: Condition check resulted in SanDisk_X600_2.5_7MM_SATA_256GB EFI\x20System\x20Partition being skipped.
░░ Subject: A start job for unit dev-disk-by\x2duuid-AEF3\x2d8608.device has finished successfully
░░ Defined-By: systemd
░░ Support: https://wiki.rockylinux.org/rocky/support
░░ 
░░ A start job for unit dev-disk-by\x2duuid-AEF3\x2d8608.device has finished successfully.
░░ 
░░ The job identifier is 204.
Mar 26 09:07:40 Rocky-Compute-2 kernel: ioatdma: Intel(R) QuickData Technology Driver 5.00
Mar 26 09:07:40 Rocky-Compute-2 kernel: i801_smbus 0000:00:1f.3: enabling device (0000 -> 0003)
Mar 26 09:07:40 Rocky-Compute-2 kernel: i801_smbus 0000:00:1f.3: SMBus using PCI interrupt
Mar 26 09:07:40 Rocky-Compute-2 kernel: i2c i2c-3: 8/8 memory slots populated (from DMI)
Mar 26 09:07:40 Rocky-Compute-2 systemd[1]: Starting Load RDMA modules from /etc/rdma/modules/infiniband.conf...
░░ Subject: A start job for unit rdma-load-modules@infiniband.service has begun execution
░░ Defined-By: systemd
░░ Support: https://wiki.rockylinux.org/rocky/support
░░ 
░░ A start job for unit rdma-load-modules@infiniband.service has begun execution.
░░ 
░░ The job identifier is 358.
Mar 26 09:07:40 Rocky-Compute-2 systemd[1]: Starting Load RDMA modules from /etc/rdma/modules/rdma.conf...
░░ Subject: A start job for unit rdma-load-modules@rdma.service has begun execution
░░ Defined-By: systemd
░░ Support: https://wiki.rockylinux.org/rocky/support
░░ 
░░ A start job for unit rdma-load-modules@rdma.service has begun execution.
░░ 
░░ The job identifier is 352.
Mar 26 09:07:40 Rocky-Compute-2 systemd[1]: Starting Load RDMA modules from /etc/rdma/modules/roce.conf...
░░ Subject: A start job for unit rdma-load-modules@roce.service has begun execution
░░ Defined-By: systemd
░░ Support: https://wiki.rockylinux.org/rocky/support
░░ 
░░ A start job for unit rdma-load-modules@roce.service has begun execution.
░░ 
░░ The job identifier is 364.
Mar 26 09:07:40 Rocky-Compute-2 kernel: i2c i2c-3: Successfully instantiated SPD at 0x50
Mar 26 09:07:40 Rocky-Compute-2 kernel: igb 0000:01:00.0: DCA enabled
Mar 26 09:07:40 Rocky-Compute-2 kernel: igb 0000:01:00.1: DCA enabled
Mar 26 09:07:40 Rocky-Compute-2 systemd[1]: Starting RDMA Node Description Daemon...
░░ Subject: A start job for unit rdma-ndd.service has begun execution
░░ Defined-By: systemd
░░ Support: https://wiki.rockylinux.org/rocky/support
░░ 
░░ A start job for unit rdma-ndd.service has begun execution.
░░ 
░░ The job identifier is 346.
Mar 26 09:07:40 Rocky-Compute-2 systemd[1]: Finished Load RDMA modules from /etc/rdma/modules/infiniband.conf.
░░ Subject: A start job for unit rdma-load-modules@infiniband.service has finished successfully
░░ Defined-By: systemd
░░ Support: https://wiki.rockylinux.org/rocky/support
░░ 
░░ A start job for unit rdma-load-modules@infiniband.service has finished successfully.
░░ 
░░ The job identifier is 358.
Mar 26 09:07:40 Rocky-Compute-2 systemd[1]: Finished Load RDMA modules from /etc/rdma/modules/roce.conf.
░░ Subject: A start job for unit rdma-load-modules@roce.service has finished successfully
░░ Defined-By: systemd
░░ Support: https://wiki.rockylinux.org/rocky/support
░░ 
░░ A start job for unit rdma-load-modules@roce.service has finished successfully.
░░ 
░░ The job identifier is 364.
Mar 26 09:07:40 Rocky-Compute-2 systemd[1]: Finished Load RDMA modules from /etc/rdma/modules/rdma.conf.
░░ Subject: A start job for unit rdma-load-modules@rdma.service has finished successfully
░░ Defined-By: systemd
░░ Support: https://wiki.rockylinux.org/rocky/support
░░ 
░░ A start job for unit rdma-load-modules@rdma.service has finished successfully.
░░ 
░░ The job identifier is 352.
Mar 26 09:07:40 Rocky-Compute-2 kernel: input: PC Speaker as /devices/platform/pcspkr/input/input4
Mar 26 09:07:40 Rocky-Compute-2 systemd[1]: Started /usr/sbin/lvm vgchange -aay --autoactivation event rl.
░░ Subject: A start job for unit lvm-activate-rl.service has finished successfully
░░ Defined-By: systemd
░░ Support: https://wiki.rockylinux.org/rocky/support
░░ 
░░ A start job for unit lvm-activate-rl.service has finished successfully.
░░ 
░░ The job identifier is 370.
Mar 26 09:07:40 Rocky-Compute-2 systemd[1]: Started RDMA Node Description Daemon.
░░ Subject: A start job for unit rdma-ndd.service has finished successfully
░░ Defined-By: systemd
░░ Support: https://wiki.rockylinux.org/rocky/support
░░ 
░░ A start job for unit rdma-ndd.service has finished successfully.
░░ 
░░ The job identifier is 346.
Mar 26 09:07:40 Rocky-Compute-2 systemd[1]: Reached target RDMA Hardware.
░░ Subject: A start job for unit rdma-hw.target has finished successfully
░░ Defined-By: systemd
░░ Support: https://wiki.rockylinux.org/rocky/support
░░ 
░░ A start job for unit rdma-hw.target has finished successfully.
░░ 
░░ The job identifier is 351.
Mar 26 09:07:40 Rocky-Compute-2 kernel: mei_me 0000:00:16.0: Device doesn't have valid ME Interface
Mar 26 09:07:40 Rocky-Compute-2 kernel: RAPL PMU: API unit is 2^-32 Joules, 2 fixed counters, 655360 ms ovfl timer
Mar 26 09:07:40 Rocky-Compute-2 kernel: RAPL PMU: hw unit of domain package 2^-14 Joules
Mar 26 09:07:40 Rocky-Compute-2 kernel: RAPL PMU: hw unit of domain dram 2^-16 Joules
Mar 26 09:07:40 Rocky-Compute-2 kernel: power_meter ACPI000D:00: Found ACPI power meter.
Mar 26 09:07:40 Rocky-Compute-2 kernel: power_meter ACPI000D:00: Ignoring unsafe software power cap!
Mar 26 09:07:40 Rocky-Compute-2 kernel: power_meter ACPI000D:00: hwmon_device_register() is deprecated. Please convert the driver to use hwmon_device_register_with_info().
Mar 26 09:07:40 Rocky-Compute-2 kernel: ipmi_si IPI0001:00: IPMI message handler: Found new BMC (man_id: 0x002a7c, prod_id: 0x0858, dev_id: 0x20)
Mar 26 09:07:40 Rocky-Compute-2 lvm[1322]:   3 logical volume(s) in volume group "rl" now active
Mar 26 09:07:40 Rocky-Compute-2 systemd[1]: Found device /dev/mapper/rl-home.
░░ Subject: A start job for unit dev-mapper-rl\x2dhome.device has finished successfully
░░ Defined-By: systemd
░░ Support: https://wiki.rockylinux.org/rocky/support
░░ 
░░ A start job for unit dev-mapper-rl\x2dhome.device has finished successfully.
░░ 
░░ The job identifier is 198.
Mar 26 09:07:40 Rocky-Compute-2 kernel: ipmi_si IPI0001:00: IPMI kcs interface initialized
Mar 26 09:07:40 Rocky-Compute-2 kernel: iTCO_vendor_support: vendor-support=0
Mar 26 09:07:40 Rocky-Compute-2 kernel: iTCO_wdt iTCO_wdt.1.auto: Found a Wellsburg TCO device (Version=2, TCOBASE=0x0460)
Mar 26 09:07:40 Rocky-Compute-2 kernel: iTCO_wdt iTCO_wdt.1.auto: initialized. heartbeat=30 sec (nowayout=0)
Mar 26 09:07:40 Rocky-Compute-2 kernel: ipmi_ssif: IPMI SSIF Interface driver
Mar 26 09:07:41 Rocky-Compute-2 systemd[1]: lvm-activate-rl.service: Deactivated successfully.
░░ Subject: Unit succeeded
░░ Defined-By: systemd
░░ Support: https://wiki.rockylinux.org/rocky/support
░░ 
░░ The unit lvm-activate-rl.service has successfully entered the 'dead' state.
Mar 26 09:07:41 Rocky-Compute-2 kernel: EDAC sbridge: Seeking for: PCI ID 8086:6fa0
Mar 26 09:07:41 Rocky-Compute-2 kernel: EDAC sbridge: Seeking for: PCI ID 8086:6fa0
Mar 26 09:07:41 Rocky-Compute-2 kernel: EDAC sbridge: Seeking for: PCI ID 8086:6fa0
Mar 26 09:07:41 Rocky-Compute-2 kernel: EDAC sbridge: Seeking for: PCI ID 8086:6f60
Mar 26 09:07:41 Rocky-Compute-2 kernel: EDAC sbridge: Seeking for: PCI ID 8086:6f60
Mar 26 09:07:41 Rocky-Compute-2 kernel: EDAC sbridge: Seeking for: PCI ID 8086:6f60
Mar 26 09:07:41 Rocky-Compute-2 kernel: EDAC sbridge: Seeking for: PCI ID 8086:6fa8
Mar 26 09:07:41 Rocky-Compute-2 kernel: EDAC sbridge: Seeking for: PCI ID 8086:6fa8
Mar 26 09:07:41 Rocky-Compute-2 kernel: EDAC sbridge: Seeking for: PCI ID 8086:6fa8
Mar 26 09:07:41 Rocky-Compute-2 kernel: EDAC sbridge: Seeking for: PCI ID 8086:6f71
Mar 26 09:07:41 Rocky-Compute-2 kernel: EDAC sbridge: Seeking for: PCI ID 8086:6f71
Mar 26 09:07:41 Rocky-Compute-2 kernel: EDAC sbridge: Seeking for: PCI ID 8086:6f71
Mar 26 09:07:41 Rocky-Compute-2 kernel: EDAC sbridge: Seeking for: PCI ID 8086:6faa
Mar 26 09:07:41 Rocky-Compute-2 kernel: EDAC sbridge: Seeking for: PCI ID 8086:6faa
Mar 26 09:07:41 Rocky-Compute-2 kernel: EDAC sbridge: Seeking for: PCI ID 8086:6faa
Mar 26 09:07:41 Rocky-Compute-2 kernel: EDAC sbridge: Seeking for: PCI ID 8086:6fab
Mar 26 09:07:41 Rocky-Compute-2 kernel: EDAC sbridge: Seeking for: PCI ID 8086:6fab
Mar 26 09:07:41 Rocky-Compute-2 kernel: EDAC sbridge: Seeking for: PCI ID 8086:6fab
Mar 26 09:07:41 Rocky-Compute-2 kernel: EDAC sbridge: Seeking for: PCI ID 8086:6fac
Mar 26 09:07:41 Rocky-Compute-2 kernel: EDAC sbridge: Seeking for: PCI ID 8086:6fad
Mar 26 09:07:41 Rocky-Compute-2 kernel: EDAC sbridge: Seeking for: PCI ID 8086:6f68
Mar 26 09:07:41 Rocky-Compute-2 kernel: EDAC sbridge: Seeking for: PCI ID 8086:6f68
Mar 26 09:07:41 Rocky-Compute-2 kernel: EDAC sbridge: Seeking for: PCI ID 8086:6f68
Mar 26 09:07:41 Rocky-Compute-2 kernel: EDAC sbridge: Seeking for: PCI ID 8086:6f79
Mar 26 09:07:41 Rocky-Compute-2 kernel: EDAC sbridge: Seeking for: PCI ID 8086:6f79
Mar 26 09:07:41 Rocky-Compute-2 kernel: EDAC sbridge: Seeking for: PCI ID 8086:6f79
Mar 26 09:07:41 Rocky-Compute-2 kernel: EDAC sbridge: Seeking for: PCI ID 8086:6f6a
Mar 26 09:07:41 Rocky-Compute-2 kernel: EDAC sbridge: Seeking for: PCI ID 8086:6f6a
Mar 26 09:07:41 Rocky-Compute-2 kernel: EDAC sbridge: Seeking for: PCI ID 8086:6f6a
Mar 26 09:07:41 Rocky-Compute-2 kernel: EDAC sbridge: Seeking for: PCI ID 8086:6f6b
Mar 26 09:07:41 Rocky-Compute-2 kernel: EDAC sbridge: Seeking for: PCI ID 8086:6f6b
Mar 26 09:07:41 Rocky-Compute-2 kernel: EDAC sbridge: Seeking for: PCI ID 8086:6f6b
Mar 26 09:07:41 Rocky-Compute-2 kernel: EDAC sbridge: Seeking for: PCI ID 8086:6f6c
Mar 26 09:07:41 Rocky-Compute-2 kernel: EDAC sbridge: Seeking for: PCI ID 8086:6f6d
Mar 26 09:07:41 Rocky-Compute-2 kernel: EDAC sbridge: Seeking for: PCI ID 8086:6ffc
Mar 26 09:07:41 Rocky-Compute-2 kernel: EDAC sbridge: Seeking for: PCI ID 8086:6ffc
Mar 26 09:07:41 Rocky-Compute-2 kernel: EDAC sbridge: Seeking for: PCI ID 8086:6ffc
Mar 26 09:07:41 Rocky-Compute-2 kernel: EDAC sbridge: Seeking for: PCI ID 8086:6ffd
Mar 26 09:07:41 Rocky-Compute-2 kernel: EDAC sbridge: Seeking for: PCI ID 8086:6ffd
Mar 26 09:07:41 Rocky-Compute-2 kernel: EDAC sbridge: Seeking for: PCI ID 8086:6ffd
Mar 26 09:07:41 Rocky-Compute-2 kernel: EDAC sbridge: Seeking for: PCI ID 8086:6faf
Mar 26 09:07:41 Rocky-Compute-2 kernel: EDAC sbridge: Seeking for: PCI ID 8086:6faf
Mar 26 09:07:41 Rocky-Compute-2 kernel: EDAC sbridge: Seeking for: PCI ID 8086:6faf
Mar 26 09:07:41 Rocky-Compute-2 kernel: EDAC MC0: Giving out device to module sb_edac controller Broadwell SrcID#1_Ha#0: DEV 0000:ff:12.0 (INTERRUPT)
Mar 26 09:07:41 Rocky-Compute-2 kernel: EDAC MC1: Giving out device to module sb_edac controller Broadwell SrcID#0_Ha#0: DEV 0000:7f:12.0 (INTERRUPT)
Mar 26 09:07:41 Rocky-Compute-2 kernel: EDAC MC2: Giving out device to module sb_edac controller Broadwell SrcID#1_Ha#1: DEV 0000:ff:12.4 (INTERRUPT)
Mar 26 09:07:41 Rocky-Compute-2 kernel: EDAC MC3: Giving out device to module sb_edac controller Broadwell SrcID#0_Ha#1: DEV 0000:7f:12.4 (INTERRUPT)
Mar 26 09:07:41 Rocky-Compute-2 kernel: EDAC sbridge:  Ver: 1.1.2 
Mar 26 09:07:41 Rocky-Compute-2 kernel: intel_rapl_common: Found RAPL domain package
Mar 26 09:07:41 Rocky-Compute-2 kernel: intel_rapl_common: Found RAPL domain dram
Mar 26 09:07:41 Rocky-Compute-2 kernel: intel_rapl_common: Found RAPL domain package
Mar 26 09:07:41 Rocky-Compute-2 kernel: intel_rapl_common: Found RAPL domain dram
Mar 26 09:07:41 Rocky-Compute-2 systemd[1]: Finished Wait for udev To Complete Device Initialization.
░░ Subject: A start job for unit systemd-udev-settle.service has finished successfully
░░ Defined-By: systemd
░░ Support: https://wiki.rockylinux.org/rocky/support
░░ 
░░ A start job for unit systemd-udev-settle.service has finished successfully.
░░ 
░░ The job identifier is 238.
Mar 26 09:07:41 Rocky-Compute-2 systemd[1]: Device-Mapper Multipath Device Controller was skipped because of an unmet condition check (ConditionPathExists=/etc/multipath.conf).
░░ Subject: A start job for unit multipathd.service has finished successfully
░░ Defined-By: systemd
░░ Support: https://wiki.rockylinux.org/rocky/support
░░ 
░░ A start job for unit multipathd.service has finished successfully.
░░ 
░░ The job identifier is 237.
Mar 26 09:07:41 Rocky-Compute-2 systemd[1]: Reached target Preparation for Local File Systems.
░░ Subject: A start job for unit local-fs-pre.target has finished successfully
░░ Defined-By: systemd
░░ Support: https://wiki.rockylinux.org/rocky/support
░░ 
░░ A start job for unit local-fs-pre.target has finished successfully.
░░ 
░░ The job identifier is 210.
Mar 26 09:07:41 Rocky-Compute-2 systemd[1]: Mounting /boot...
░░ Subject: A start job for unit boot.mount has begun execution
░░ Defined-By: systemd
░░ Support: https://wiki.rockylinux.org/rocky/support
░░ 
░░ A start job for unit boot.mount has begun execution.
░░ 
░░ The job identifier is 205.
Mar 26 09:07:41 Rocky-Compute-2 systemd[1]: Mounting /home...
░░ Subject: A start job for unit home.mount has begun execution
░░ Defined-By: systemd
░░ Support: https://wiki.rockylinux.org/rocky/support
░░ 
░░ A start job for unit home.mount has begun execution.
░░ 
░░ The job identifier is 197.
Mar 26 09:07:41 Rocky-Compute-2 systemd[1]: Mounting /mnt/ssd0...
░░ Subject: A start job for unit mnt-ssd0.mount has begun execution
░░ Defined-By: systemd
░░ Support: https://wiki.rockylinux.org/rocky/support
░░ 
░░ A start job for unit mnt-ssd0.mount has begun execution.
░░ 
░░ The job identifier is 199.
Mar 26 09:07:41 Rocky-Compute-2 kernel: XFS (sdc2): Mounting V5 Filesystem 43eae109-9d99-4227-9e28-fc508f6e3e85
Mar 26 09:07:41 Rocky-Compute-2 systemd[1]: Mounting /mnt/ssd1...
░░ Subject: A start job for unit mnt-ssd1.mount has begun execution
░░ Defined-By: systemd
░░ Support: https://wiki.rockylinux.org/rocky/support
░░ 
░░ A start job for unit mnt-ssd1.mount has begun execution.
░░ 
░░ The job identifier is 201.
Mar 26 09:07:41 Rocky-Compute-2 kernel: XFS (dm-2): Mounting V5 Filesystem b0349870-d5b1-42e5-87fc-da3d9d4d6782
Mar 26 09:07:41 Rocky-Compute-2 systemd[1]: Starting File System Check on /dev/disk/by-uuid/AEF3-8608...
░░ Subject: A start job for unit systemd-fsck@dev-disk-by\x2duuid-AEF3\x2d8608.service has begun execution
░░ Defined-By: systemd
░░ Support: https://wiki.rockylinux.org/rocky/support
░░ 
░░ A start job for unit systemd-fsck@dev-disk-by\x2duuid-AEF3\x2d8608.service has begun execution.
░░ 
░░ The job identifier is 207.
Mar 26 09:07:41 Rocky-Compute-2 kernel: /dev/sdc: Can't open blockdev
Mar 26 09:07:41 Rocky-Compute-2 mount[1474]: mount: /mnt/ssd1: /dev/sdc already mounted or mount point busy.
Mar 26 09:07:41 Rocky-Compute-2 systemd[1]: mnt-ssd1.mount: Mount process exited, code=exited, status=32/n/a
░░ Subject: Unit process exited
░░ Defined-By: systemd
░░ Support: https://wiki.rockylinux.org/rocky/support
░░ 
░░ An n/a= process belonging to unit mnt-ssd1.mount has exited.
░░ 
░░ The process' exit code is 'exited' and its exit status is 32.
Mar 26 09:07:41 Rocky-Compute-2 systemd[1]: mnt-ssd1.mount: Failed with result 'exit-code'.
░░ Subject: Unit failed
░░ Defined-By: systemd
░░ Support: https://wiki.rockylinux.org/rocky/support
░░ 
░░ The unit mnt-ssd1.mount has entered the 'failed' state with result 'exit-code'.
Mar 26 09:07:41 Rocky-Compute-2 systemd[1]: Failed to mount /mnt/ssd1.
░░ Subject: A start job for unit mnt-ssd1.mount has failed
░░ Defined-By: systemd
░░ Support: https://wiki.rockylinux.org/rocky/support
░░ 
░░ A start job for unit mnt-ssd1.mount has finished with a failure.
░░ 
░░ The job identifier is 201 and the job result is failed.
Mar 26 09:07:41 Rocky-Compute-2 systemd[1]: Dependency failed for Local File Systems.
░░ Subject: A start job for unit local-fs.target has failed
░░ Defined-By: systemd
░░ Support: https://wiki.rockylinux.org/rocky/support
░░ 
░░ A start job for unit local-fs.target has finished with a failure.
░░ 
░░ The job identifier is 196 and the job result is dependency.
Mar 26 09:07:41 Rocky-Compute-2 systemd[1]: Dependency failed for Mark the need to relabel after reboot.
░░ Subject: A start job for unit selinux-autorelabel-mark.service has failed
░░ Defined-By: systemd
░░ Support: https://wiki.rockylinux.org/rocky/support
░░ 
░░ A start job for unit selinux-autorelabel-mark.service has finished with a failure.
░░ 
░░ The job identifier is 229 and the job result is dependency.
Mar 26 09:07:41 Rocky-Compute-2 kernel: XFS (sdb): Mounting V5 Filesystem 227f9f7b-96b6-47b0-8d7a-15c6add02f85
Mar 26 09:07:41 Rocky-Compute-2 systemd[1]: selinux-autorelabel-mark.service: Job selinux-autorelabel-mark.service/start failed with result 'dependency'.
Mar 26 09:07:41 Rocky-Compute-2 systemd[1]: local-fs.target: Job local-fs.target/start failed with result 'dependency'.
Mar 26 09:07:41 Rocky-Compute-2 systemd[1]: local-fs.target: Triggering OnFailure= dependencies.
Mar 26 09:07:41 Rocky-Compute-2 systemd[1]: systemd-ask-password-wall.path: Deactivated successfully.
░░ Subject: Unit succeeded
░░ Defined-By: systemd
░░ Support: https://wiki.rockylinux.org/rocky/support
░░ 
░░ The unit systemd-ask-password-wall.path has successfully entered the 'dead' state.
Mar 26 09:07:41 Rocky-Compute-2 systemd[1]: Stopped Forward Password Requests to Wall Directory Watch.
░░ Subject: A stop job for unit systemd-ask-password-wall.path has finished
░░ Defined-By: systemd
░░ Support: https://wiki.rockylinux.org/rocky/support
░░ 
░░ A stop job for unit systemd-ask-password-wall.path has finished.
░░ 
░░ The job identifier is 435 and the job result is done.
Mar 26 09:07:41 Rocky-Compute-2 systemd[1]: Reached target Timer Units.
░░ Subject: A start job for unit timers.target has finished successfully
░░ Defined-By: systemd
░░ Support: https://wiki.rockylinux.org/rocky/support
░░ 
░░ A start job for unit timers.target has finished successfully.
░░ 
░░ The job identifier is 259.
Mar 26 09:07:41 Rocky-Compute-2 systemd[1]: Reached target Preparation for Network.
░░ Subject: A start job for unit network-pre.target has finished successfully
░░ Defined-By: systemd
░░ Support: https://wiki.rockylinux.org/rocky/support
░░ 
░░ A start job for unit network-pre.target has finished successfully.
░░ 
░░ The job identifier is 192.
Mar 26 09:07:41 Rocky-Compute-2 systemd[1]: Reached target Login Prompts.
░░ Subject: A start job for unit getty.target has finished successfully
░░ Defined-By: systemd
░░ Support: https://wiki.rockylinux.org/rocky/support
░░ 
░░ A start job for unit getty.target has finished successfully.
░░ 
░░ The job identifier is 277.
Mar 26 09:07:41 Rocky-Compute-2 systemd[1]: Commit a transient machine-id on disk was skipped because of an unmet condition check (ConditionPathIsMountPoint=/etc/machine-id).
░░ Subject: A start job for unit systemd-machine-id-commit.service has finished successfully
░░ Defined-By: systemd
░░ Support: https://wiki.rockylinux.org/rocky/support
░░ 
░░ A start job for unit systemd-machine-id-commit.service has finished successfully.
░░ 
░░ The job identifier is 181.
Mar 26 09:07:41 Rocky-Compute-2 systemd[1]: Reached target User and Group Name Lookups.
░░ Subject: A start job for unit nss-user-lookup.target has finished successfully
░░ Defined-By: systemd
░░ Support: https://wiki.rockylinux.org/rocky/support
░░ 
░░ A start job for unit nss-user-lookup.target has finished successfully.
░░ 
░░ The job identifier is 291.
Mar 26 09:07:41 Rocky-Compute-2 systemd[1]: Reached target Network.
░░ Subject: A start job for unit network.target has finished successfully
░░ Defined-By: systemd
░░ Support: https://wiki.rockylinux.org/rocky/support
░░ 
░░ A start job for unit network.target has finished successfully.
░░ 
░░ The job identifier is 265.
Mar 26 09:07:41 Rocky-Compute-2 systemd[1]: Reached target Network is Online.
░░ Subject: A start job for unit network-online.target has finished successfully
░░ Defined-By: systemd
░░ Support: https://wiki.rockylinux.org/rocky/support
░░ 
░░ A start job for unit network-online.target has finished successfully.
░░ 
░░ The job identifier is 261.
Mar 26 09:07:41 Rocky-Compute-2 systemd[1]: Reached target Socket Units.
░░ Subject: A start job for unit sockets.target has finished successfully
░░ Defined-By: systemd
░░ Support: https://wiki.rockylinux.org/rocky/support
░░ 
░░ A start job for unit sockets.target has finished successfully.
░░ 
░░ The job identifier is 250.
Mar 26 09:07:41 Rocky-Compute-2 systemd[1]: Started Emergency Shell.
░░ Subject: A start job for unit emergency.service has finished successfully
░░ Defined-By: systemd
░░ Support: https://wiki.rockylinux.org/rocky/support
░░ 
░░ A start job for unit emergency.service has finished successfully.
░░ 
░░ The job identifier is 374.
Mar 26 09:07:41 Rocky-Compute-2 systemd[1]: Reached target Emergency Mode.
░░ Subject: A start job for unit emergency.target has finished successfully
░░ Defined-By: systemd
░░ Support: https://wiki.rockylinux.org/rocky/support
░░ 
░░ A start job for unit emergency.target has finished successfully.
░░ 
░░ The job identifier is 373.
Mar 26 09:07:41 Rocky-Compute-2 systemd[1]: Rebuild Dynamic Linker Cache was skipped because no trigger condition checks were met.
░░ Subject: A start job for unit ldconfig.service has finished successfully
░░ Defined-By: systemd
░░ Support: https://wiki.rockylinux.org/rocky/support
░░ 
░░ A start job for unit ldconfig.service has finished successfully.
░░ 
░░ The job identifier is 188.
Mar 26 09:07:41 Rocky-Compute-2 systemd[1]: Starting Tell Plymouth To Write Out Runtime Data...
░░ Subject: A start job for unit plymouth-read-write.service has begun execution
░░ Defined-By: systemd
░░ Support: https://wiki.rockylinux.org/rocky/support
░░ 
░░ A start job for unit plymouth-read-write.service has begun execution.
░░ 
░░ The job identifier is 226.
Mar 26 09:07:41 Rocky-Compute-2 systemd[1]: Set Up Additional Binary Formats was skipped because no trigger condition checks were met.
░░ Subject: A start job for unit systemd-binfmt.service has finished successfully
░░ Defined-By: systemd
░░ Support: https://wiki.rockylinux.org/rocky/support
░░ 
░░ A start job for unit systemd-binfmt.service has finished successfully.
░░ 
░░ The job identifier is 155.
Mar 26 09:07:41 Rocky-Compute-2 systemd[1]: Update Boot Loader Random Seed was skipped because no trigger condition checks were met.
░░ Subject: A start job for unit systemd-boot-random-seed.service has finished successfully
░░ Defined-By: systemd
░░ Support: https://wiki.rockylinux.org/rocky/support
░░ 
░░ A start job for unit systemd-boot-random-seed.service has finished successfully.
░░ 
░░ The job identifier is 194.
Mar 26 09:07:41 Rocky-Compute-2 systemd[1]: Starting Automatic Boot Loader Update...
░░ Subject: A start job for unit systemd-boot-update.service has begun execution
░░ Defined-By: systemd
░░ Support: https://wiki.rockylinux.org/rocky/support
░░ 
░░ A start job for unit systemd-boot-update.service has begun execution.
░░ 
░░ The job identifier is 242.
Mar 26 09:07:41 Rocky-Compute-2 systemd[1]: TPM2 PCR Barrier (Initialization) was skipped because of an unmet condition check (ConditionPathExists=/sys/firmware/efi/efivars/StubPcrKernelImage-4a67b082-0a4c-41cf-b6c7-440b29bb8c4f).
░░ Subject: A start job for unit systemd-pcrphase-sysinit.service has finished successfully
░░ Defined-By: systemd
░░ Support: https://wiki.rockylinux.org/rocky/support
░░ 
░░ A start job for unit systemd-pcrphase-sysinit.service has finished successfully.
░░ 
░░ The job identifier is 241.
Mar 26 09:07:41 Rocky-Compute-2 systemd[1]: Starting Create Volatile Files and Directories...
░░ Subject: A start job for unit systemd-tmpfiles-setup.service has begun execution
░░ Defined-By: systemd
░░ Support: https://wiki.rockylinux.org/rocky/support
░░ 
░░ A start job for unit systemd-tmpfiles-setup.service has begun execution.
░░ 
░░ The job identifier is 177.
Mar 26 09:07:41 Rocky-Compute-2 kernel: XFS (sdb): Ending clean mount
Mar 26 09:07:41 Rocky-Compute-2 bootctl[1494]: Couldn't find EFI system partition, skipping.
Mar 26 09:07:41 Rocky-Compute-2 systemd[1]: Mounted /mnt/ssd0.
░░ Subject: A start job for unit mnt-ssd0.mount has finished successfully
░░ Defined-By: systemd
░░ Support: https://wiki.rockylinux.org/rocky/support
░░ 
░░ A start job for unit mnt-ssd0.mount has finished successfully.
░░ 
░░ The job identifier is 199.
Mar 26 09:07:41 Rocky-Compute-2 systemd[1]: Finished Automatic Boot Loader Update.
░░ Subject: A start job for unit systemd-boot-update.service has finished successfully
░░ Defined-By: systemd
░░ Support: https://wiki.rockylinux.org/rocky/support
░░ 
░░ A start job for unit systemd-boot-update.service has finished successfully.
░░ 
░░ The job identifier is 242.
Mar 26 09:07:41 Rocky-Compute-2 kernel: XFS (sdc2): Ending clean mount
Mar 26 09:07:41 Rocky-Compute-2 kernel: XFS (dm-2): Ending clean mount
Mar 26 09:07:41 Rocky-Compute-2 systemd[1]: Mounted /boot.
░░ Subject: A start job for unit boot.mount has finished successfully
░░ Defined-By: systemd
░░ Support: https://wiki.rockylinux.org/rocky/support
░░ 
░░ A start job for unit boot.mount has finished successfully.
░░ 
░░ The job identifier is 205.
Mar 26 09:07:41 Rocky-Compute-2 systemd[1]: Mounted /home.
░░ Subject: A start job for unit home.mount has finished successfully
░░ Defined-By: systemd
░░ Support: https://wiki.rockylinux.org/rocky/support
░░ 
░░ A start job for unit home.mount has finished successfully.
░░ 
░░ The job identifier is 197.
Mar 26 09:07:41 Rocky-Compute-2 systemd[1]: Finished Tell Plymouth To Write Out Runtime Data.
░░ Subject: A start job for unit plymouth-read-write.service has finished successfully
░░ Defined-By: systemd
░░ Support: https://wiki.rockylinux.org/rocky/support
░░ 
░░ A start job for unit plymouth-read-write.service has finished successfully.
░░ 
░░ The job identifier is 226.
Mar 26 09:07:41 Rocky-Compute-2 systemd[1]: Received SIGRTMIN+20 from PID 810 (plymouthd).
Mar 26 09:07:41 Rocky-Compute-2 systemd-fsck[1497]: fsck.fat 4.2 (2021-01-31)
Mar 26 09:07:41 Rocky-Compute-2 systemd-fsck[1497]: /dev/sdc1: 12 files, 1804/153290 clusters
Mar 26 09:07:41 Rocky-Compute-2 systemd[1]: Finished File System Check on /dev/disk/by-uuid/AEF3-8608.
░░ Subject: A start job for unit systemd-fsck@dev-disk-by\x2duuid-AEF3\x2d8608.service has finished successfully
░░ Defined-By: systemd
░░ Support: https://wiki.rockylinux.org/rocky/support
░░ 
░░ A start job for unit systemd-fsck@dev-disk-by\x2duuid-AEF3\x2d8608.service has finished successfully.
░░ 
░░ The job identifier is 207.
Mar 26 09:07:41 Rocky-Compute-2 systemd[1]: Finished Create Volatile Files and Directories.
░░ Subject: A start job for unit systemd-tmpfiles-setup.service has finished successfully
░░ Defined-By: systemd
░░ Support: https://wiki.rockylinux.org/rocky/support
░░ 
░░ A start job for unit systemd-tmpfiles-setup.service has finished successfully.
░░ 
░░ The job identifier is 177.
Mar 26 09:07:41 Rocky-Compute-2 systemd[1]: Starting Security Auditing Service...
░░ Subject: A start job for unit auditd.service has begun execution
░░ Defined-By: systemd
░░ Support: https://wiki.rockylinux.org/rocky/support
░░ 
░░ A start job for unit auditd.service has begun execution.
░░ 
░░ The job identifier is 299.
Mar 26 09:07:41 Rocky-Compute-2 systemd[1]: Starting Crash recovery kernel arming...
░░ Subject: A start job for unit kdump.service has begun execution
░░ Defined-By: systemd
░░ Support: https://wiki.rockylinux.org/rocky/support
░░ 
░░ A start job for unit kdump.service has begun execution.
░░ 
░░ The job identifier is 312.
Mar 26 09:07:41 Rocky-Compute-2 systemd[1]: Rebuild Journal Catalog was skipped because of an unmet condition check (ConditionNeedsUpdate=/var).
░░ Subject: A start job for unit systemd-journal-catalog-update.service has finished successfully
░░ Defined-By: systemd
░░ Support: https://wiki.rockylinux.org/rocky/support
░░ 
░░ A start job for unit systemd-journal-catalog-update.service has finished successfully.
░░ 
░░ The job identifier is 193.
Mar 26 09:07:41 Rocky-Compute-2 systemd[1]: Update is Completed was skipped because no trigger condition checks were met.
░░ Subject: A start job for unit systemd-update-done.service has finished successfully
░░ Defined-By: systemd
░░ Support: https://wiki.rockylinux.org/rocky/support
░░ 
░░ A start job for unit systemd-update-done.service has finished successfully.
░░ 
░░ The job identifier is 189.
Mar 26 09:07:41 Rocky-Compute-2 auditd[1502]: audit dispatcher initialized with q_depth=2000 and 1 active plugins
Mar 26 09:07:41 Rocky-Compute-2 auditd[1502]: Init complete, auditd 3.1.5 listening for events (startup state enable)
Mar 26 09:07:41 Rocky-Compute-2 augenrules[1507]: /sbin/augenrules: No change
Mar 26 09:07:41 Rocky-Compute-2 augenrules[1531]: No rules
Mar 26 09:07:41 Rocky-Compute-2 augenrules[1531]: enabled 1
Mar 26 09:07:41 Rocky-Compute-2 augenrules[1531]: failure 1
Mar 26 09:07:41 Rocky-Compute-2 augenrules[1531]: pid 1502
Mar 26 09:07:41 Rocky-Compute-2 augenrules[1531]: rate_limit 0
Mar 26 09:07:41 Rocky-Compute-2 augenrules[1531]: backlog_limit 8192
Mar 26 09:07:41 Rocky-Compute-2 augenrules[1531]: lost 0
Mar 26 09:07:41 Rocky-Compute-2 augenrules[1531]: backlog 0
Mar 26 09:07:41 Rocky-Compute-2 augenrules[1531]: backlog_wait_time 60000
Mar 26 09:07:41 Rocky-Compute-2 augenrules[1531]: backlog_wait_time_actual 0
Mar 26 09:07:41 Rocky-Compute-2 augenrules[1531]: enabled 1
Mar 26 09:07:41 Rocky-Compute-2 augenrules[1531]: failure 1
Mar 26 09:07:41 Rocky-Compute-2 augenrules[1531]: pid 1502
Mar 26 09:07:41 Rocky-Compute-2 augenrules[1531]: rate_limit 0
Mar 26 09:07:41 Rocky-Compute-2 augenrules[1531]: backlog_limit 8192
Mar 26 09:07:41 Rocky-Compute-2 augenrules[1531]: lost 0
Mar 26 09:07:41 Rocky-Compute-2 augenrules[1531]: backlog 0
Mar 26 09:07:41 Rocky-Compute-2 augenrules[1531]: backlog_wait_time 60000
Mar 26 09:07:41 Rocky-Compute-2 augenrules[1531]: backlog_wait_time_actual 0
Mar 26 09:07:41 Rocky-Compute-2 augenrules[1531]: enabled 1
Mar 26 09:07:41 Rocky-Compute-2 augenrules[1531]: failure 1
Mar 26 09:07:41 Rocky-Compute-2 augenrules[1531]: pid 1502
Mar 26 09:07:41 Rocky-Compute-2 augenrules[1531]: rate_limit 0
Mar 26 09:07:41 Rocky-Compute-2 augenrules[1531]: backlog_limit 8192
Mar 26 09:07:41 Rocky-Compute-2 augenrules[1531]: lost 0
Mar 26 09:07:41 Rocky-Compute-2 augenrules[1531]: backlog 0
Mar 26 09:07:41 Rocky-Compute-2 augenrules[1531]: backlog_wait_time 60000
Mar 26 09:07:41 Rocky-Compute-2 augenrules[1531]: backlog_wait_time_actual 0
Mar 26 09:07:41 Rocky-Compute-2 systemd[1]: Started Security Auditing Service.
░░ Subject: A start job for unit auditd.service has finished successfully
░░ Defined-By: systemd
░░ Support: https://wiki.rockylinux.org/rocky/support
░░ 
░░ A start job for unit auditd.service has finished successfully.
░░ 
░░ The job identifier is 299.
Mar 26 09:07:41 Rocky-Compute-2 systemd[1]: Starting Record System Boot/Shutdown in UTMP...
░░ Subject: A start job for unit systemd-update-utmp.service has begun execution
░░ Defined-By: systemd
░░ Support: https://wiki.rockylinux.org/rocky/support
░░ 
░░ A start job for unit systemd-update-utmp.service has begun execution.
░░ 
░░ The job identifier is 309.
Mar 26 09:07:41 Rocky-Compute-2 systemd[1]: Finished Record System Boot/Shutdown in UTMP.
░░ Subject: A start job for unit systemd-update-utmp.service has finished successfully
░░ Defined-By: systemd
░░ Support: https://wiki.rockylinux.org/rocky/support
░░ 
░░ A start job for unit systemd-update-utmp.service has finished successfully.
░░ 
░░ The job identifier is 309.
Mar 26 09:07:41 Rocky-Compute-2 systemd[1]: Starting Record Runlevel Change in UTMP...
░░ Subject: A start job for unit systemd-update-utmp-runlevel.service has begun execution
░░ Defined-By: systemd
░░ Support: https://wiki.rockylinux.org/rocky/support
░░ 
░░ A start job for unit systemd-update-utmp-runlevel.service has begun execution.
░░ 
░░ The job identifier is 308.
Mar 26 09:07:41 Rocky-Compute-2 systemd-update-utmp[1547]: Failed to get new runlevel, utmp update skipped.
Mar 26 09:07:41 Rocky-Compute-2 systemd[1]: systemd-update-utmp-runlevel.service: Deactivated successfully.
░░ Subject: Unit succeeded
░░ Defined-By: systemd
░░ Support: https://wiki.rockylinux.org/rocky/support
░░ 
░░ The unit systemd-update-utmp-runlevel.service has successfully entered the 'dead' state.
Mar 26 09:07:41 Rocky-Compute-2 systemd[1]: Finished Record Runlevel Change in UTMP.
░░ Subject: A start job for unit systemd-update-utmp-runlevel.service has finished successfully
░░ Defined-By: systemd
░░ Support: https://wiki.rockylinux.org/rocky/support
░░ 
░░ A start job for unit systemd-update-utmp-runlevel.service has finished successfully.
░░ 
░░ The job identifier is 308.
Mar 26 09:07:41 Rocky-Compute-2 systemd[1]: Mounting /boot/efi...
░░ Subject: A start job for unit boot-efi.mount has begun execution
░░ Defined-By: systemd
░░ Support: https://wiki.rockylinux.org/rocky/support
░░ 
░░ A start job for unit boot-efi.mount has begun execution.
░░ 
░░ The job identifier is 203.
Mar 26 09:07:41 Rocky-Compute-2 systemd[1]: Mounted /boot/efi.
░░ Subject: A start job for unit boot-efi.mount has finished successfully
░░ Defined-By: systemd
░░ Support: https://wiki.rockylinux.org/rocky/support
░░ 
░░ A start job for unit boot-efi.mount has finished successfully.
░░ 
░░ The job identifier is 203.
Mar 26 09:07:41 Rocky-Compute-2 kdumpctl[1517]: kdump: Detected change(s) in the following file(s):  /etc/fstab
Mar 26 09:07:42 Rocky-Compute-2 kernel: block dm-0: the capability attribute has been deprecated.
Mar 26 09:07:42 Rocky-Compute-2 kdumpctl[1517]: kdump: Rebuilding /boot/initramfs-5.14.0-611.16.1.el9_7.x86_64kdump.img
Mar 26 09:07:42 Rocky-Compute-2 dracut[2190]: dracut-057-104.git20250919.el9_7
Mar 26 09:07:43 Rocky-Compute-2 dracut[2192]: Executing: /usr/bin/dracut --quiet --hostonly --hostonly-cmdline --hostonly-i18n --hostonly-mode strict --hostonly-nics  --mount "/dev/mapper/rl-root /sysroot xfs rw,relatime,attr2,inode64,logbufs=8,logbsize=32k,noquota" --squash-compressor zstd --no-hostonly-default-device --add-confdir /lib/kdump/dracut.conf.d -f /boot/initramfs-5.14.0-611.16.1.el9_7.x86_64kdump.img 5.14.0-611.16.1.el9_7.x86_64
Mar 26 09:07:43 Rocky-Compute-2 dracut[2192]: dracut module 'systemd-networkd' will not be installed, because command 'networkctl' could not be found!
Mar 26 09:07:43 Rocky-Compute-2 dracut[2192]: dracut module 'systemd-networkd' will not be installed, because command '/usr/lib/systemd/systemd-networkd' could not be found!
Mar 26 09:07:43 Rocky-Compute-2 dracut[2192]: dracut module 'systemd-networkd' will not be installed, because command '/usr/lib/systemd/systemd-networkd-wait-online' could not be found!
Mar 26 09:07:43 Rocky-Compute-2 dracut[2192]: dracut module 'systemd-resolved' will not be installed, because command 'resolvectl' could not be found!
Mar 26 09:07:43 Rocky-Compute-2 dracut[2192]: dracut module 'systemd-resolved' will not be installed, because command '/usr/lib/systemd/systemd-resolved' could not be found!
Mar 26 09:07:43 Rocky-Compute-2 dracut[2192]: dracut module 'systemd-timesyncd' will not be installed, because command '/usr/lib/systemd/systemd-timesyncd' could not be found!
Mar 26 09:07:43 Rocky-Compute-2 dracut[2192]: dracut module 'systemd-timesyncd' will not be installed, because command '/usr/lib/systemd/systemd-time-wait-sync' could not be found!
Mar 26 09:07:43 Rocky-Compute-2 dracut[2192]: dracut module 'busybox' will not be installed, because command 'busybox' could not be found!
Mar 26 09:07:43 Rocky-Compute-2 dracut[2192]: Module 'rdma' will not be installed, because it's in the list to be omitted!
Mar 26 09:07:43 Rocky-Compute-2 dracut[2192]: dracut module 'dbus-daemon' will not be installed, because command 'dbus-daemon' could not be found!
Mar 26 09:07:43 Rocky-Compute-2 dracut[2192]: dracut module 'rngd' will not be installed, because command 'rngd' could not be found!
Mar 26 09:07:43 Rocky-Compute-2 dracut[2192]: dracut module 'connman' will not be installed, because command 'connmand' could not be found!
Mar 26 09:07:43 Rocky-Compute-2 dracut[2192]: dracut module 'connman' will not be installed, because command 'connmanctl' could not be found!
Mar 26 09:07:43 Rocky-Compute-2 dracut[2192]: dracut module 'connman' will not be installed, because command 'connmand-wait-online' could not be found!
Mar 26 09:07:43 Rocky-Compute-2 dracut[2192]: dracut module 'network-legacy' will not be installed, because command 'dhclient' could not be found!
Mar 26 09:07:43 Rocky-Compute-2 dracut[2192]: dracut module 'network-wicked' will not be installed, because command 'wicked' could not be found!
Mar 26 09:07:43 Rocky-Compute-2 dracut[2192]: Module 'ifcfg' will not be installed, because it's in the list to be omitted!
Mar 26 09:07:43 Rocky-Compute-2 dracut[2192]: Module 'plymouth' will not be installed, because it's in the list to be omitted!
Mar 26 09:07:43 Rocky-Compute-2 dracut[2192]: dracut module 'btrfs' will not be installed, because command 'btrfs' could not be found!
Mar 26 09:07:43 Rocky-Compute-2 dracut[2192]: dracut module 'dmraid' will not be installed, because command 'dmraid' could not be found!
Mar 26 09:07:43 Rocky-Compute-2 dracut[2192]: dracut module 'pcsc' will not be installed, because command 'pcscd' could not be found!
Mar 26 09:07:43 Rocky-Compute-2 dracut[2192]: dracut module 'cifs' will not be installed, because command 'mount.cifs' could not be found!
Mar 26 09:07:44 Rocky-Compute-2 dracut[2192]: 95nfs: Could not find any command of 'rpcbind portmap'!
Mar 26 09:07:44 Rocky-Compute-2 dracut[2192]: Module 'resume' will not be installed, because it's in the list to be omitted!
Mar 26 09:07:44 Rocky-Compute-2 dracut[2192]: dracut module 'biosdevname' will not be installed, because command 'biosdevname' could not be found!
Mar 26 09:07:44 Rocky-Compute-2 dracut[2192]: Module 'earlykdump' will not be installed, because it's in the list to be omitted!
Mar 26 09:07:44 Rocky-Compute-2 dracut[2192]: dracut module 'memstrack' will not be installed, because command 'memstrack' could not be found!
Mar 26 09:07:44 Rocky-Compute-2 dracut[2192]: memstrack is not available
Mar 26 09:07:44 Rocky-Compute-2 dracut[2192]: If you need to use rd.memdebug>=4, please install memstrack and procps-ng
Mar 26 09:07:44 Rocky-Compute-2 dracut[2192]: dracut module 'systemd-resolved' will not be installed, because command 'resolvectl' could not be found!
Mar 26 09:07:44 Rocky-Compute-2 dracut[2192]: dracut module 'systemd-resolved' will not be installed, because command '/usr/lib/systemd/systemd-resolved' could not be found!
Mar 26 09:07:44 Rocky-Compute-2 dracut[2192]: dracut module 'systemd-timesyncd' will not be installed, because command '/usr/lib/systemd/systemd-timesyncd' could not be found!
Mar 26 09:07:44 Rocky-Compute-2 dracut[2192]: dracut module 'systemd-timesyncd' will not be installed, because command '/usr/lib/systemd/systemd-time-wait-sync' could not be found!
Mar 26 09:07:44 Rocky-Compute-2 dracut[2192]: dracut module 'busybox' will not be installed, because command 'busybox' could not be found!
Mar 26 09:07:44 Rocky-Compute-2 dracut[2192]: dracut module 'dbus-daemon' will not be installed, because command 'dbus-daemon' could not be found!
Mar 26 09:07:44 Rocky-Compute-2 dracut[2192]: dracut module 'rngd' will not be installed, because command 'rngd' could not be found!
Mar 26 09:07:44 Rocky-Compute-2 dracut[2192]: dracut module 'connman' will not be installed, because command 'connmand' could not be found!
Mar 26 09:07:44 Rocky-Compute-2 dracut[2192]: dracut module 'connman' will not be installed, because command 'connmanctl' could not be found!
Mar 26 09:07:44 Rocky-Compute-2 dracut[2192]: dracut module 'connman' will not be installed, because command 'connmand-wait-online' could not be found!
Mar 26 09:07:44 Rocky-Compute-2 dracut[2192]: dracut module 'network-legacy' will not be installed, because command 'dhclient' could not be found!
Mar 26 09:07:44 Rocky-Compute-2 dracut[2192]: dracut module 'network-wicked' will not be installed, because command 'wicked' could not be found!
Mar 26 09:07:44 Rocky-Compute-2 dracut[2192]: dracut module 'btrfs' will not be installed, because command 'btrfs' could not be found!
Mar 26 09:07:44 Rocky-Compute-2 dracut[2192]: dracut module 'dmraid' will not be installed, because command 'dmraid' could not be found!
Mar 26 09:07:44 Rocky-Compute-2 dracut[2192]: dracut module 'pcsc' will not be installed, because command 'pcscd' could not be found!
Mar 26 09:07:44 Rocky-Compute-2 dracut[2192]: dracut module 'cifs' will not be installed, because command 'mount.cifs' could not be found!
Mar 26 09:07:44 Rocky-Compute-2 dracut[2192]: 95nfs: Could not find any command of 'rpcbind portmap'!
Mar 26 09:07:44 Rocky-Compute-2 dracut[2192]: dracut module 'memstrack' will not be installed, because command 'memstrack' could not be found!
Mar 26 09:07:44 Rocky-Compute-2 dracut[2192]: memstrack is not available
Mar 26 09:07:44 Rocky-Compute-2 dracut[2192]: If you need to use rd.memdebug>=4, please install memstrack and procps-ng
Mar 26 09:07:44 Rocky-Compute-2 dracut[2192]: *** Including module: systemd ***
Mar 26 09:07:45 Rocky-Compute-2 dracut[2192]: *** Including module: fips ***
Mar 26 09:07:45 Rocky-Compute-2 dracut[2192]: *** Including module: systemd-initrd ***
Mar 26 09:07:45 Rocky-Compute-2 dracut[2192]: *** Including module: i18n ***
Mar 26 09:07:45 Rocky-Compute-2 dracut[2192]: *** Including module: drm ***
Mar 26 09:07:46 Rocky-Compute-2 systemd[1]: Received SIGRTMIN+21 from PID 810 (plymouthd).
Mar 26 09:07:47 Rocky-Compute-2 dracut[2192]: *** Including module: prefixdevname ***
Mar 26 09:07:47 Rocky-Compute-2 dracut[2192]: *** Including module: dm ***
Mar 26 09:07:47 Rocky-Compute-2 dracut[2192]: Skipping udev rule: 64-device-mapper.rules
Mar 26 09:07:47 Rocky-Compute-2 dracut[2192]: Skipping udev rule: 60-persistent-storage-dm.rules
Mar 26 09:07:47 Rocky-Compute-2 dracut[2192]: Skipping udev rule: 55-dm.rules
Mar 26 09:07:47 Rocky-Compute-2 dracut[2192]: *** Including module: kernel-modules ***
Mar 26 09:07:48 Rocky-Compute-2 dracut[2192]: *** Including module: kernel-modules-extra ***
Mar 26 09:07:48 Rocky-Compute-2 dracut[2192]:   kernel-modules-extra: configuration source "/run/depmod.d" does not exist
Mar 26 09:07:48 Rocky-Compute-2 dracut[2192]:   kernel-modules-extra: configuration source "/lib/depmod.d" does not exist
Mar 26 09:07:48 Rocky-Compute-2 dracut[2192]:   kernel-modules-extra: parsing configuration file "/etc/depmod.d/dist.conf"
Mar 26 09:07:48 Rocky-Compute-2 dracut[2192]:   kernel-modules-extra: /etc/depmod.d/dist.conf: added "updates extra built-in weak-updates" to the list of search directories
Mar 26 09:07:48 Rocky-Compute-2 dracut[2192]:   kernel-modules-extra: parsing configuration file "/etc/depmod.d/kvdo.conf"
Mar 26 09:07:48 Rocky-Compute-2 dracut[2192]:   kernel-modules-extra: /etc/depmod.d/kvdo.conf: override "kvdo 5.14.0-611.el9.* weak-updates/kmod-kvdo/vdo" is ignored since "5.14.0-611.el9.*" doesn't match "5.14.0-611.16.1.el9_7.x86_64"
Mar 26 09:07:48 Rocky-Compute-2 dracut[2192]: *** Including module: lvm ***
Mar 26 09:07:48 Rocky-Compute-2 dracut[2192]: Skipping udev rule: 64-device-mapper.rules
Mar 26 09:07:48 Rocky-Compute-2 dracut[2192]: Skipping udev rule: 56-lvm.rules
Mar 26 09:07:48 Rocky-Compute-2 dracut[2192]: Skipping udev rule: 60-persistent-storage-lvm.rules
Mar 26 09:07:48 Rocky-Compute-2 dracut[2192]: *** Including module: fstab-sys ***
Mar 26 09:07:48 Rocky-Compute-2 dracut[2192]: *** Including module: rootfs-block ***
Mar 26 09:07:48 Rocky-Compute-2 dracut[2192]: *** Including module: terminfo ***
Mar 26 09:07:48 Rocky-Compute-2 dracut[2192]: *** Including module: udev-rules ***
Mar 26 09:07:48 Rocky-Compute-2 dracut[2192]: Skipping udev rule: 91-permissions.rules
Mar 26 09:07:48 Rocky-Compute-2 dracut[2192]: Skipping udev rule: 80-drivers-modprobe.rules
Mar 26 09:07:48 Rocky-Compute-2 dracut[2192]: Skipping udev rule: 70-persistent-net.rules
Mar 26 09:07:48 Rocky-Compute-2 dracut[2192]: *** Including module: dracut-systemd ***
Mar 26 09:07:48 Rocky-Compute-2 dracut[2192]: *** Including module: usrmount ***
Mar 26 09:07:48 Rocky-Compute-2 dracut[2192]: *** Including module: base ***
Mar 26 09:07:48 Rocky-Compute-2 dracut[2192]: *** Including module: fs-lib ***
Mar 26 09:07:48 Rocky-Compute-2 dracut[2192]: *** Including module: kdumpbase ***
Mar 26 09:07:49 Rocky-Compute-2 dracut[2192]: *** Including module: microcode_ctl-fw_dir_override ***
Mar 26 09:07:49 Rocky-Compute-2 dracut[2192]:   microcode_ctl module: mangling fw_dir
Mar 26 09:07:49 Rocky-Compute-2 dracut[2192]:     microcode_ctl: reset fw_dir to "/lib/firmware/updates /lib/firmware"
Mar 26 09:07:49 Rocky-Compute-2 dracut[2192]:     microcode_ctl: processing data directory  "/usr/share/microcode_ctl/ucode_with_caveats/intel"...
Mar 26 09:07:49 Rocky-Compute-2 dracut[2192]:     microcode_ctl: configuration "intel" is ignored
Mar 26 09:07:49 Rocky-Compute-2 dracut[2192]:     microcode_ctl: processing data directory  "/usr/share/microcode_ctl/ucode_with_caveats/intel-06-2d-07"...
Mar 26 09:07:49 Rocky-Compute-2 dracut[2192]:     microcode_ctl: configuration "intel-06-2d-07" is ignored
Mar 26 09:07:49 Rocky-Compute-2 dracut[2192]:     microcode_ctl: processing data directory  "/usr/share/microcode_ctl/ucode_with_caveats/intel-06-4e-03"...
Mar 26 09:07:49 Rocky-Compute-2 dracut[2192]:     microcode_ctl: configuration "intel-06-4e-03" is ignored
Mar 26 09:07:49 Rocky-Compute-2 dracut[2192]:     microcode_ctl: processing data directory  "/usr/share/microcode_ctl/ucode_with_caveats/intel-06-4f-01"...
Mar 26 09:07:49 Rocky-Compute-2 dracut[2192]:     microcode_ctl: kernel version "5.14.0-611.16.1.el9_7.x86_64" failed early load check for "intel-06-4f-01", skipping
Mar 26 09:07:49 Rocky-Compute-2 dracut[2192]:     microcode_ctl: processing data directory  "/usr/share/microcode_ctl/ucode_with_caveats/intel-06-55-04"...
Mar 26 09:07:49 Rocky-Compute-2 dracut[2192]:     microcode_ctl: configuration "intel-06-55-04" is ignored
Mar 26 09:07:49 Rocky-Compute-2 dracut[2192]:     microcode_ctl: processing data directory  "/usr/share/microcode_ctl/ucode_with_caveats/intel-06-5e-03"...
Mar 26 09:07:49 Rocky-Compute-2 dracut[2192]:     microcode_ctl: configuration "intel-06-5e-03" is ignored
Mar 26 09:07:49 Rocky-Compute-2 dracut[2192]:     microcode_ctl: processing data directory  "/usr/share/microcode_ctl/ucode_with_caveats/intel-06-8c-01"...
Mar 26 09:07:49 Rocky-Compute-2 dracut[2192]:     microcode_ctl: configuration "intel-06-8c-01" is ignored
Mar 26 09:07:49 Rocky-Compute-2 dracut[2192]:     microcode_ctl: processing data directory  "/usr/share/microcode_ctl/ucode_with_caveats/intel-06-8e-9e-0x-0xca"...
Mar 26 09:07:49 Rocky-Compute-2 dracut[2192]:     microcode_ctl: configuration "intel-06-8e-9e-0x-0xca" is ignored
Mar 26 09:07:49 Rocky-Compute-2 dracut[2192]:     microcode_ctl: processing data directory  "/usr/share/microcode_ctl/ucode_with_caveats/intel-06-8e-9e-0x-dell"...
Mar 26 09:07:49 Rocky-Compute-2 dracut[2192]:     microcode_ctl: configuration "intel-06-8e-9e-0x-dell" is ignored
Mar 26 09:07:49 Rocky-Compute-2 dracut[2192]:     microcode_ctl: processing data directory  "/usr/share/microcode_ctl/ucode_with_caveats/intel-06-8f-08"...
Mar 26 09:07:49 Rocky-Compute-2 dracut[2192]:     microcode_ctl: configuration "intel-06-8f-08" is ignored
Mar 26 09:07:49 Rocky-Compute-2 dracut[2192]:     microcode_ctl: final fw_dir: "/lib/firmware/updates /lib/firmware"
Mar 26 09:07:49 Rocky-Compute-2 dracut[2192]: *** Including module: openssl ***
Mar 26 09:07:49 Rocky-Compute-2 dracut[2192]: *** Including module: shutdown ***
Mar 26 09:07:49 Rocky-Compute-2 dracut[2192]: *** Including module: squash ***
Mar 26 09:07:49 Rocky-Compute-2 dracut[2192]: *** Including modules done ***
Mar 26 09:07:49 Rocky-Compute-2 dracut[2192]: *** Installing kernel module dependencies ***
Mar 26 09:07:50 Rocky-Compute-2 dracut[2192]: *** Installing kernel module dependencies done ***
Mar 26 09:07:50 Rocky-Compute-2 dracut[2192]: *** Resolving executable dependencies ***
Mar 26 09:07:51 Rocky-Compute-2 dracut[2192]: *** Resolving executable dependencies done ***
Mar 26 09:07:51 Rocky-Compute-2 dracut[2192]: *** Generating early-microcode cpio image ***
Mar 26 09:07:51 Rocky-Compute-2 dracut[2192]: *** Constructing GenuineIntel.bin ***
Mar 26 09:07:51 Rocky-Compute-2 dracut[2192]: *** Store current command line parameters ***
Mar 26 09:07:51 Rocky-Compute-2 dracut[2192]: Stored kernel commandline:
Mar 26 09:07:51 Rocky-Compute-2 dracut[2192]:  rd.lvm.lv=rl/root
Mar 26 09:07:51 Rocky-Compute-2 dracut[2192]: *** Install squash loader ***
Mar 26 09:07:52 Rocky-Compute-2 dracut[2192]: *** Squashing the files inside the initramfs ***
Mar 26 09:07:53 Rocky-Compute-2 dracut[2192]: *** Squashing the files inside the initramfs done ***
Mar 26 09:07:53 Rocky-Compute-2 dracut[2192]: *** Creating image file '/boot/initramfs-5.14.0-611.16.1.el9_7.x86_64kdump.img' ***
Mar 26 09:07:53 Rocky-Compute-2 dracut[2192]: *** Hardlinking files ***
Mar 26 09:07:53 Rocky-Compute-2 dracut[2192]: Mode:           real
Mar 26 09:07:53 Rocky-Compute-2 dracut[2192]: Files:          50
Mar 26 09:07:53 Rocky-Compute-2 dracut[2192]: Linked:         0 files
Mar 26 09:07:53 Rocky-Compute-2 dracut[2192]: Compared:       0 xattrs
Mar 26 09:07:53 Rocky-Compute-2 dracut[2192]: Compared:       0 files
Mar 26 09:07:53 Rocky-Compute-2 dracut[2192]: Saved:          0 B
Mar 26 09:07:53 Rocky-Compute-2 dracut[2192]: Duration:       0.000347 seconds
Mar 26 09:07:53 Rocky-Compute-2 dracut[2192]: *** Hardlinking files done ***
Mar 26 09:07:53 Rocky-Compute-2 dracut[2192]: *** Creating initramfs image file '/boot/initramfs-5.14.0-611.16.1.el9_7.x86_64kdump.img' done ***
Mar 26 09:07:54 Rocky-Compute-2 kdumpctl[1517]: kdump: kexec: loaded kdump kernel
Mar 26 09:07:54 Rocky-Compute-2 kdumpctl[1517]: kdump: Starting kdump: [OK]
Mar 26 09:07:54 Rocky-Compute-2 systemd[1]: Finished Crash recovery kernel arming.
░░ Subject: A start job for unit kdump.service has finished successfully
░░ Defined-By: systemd
░░ Support: https://wiki.rockylinux.org/rocky/support
░░ 
░░ A start job for unit kdump.service has finished successfully.
░░ 
░░ The job identifier is 312.
Mar 26 09:07:54 Rocky-Compute-2 systemd[1]: Startup finished in 1min 25.631s (firmware) + 3.127s (loader) + 1.483s (kernel) + 2.368s (initrd) + 14.054s (userspace) = 1min 46.666s.
░░ Subject: System start-up is now complete
░░ Defined-By: systemd
░░ Support: https://wiki.rockylinux.org/rocky/support
░░ 
░░ All system services necessary queued for starting at boot have been
░░ started. Note that this does not mean that the machine is now idle as services
░░ might still be busy with completing start-up.
░░ 
░░ Kernel start-up required 1483935 microseconds.
░░ 
░░ Initrd start-up required 2368796 microseconds.
░░ 
░░ Userspace start-up required 14054037 microseconds.
Mar 26 09:08:25 Rocky-Compute-2 kernel: mlx5_core 0000:02:00.0 mlx5_0: Port: 1 Link INIT
Mar 26 09:08:25 Rocky-Compute-2 kernel: mlx5_core 0000:02:00.0 mlx5_0: Port: 1 Link ACTIVE
