-- Logs begin at Thu 2026-01-08 07:48:55 EST, end at Thu 2026-01-08 08:25:58 EST. --
Jan 08 07:48:55 Rocky-Compute-8 kernel: Linux version 4.18.0-513.9.1.el8_lustre.x86_64 (jenkins@onyx-198-el8-x8664-1.onyx.whamcloud.com) (gcc version 8.5.0 20210514 (Red Hat 8.5.0-20) (GCC)) #1 SMP Sat Dec 23 05:23:32 UTC 2023
Jan 08 07:48:55 Rocky-Compute-8 kernel: Command line: BOOT_IMAGE=(hd0,gpt2)/vmlinuz-4.18.0-513.9.1.el8_lustre.x86_64 root=/dev/mapper/rl_rocky--compute--8-root ro crashkernel=auto resume=/dev/mapper/rl_rocky--compute--8-swap rd.lvm.lv=rl_rocky-compute-8/root rd.lvm.lv=rl_rocky-compute-8/swap rhgb quiet
Jan 08 07:48:55 Rocky-Compute-8 kernel: x86/fpu: Supporting XSAVE feature 0x001: 'x87 floating point registers'
Jan 08 07:48:55 Rocky-Compute-8 kernel: x86/fpu: Supporting XSAVE feature 0x002: 'SSE registers'
Jan 08 07:48:55 Rocky-Compute-8 kernel: x86/fpu: Supporting XSAVE feature 0x004: 'AVX registers'
Jan 08 07:48:55 Rocky-Compute-8 kernel: x86/fpu: xstate_offset[2]:  576, xstate_sizes[2]:  256
Jan 08 07:48:55 Rocky-Compute-8 kernel: x86/fpu: Enabled xstate features 0x7, context size is 832 bytes, using 'standard' format.
Jan 08 07:48:55 Rocky-Compute-8 kernel: signal: max sigframe size: 1776
Jan 08 07:48:55 Rocky-Compute-8 kernel: BIOS-provided physical RAM map:
Jan 08 07:48:55 Rocky-Compute-8 kernel: BIOS-e820: [mem 0x0000000000000000-0x000000000009ffff] usable
Jan 08 07:48:55 Rocky-Compute-8 kernel: BIOS-e820: [mem 0x0000000000100000-0x0000000078ee1fff] usable
Jan 08 07:48:55 Rocky-Compute-8 kernel: BIOS-e820: [mem 0x0000000078ee2000-0x00000000796f8fff] reserved
Jan 08 07:48:55 Rocky-Compute-8 kernel: BIOS-e820: [mem 0x00000000796f9000-0x00000000797d6fff] usable
Jan 08 07:48:55 Rocky-Compute-8 kernel: BIOS-e820: [mem 0x00000000797d7000-0x0000000079d3cfff] ACPI NVS
Jan 08 07:48:55 Rocky-Compute-8 kernel: BIOS-e820: [mem 0x0000000079d3d000-0x000000007bcf5fff] reserved
Jan 08 07:48:55 Rocky-Compute-8 kernel: BIOS-e820: [mem 0x000000007bcf6000-0x000000007bcf6fff] usable
Jan 08 07:48:55 Rocky-Compute-8 kernel: BIOS-e820: [mem 0x000000007bcf7000-0x000000007bd7cfff] reserved
Jan 08 07:48:55 Rocky-Compute-8 kernel: BIOS-e820: [mem 0x000000007bd7d000-0x000000007bffffff] usable
Jan 08 07:48:55 Rocky-Compute-8 kernel: BIOS-e820: [mem 0x000000007c000000-0x000000008fffffff] reserved
Jan 08 07:48:55 Rocky-Compute-8 kernel: BIOS-e820: [mem 0x00000000fed1c000-0x00000000fed44fff] reserved
Jan 08 07:48:55 Rocky-Compute-8 kernel: BIOS-e820: [mem 0x00000000ff000000-0x00000000ffffffff] reserved
Jan 08 07:48:55 Rocky-Compute-8 kernel: BIOS-e820: [mem 0x0000000100000000-0x000000107fffffff] usable
Jan 08 07:48:55 Rocky-Compute-8 kernel: NX (Execute Disable) protection: active
Jan 08 07:48:55 Rocky-Compute-8 kernel: e820: update [mem 0x70fc7018-0x70fd8057] usable ==> usable
Jan 08 07:48:55 Rocky-Compute-8 kernel: e820: update [mem 0x70fc7018-0x70fd8057] usable ==> usable
Jan 08 07:48:55 Rocky-Compute-8 kernel: e820: update [mem 0x70fb5018-0x70fc6057] usable ==> usable
Jan 08 07:48:55 Rocky-Compute-8 kernel: e820: update [mem 0x70fb5018-0x70fc6057] usable ==> usable
Jan 08 07:48:55 Rocky-Compute-8 kernel: e820: update [mem 0x70f8b018-0x70fb4657] usable ==> usable
Jan 08 07:48:55 Rocky-Compute-8 kernel: e820: update [mem 0x70f8b018-0x70fb4657] usable ==> usable
Jan 08 07:48:55 Rocky-Compute-8 kernel: e820: update [mem 0x70f82018-0x70f8a057] usable ==> usable
Jan 08 07:48:55 Rocky-Compute-8 kernel: e820: update [mem 0x70f82018-0x70f8a057] usable ==> usable
Jan 08 07:48:55 Rocky-Compute-8 kernel: extended physical RAM map:
Jan 08 07:48:55 Rocky-Compute-8 kernel: reserve setup_data: [mem 0x0000000000000000-0x000000000009ffff] usable
Jan 08 07:48:55 Rocky-Compute-8 kernel: reserve setup_data: [mem 0x0000000000100000-0x0000000070f82017] usable
Jan 08 07:48:55 Rocky-Compute-8 kernel: reserve setup_data: [mem 0x0000000070f82018-0x0000000070f8a057] usable
Jan 08 07:48:55 Rocky-Compute-8 kernel: reserve setup_data: [mem 0x0000000070f8a058-0x0000000070f8b017] usable
Jan 08 07:48:55 Rocky-Compute-8 kernel: reserve setup_data: [mem 0x0000000070f8b018-0x0000000070fb4657] usable
Jan 08 07:48:55 Rocky-Compute-8 kernel: reserve setup_data: [mem 0x0000000070fb4658-0x0000000070fb5017] usable
Jan 08 07:48:55 Rocky-Compute-8 kernel: reserve setup_data: [mem 0x0000000070fb5018-0x0000000070fc6057] usable
Jan 08 07:48:55 Rocky-Compute-8 kernel: reserve setup_data: [mem 0x0000000070fc6058-0x0000000070fc7017] usable
Jan 08 07:48:55 Rocky-Compute-8 kernel: reserve setup_data: [mem 0x0000000070fc7018-0x0000000070fd8057] usable
Jan 08 07:48:55 Rocky-Compute-8 kernel: reserve setup_data: [mem 0x0000000070fd8058-0x0000000078ee1fff] usable
Jan 08 07:48:55 Rocky-Compute-8 kernel: reserve setup_data: [mem 0x0000000078ee2000-0x00000000796f8fff] reserved
Jan 08 07:48:55 Rocky-Compute-8 kernel: reserve setup_data: [mem 0x00000000796f9000-0x00000000797d6fff] usable
Jan 08 07:48:55 Rocky-Compute-8 kernel: reserve setup_data: [mem 0x00000000797d7000-0x0000000079d3cfff] ACPI NVS
Jan 08 07:48:55 Rocky-Compute-8 kernel: reserve setup_data: [mem 0x0000000079d3d000-0x000000007bcf5fff] reserved
Jan 08 07:48:55 Rocky-Compute-8 kernel: reserve setup_data: [mem 0x000000007bcf6000-0x000000007bcf6fff] usable
Jan 08 07:48:55 Rocky-Compute-8 kernel: reserve setup_data: [mem 0x000000007bcf7000-0x000000007bd7cfff] reserved
Jan 08 07:48:55 Rocky-Compute-8 kernel: reserve setup_data: [mem 0x000000007bd7d000-0x000000007bffffff] usable
Jan 08 07:48:55 Rocky-Compute-8 kernel: reserve setup_data: [mem 0x000000007c000000-0x000000008fffffff] reserved
Jan 08 07:48:55 Rocky-Compute-8 kernel: reserve setup_data: [mem 0x00000000fed1c000-0x00000000fed44fff] reserved
Jan 08 07:48:55 Rocky-Compute-8 kernel: reserve setup_data: [mem 0x00000000ff000000-0x00000000ffffffff] reserved
Jan 08 07:48:55 Rocky-Compute-8 kernel: reserve setup_data: [mem 0x0000000100000000-0x000000107fffffff] usable
Jan 08 07:48:55 Rocky-Compute-8 kernel: efi: EFI v2.40 by American Megatrends
Jan 08 07:48:55 Rocky-Compute-8 kernel: efi:  ACPI=0x79847000  ACPI 2.0=0x79847000  ESRT=0x7ba49c98  SMBIOS=0xf05e0  SMBIOS 3.0=0x7ba45000  MPS=0xfca40  MOKvar=0x7ba44000 
Jan 08 07:48:55 Rocky-Compute-8 kernel: secureboot: Secure boot disabled
Jan 08 07:48:55 Rocky-Compute-8 kernel: SMBIOS 3.0.0 present.
Jan 08 07:48:55 Rocky-Compute-8 kernel: DMI: Supermicro SYS-6028TR-HTR-00-NE010/X10DRT-H, BIOS 3.3 10/24/2020
Jan 08 07:48:55 Rocky-Compute-8 kernel: tsc: Fast TSC calibration using PIT
Jan 08 07:48:55 Rocky-Compute-8 kernel: tsc: Detected 2200.057 MHz processor
Jan 08 07:48:55 Rocky-Compute-8 kernel: e820: update [mem 0x00000000-0x00000fff] usable ==> reserved
Jan 08 07:48:55 Rocky-Compute-8 kernel: e820: remove [mem 0x000a0000-0x000fffff] usable
Jan 08 07:48:55 Rocky-Compute-8 kernel: last_pfn = 0x1080000 max_arch_pfn = 0x400000000
Jan 08 07:48:55 Rocky-Compute-8 kernel: MTRR default type: write-back
Jan 08 07:48:55 Rocky-Compute-8 kernel: MTRR fixed ranges enabled:
Jan 08 07:48:55 Rocky-Compute-8 kernel:   00000-9FFFF write-back
Jan 08 07:48:55 Rocky-Compute-8 kernel:   A0000-BFFFF uncachable
Jan 08 07:48:55 Rocky-Compute-8 kernel:   C0000-FFFFF write-protect
Jan 08 07:48:55 Rocky-Compute-8 kernel: MTRR variable ranges enabled:
Jan 08 07:48:55 Rocky-Compute-8 kernel:   0 base 000080000000 mask 3FFF80000000 uncachable
Jan 08 07:48:55 Rocky-Compute-8 kernel:   1 base 380000000000 mask 3F8000000000 uncachable
Jan 08 07:48:55 Rocky-Compute-8 kernel:   2 base 0000C4000000 mask 3FFFFE000000 write-through
Jan 08 07:48:55 Rocky-Compute-8 kernel:   3 disabled
Jan 08 07:48:55 Rocky-Compute-8 kernel:   4 disabled
Jan 08 07:48:55 Rocky-Compute-8 kernel:   5 disabled
Jan 08 07:48:55 Rocky-Compute-8 kernel:   6 disabled
Jan 08 07:48:55 Rocky-Compute-8 kernel:   7 disabled
Jan 08 07:48:55 Rocky-Compute-8 kernel:   8 disabled
Jan 08 07:48:55 Rocky-Compute-8 kernel:   9 disabled
Jan 08 07:48:55 Rocky-Compute-8 kernel: x86/PAT: Configuration [0-7]: WB  WC  UC- UC  WB  WP  UC- WT  
Jan 08 07:48:55 Rocky-Compute-8 kernel: last_pfn = 0x7c000 max_arch_pfn = 0x400000000
Jan 08 07:48:55 Rocky-Compute-8 kernel: found SMP MP-table at [mem 0x000fcf10-0x000fcf1f]
Jan 08 07:48:55 Rocky-Compute-8 kernel: esrt: Reserving ESRT space from 0x000000007ba49c98 to 0x000000007ba49cd0.
Jan 08 07:48:55 Rocky-Compute-8 kernel: Using GB pages for direct mapping
Jan 08 07:48:55 Rocky-Compute-8 kernel: BRK [0xc89e01000, 0xc89e01fff] PGTABLE
Jan 08 07:48:55 Rocky-Compute-8 kernel: BRK [0xc89e02000, 0xc89e02fff] PGTABLE
Jan 08 07:48:55 Rocky-Compute-8 kernel: BRK [0xc89e03000, 0xc89e03fff] PGTABLE
Jan 08 07:48:55 Rocky-Compute-8 kernel: BRK [0xc89e04000, 0xc89e04fff] PGTABLE
Jan 08 07:48:55 Rocky-Compute-8 kernel: BRK [0xc89e05000, 0xc89e05fff] PGTABLE
Jan 08 07:48:55 Rocky-Compute-8 kernel: BRK [0xc89e06000, 0xc89e06fff] PGTABLE
Jan 08 07:48:55 Rocky-Compute-8 kernel: BRK [0xc89e07000, 0xc89e07fff] PGTABLE
Jan 08 07:48:55 Rocky-Compute-8 kernel: BRK [0xc89e08000, 0xc89e08fff] PGTABLE
Jan 08 07:48:55 Rocky-Compute-8 kernel: RAMDISK: [mem 0x70fda000-0x72da8fff]
Jan 08 07:48:55 Rocky-Compute-8 kernel: ACPI: Early table checksum verification disabled
Jan 08 07:48:55 Rocky-Compute-8 kernel: ACPI: RSDP 0x0000000079847000 000024 (v02 SUPERM)
Jan 08 07:48:55 Rocky-Compute-8 kernel: ACPI: XSDT 0x00000000798470B0 0000E4 (v01                 01072009 AMI  00010013)
Jan 08 07:48:55 Rocky-Compute-8 kernel: ACPI: FACP 0x0000000079878C98 00010C (v05 SUPERM SMCI--MB 01072009 AMI  00010013)
Jan 08 07:48:55 Rocky-Compute-8 kernel: ACPI: DSDT 0x0000000079847230 031A64 (v02 SUPERM SMCI--MB 01072009 INTL 20091013)
Jan 08 07:48:55 Rocky-Compute-8 kernel: ACPI: FACS 0x0000000079D3BF80 000040
Jan 08 07:48:55 Rocky-Compute-8 kernel: ACPI: APIC 0x0000000079878DA8 000304 (v03 SUPERM SMCI--MB 01072009 AMI  00010013)
Jan 08 07:48:55 Rocky-Compute-8 kernel: ACPI: FPDT 0x00000000798790B0 000044 (v01 SUPERM SMCI--MB 01072009 AMI  00010013)
Jan 08 07:48:55 Rocky-Compute-8 kernel: ACPI: FIDT 0x00000000798790F8 00009C (v01 SUPERM SMCI--MB 01072009 AMI  00010013)
Jan 08 07:48:55 Rocky-Compute-8 kernel: ACPI: SPMI 0x0000000079879198 000041 (v05 SUPERM SMCI--MB 00000000 AMI. 00000000)
Jan 08 07:48:55 Rocky-Compute-8 kernel: ACPI: MCFG 0x00000000798791E0 00003C (v01 SUPERM SMCI--MB 01072009 MSFT 00000097)
Jan 08 07:48:55 Rocky-Compute-8 kernel: ACPI: UEFI 0x0000000079879220 000042 (v01 SUPERM SMCI--MB 01072009      00000000)
Jan 08 07:48:55 Rocky-Compute-8 kernel: ACPI: HPET 0x0000000079879268 000038 (v01 SUPERM SMCI--MB 00000001 INTL 20091013)
Jan 08 07:48:55 Rocky-Compute-8 kernel: ACPI: MSCT 0x00000000798792A0 000090 (v01 SUPERM SMCI--MB 00000001 INTL 20091013)
Jan 08 07:48:55 Rocky-Compute-8 kernel: ACPI: NFIT 0x0000000079879330 018028 (v01                 00000000      00000000)
Jan 08 07:48:55 Rocky-Compute-8 kernel: ACPI: SLIT 0x0000000079891358 000030 (v01 SUPERM SMCI--MB 00000001 INTL 20091013)
Jan 08 07:48:55 Rocky-Compute-8 kernel: ACPI: SRAT 0x0000000079891388 001158 (v03 SUPERM SMCI--MB 00000001 INTL 20091013)
Jan 08 07:48:55 Rocky-Compute-8 kernel: ACPI: WDDT 0x00000000798924E0 000040 (v01 SUPERM SMCI--MB 00000000 INTL 20091013)
Jan 08 07:48:55 Rocky-Compute-8 kernel: ACPI: SSDT 0x0000000079892520 01700F (v02 SUPERM PmMgt    00000001 INTL 20120913)
Jan 08 07:48:55 Rocky-Compute-8 kernel: ACPI: NITR 0x00000000798A9530 000071 (v02 SUPERM SMCI--MB 00000001 INTL 20091013)
Jan 08 07:48:55 Rocky-Compute-8 kernel: ACPI: BGRT 0x00000000798A95A8 000038 (v01 SUPERM SMCI--MB 01072009 AMI  00010013)
Jan 08 07:48:55 Rocky-Compute-8 kernel: ACPI: SSDT 0x00000000798A95E0 00264C (v02 SUPERM SpsNm    00000002 INTL 20120913)
Jan 08 07:48:55 Rocky-Compute-8 kernel: ACPI: SSDT 0x00000000798ABC30 000064 (v02 SUPERM SpsNvs   00000002 INTL 20120913)
Jan 08 07:48:55 Rocky-Compute-8 kernel: ACPI: PRAD 0x00000000798ABC98 000102 (v02 SUPERM SMCI--MB 00000002 INTL 20120913)
Jan 08 07:48:55 Rocky-Compute-8 kernel: ACPI: DMAR 0x00000000798ABDA0 000130 (v01 SUPERM SMCI--MB 00000001 INTL 20091013)
Jan 08 07:48:55 Rocky-Compute-8 kernel: ACPI: HEST 0x00000000798ABED0 00027C (v01 SUPERM SMCI--MB 00000001 INTL 00000001)
Jan 08 07:48:55 Rocky-Compute-8 kernel: ACPI: BERT 0x00000000798AC150 000030 (v01 SUPERM SMCI--MB 00000001 INTL 00000001)
Jan 08 07:48:55 Rocky-Compute-8 kernel: ACPI: ERST 0x00000000798AC180 000230 (v01 SUPERM SMCI--MB 00000001 INTL 00000001)
Jan 08 07:48:55 Rocky-Compute-8 kernel: ACPI: EINJ 0x00000000798AC3B0 000130 (v01 SUPERM SMCI--MB 00000001 INTL 00000001)
Jan 08 07:48:55 Rocky-Compute-8 kernel: ACPI: Reserving FACP table memory at [mem 0x79878c98-0x79878da3]
Jan 08 07:48:55 Rocky-Compute-8 kernel: ACPI: Reserving DSDT table memory at [mem 0x79847230-0x79878c93]
Jan 08 07:48:55 Rocky-Compute-8 kernel: ACPI: Reserving FACS table memory at [mem 0x79d3bf80-0x79d3bfbf]
Jan 08 07:48:55 Rocky-Compute-8 kernel: ACPI: Reserving APIC table memory at [mem 0x79878da8-0x798790ab]
Jan 08 07:48:55 Rocky-Compute-8 kernel: ACPI: Reserving FPDT table memory at [mem 0x798790b0-0x798790f3]
Jan 08 07:48:55 Rocky-Compute-8 kernel: ACPI: Reserving FIDT table memory at [mem 0x798790f8-0x79879193]
Jan 08 07:48:55 Rocky-Compute-8 kernel: ACPI: Reserving SPMI table memory at [mem 0x79879198-0x798791d8]
Jan 08 07:48:55 Rocky-Compute-8 kernel: ACPI: Reserving MCFG table memory at [mem 0x798791e0-0x7987921b]
Jan 08 07:48:55 Rocky-Compute-8 kernel: ACPI: Reserving UEFI table memory at [mem 0x79879220-0x79879261]
Jan 08 07:48:55 Rocky-Compute-8 kernel: ACPI: Reserving HPET table memory at [mem 0x79879268-0x7987929f]
Jan 08 07:48:55 Rocky-Compute-8 kernel: ACPI: Reserving MSCT table memory at [mem 0x798792a0-0x7987932f]
Jan 08 07:48:55 Rocky-Compute-8 kernel: ACPI: Reserving NFIT table memory at [mem 0x79879330-0x79891357]
Jan 08 07:48:55 Rocky-Compute-8 kernel: ACPI: Reserving SLIT table memory at [mem 0x79891358-0x79891387]
Jan 08 07:48:55 Rocky-Compute-8 kernel: ACPI: Reserving SRAT table memory at [mem 0x79891388-0x798924df]
Jan 08 07:48:55 Rocky-Compute-8 kernel: ACPI: Reserving WDDT table memory at [mem 0x798924e0-0x7989251f]
Jan 08 07:48:55 Rocky-Compute-8 kernel: ACPI: Reserving SSDT table memory at [mem 0x79892520-0x798a952e]
Jan 08 07:48:55 Rocky-Compute-8 kernel: ACPI: Reserving NITR table memory at [mem 0x798a9530-0x798a95a0]
Jan 08 07:48:55 Rocky-Compute-8 kernel: ACPI: Reserving BGRT table memory at [mem 0x798a95a8-0x798a95df]
Jan 08 07:48:55 Rocky-Compute-8 kernel: ACPI: Reserving SSDT table memory at [mem 0x798a95e0-0x798abc2b]
Jan 08 07:48:55 Rocky-Compute-8 kernel: ACPI: Reserving SSDT table memory at [mem 0x798abc30-0x798abc93]
Jan 08 07:48:55 Rocky-Compute-8 kernel: ACPI: Reserving PRAD table memory at [mem 0x798abc98-0x798abd99]
Jan 08 07:48:55 Rocky-Compute-8 kernel: ACPI: Reserving DMAR table memory at [mem 0x798abda0-0x798abecf]
Jan 08 07:48:55 Rocky-Compute-8 kernel: ACPI: Reserving HEST table memory at [mem 0x798abed0-0x798ac14b]
Jan 08 07:48:55 Rocky-Compute-8 kernel: ACPI: Reserving BERT table memory at [mem 0x798ac150-0x798ac17f]
Jan 08 07:48:55 Rocky-Compute-8 kernel: ACPI: Reserving ERST table memory at [mem 0x798ac180-0x798ac3af]
Jan 08 07:48:55 Rocky-Compute-8 kernel: ACPI: Reserving EINJ table memory at [mem 0x798ac3b0-0x798ac4df]
Jan 08 07:48:55 Rocky-Compute-8 kernel: ACPI: Local APIC address 0xfee00000
Jan 08 07:48:55 Rocky-Compute-8 kernel: SRAT: PXM 0 -> APIC 0x00 -> Node 0
Jan 08 07:48:55 Rocky-Compute-8 kernel: SRAT: PXM 0 -> APIC 0x02 -> Node 0
Jan 08 07:48:55 Rocky-Compute-8 kernel: SRAT: PXM 0 -> APIC 0x04 -> Node 0
Jan 08 07:48:55 Rocky-Compute-8 kernel: SRAT: PXM 0 -> APIC 0x06 -> Node 0
Jan 08 07:48:55 Rocky-Compute-8 kernel: SRAT: PXM 0 -> APIC 0x08 -> Node 0
Jan 08 07:48:55 Rocky-Compute-8 kernel: SRAT: PXM 0 -> APIC 0x0a -> Node 0
Jan 08 07:48:55 Rocky-Compute-8 kernel: SRAT: PXM 0 -> APIC 0x10 -> Node 0
Jan 08 07:48:55 Rocky-Compute-8 kernel: SRAT: PXM 0 -> APIC 0x12 -> Node 0
Jan 08 07:48:55 Rocky-Compute-8 kernel: SRAT: PXM 0 -> APIC 0x14 -> Node 0
Jan 08 07:48:55 Rocky-Compute-8 kernel: SRAT: PXM 0 -> APIC 0x16 -> Node 0
Jan 08 07:48:55 Rocky-Compute-8 kernel: SRAT: PXM 0 -> APIC 0x18 -> Node 0
Jan 08 07:48:55 Rocky-Compute-8 kernel: SRAT: PXM 0 -> APIC 0x1a -> Node 0
Jan 08 07:48:55 Rocky-Compute-8 kernel: SRAT: PXM 1 -> APIC 0x20 -> Node 1
Jan 08 07:48:55 Rocky-Compute-8 kernel: SRAT: PXM 1 -> APIC 0x22 -> Node 1
Jan 08 07:48:55 Rocky-Compute-8 kernel: SRAT: PXM 1 -> APIC 0x24 -> Node 1
Jan 08 07:48:55 Rocky-Compute-8 kernel: SRAT: PXM 1 -> APIC 0x26 -> Node 1
Jan 08 07:48:55 Rocky-Compute-8 kernel: SRAT: PXM 1 -> APIC 0x28 -> Node 1
Jan 08 07:48:55 Rocky-Compute-8 kernel: SRAT: PXM 1 -> APIC 0x2a -> Node 1
Jan 08 07:48:55 Rocky-Compute-8 kernel: SRAT: PXM 1 -> APIC 0x30 -> Node 1
Jan 08 07:48:55 Rocky-Compute-8 kernel: SRAT: PXM 1 -> APIC 0x32 -> Node 1
Jan 08 07:48:55 Rocky-Compute-8 kernel: SRAT: PXM 1 -> APIC 0x34 -> Node 1
Jan 08 07:48:55 Rocky-Compute-8 kernel: SRAT: PXM 1 -> APIC 0x36 -> Node 1
Jan 08 07:48:55 Rocky-Compute-8 kernel: SRAT: PXM 1 -> APIC 0x38 -> Node 1
Jan 08 07:48:55 Rocky-Compute-8 kernel: SRAT: PXM 1 -> APIC 0x3a -> Node 1
Jan 08 07:48:55 Rocky-Compute-8 kernel: SRAT: PXM 0 -> APIC 0x01 -> Node 0
Jan 08 07:48:55 Rocky-Compute-8 kernel: SRAT: PXM 0 -> APIC 0x03 -> Node 0
Jan 08 07:48:55 Rocky-Compute-8 kernel: SRAT: PXM 0 -> APIC 0x05 -> Node 0
Jan 08 07:48:55 Rocky-Compute-8 kernel: SRAT: PXM 0 -> APIC 0x07 -> Node 0
Jan 08 07:48:55 Rocky-Compute-8 kernel: SRAT: PXM 0 -> APIC 0x09 -> Node 0
Jan 08 07:48:55 Rocky-Compute-8 kernel: SRAT: PXM 0 -> APIC 0x0b -> Node 0
Jan 08 07:48:55 Rocky-Compute-8 kernel: SRAT: PXM 0 -> APIC 0x11 -> Node 0
Jan 08 07:48:55 Rocky-Compute-8 kernel: SRAT: PXM 0 -> APIC 0x13 -> Node 0
Jan 08 07:48:55 Rocky-Compute-8 kernel: SRAT: PXM 0 -> APIC 0x15 -> Node 0
Jan 08 07:48:55 Rocky-Compute-8 kernel: SRAT: PXM 0 -> APIC 0x17 -> Node 0
Jan 08 07:48:55 Rocky-Compute-8 kernel: SRAT: PXM 0 -> APIC 0x19 -> Node 0
Jan 08 07:48:55 Rocky-Compute-8 kernel: SRAT: PXM 0 -> APIC 0x1b -> Node 0
Jan 08 07:48:55 Rocky-Compute-8 kernel: SRAT: PXM 1 -> APIC 0x21 -> Node 1
Jan 08 07:48:55 Rocky-Compute-8 kernel: SRAT: PXM 1 -> APIC 0x23 -> Node 1
Jan 08 07:48:55 Rocky-Compute-8 kernel: SRAT: PXM 1 -> APIC 0x25 -> Node 1
Jan 08 07:48:55 Rocky-Compute-8 kernel: SRAT: PXM 1 -> APIC 0x27 -> Node 1
Jan 08 07:48:55 Rocky-Compute-8 kernel: SRAT: PXM 1 -> APIC 0x29 -> Node 1
Jan 08 07:48:55 Rocky-Compute-8 kernel: SRAT: PXM 1 -> APIC 0x2b -> Node 1
Jan 08 07:48:55 Rocky-Compute-8 kernel: SRAT: PXM 1 -> APIC 0x31 -> Node 1
Jan 08 07:48:55 Rocky-Compute-8 kernel: SRAT: PXM 1 -> APIC 0x33 -> Node 1
Jan 08 07:48:55 Rocky-Compute-8 kernel: SRAT: PXM 1 -> APIC 0x35 -> Node 1
Jan 08 07:48:55 Rocky-Compute-8 kernel: SRAT: PXM 1 -> APIC 0x37 -> Node 1
Jan 08 07:48:55 Rocky-Compute-8 kernel: SRAT: PXM 1 -> APIC 0x39 -> Node 1
Jan 08 07:48:55 Rocky-Compute-8 kernel: SRAT: PXM 1 -> APIC 0x3b -> Node 1
Jan 08 07:48:55 Rocky-Compute-8 kernel: ACPI: SRAT: Node 0 PXM 0 [mem 0x00000000-0x7fffffff]
Jan 08 07:48:55 Rocky-Compute-8 kernel: ACPI: SRAT: Node 0 PXM 0 [mem 0x100000000-0x87fffffff]
Jan 08 07:48:55 Rocky-Compute-8 kernel: ACPI: SRAT: Node 1 PXM 1 [mem 0x880000000-0x107fffffff]
Jan 08 07:48:55 Rocky-Compute-8 kernel: NUMA: Initialized distance table, cnt=2
Jan 08 07:48:55 Rocky-Compute-8 kernel: NUMA: Node 0 [mem 0x00000000-0x7fffffff] + [mem 0x100000000-0x87fffffff] -> [mem 0x00000000-0x87fffffff]
Jan 08 07:48:55 Rocky-Compute-8 kernel: NODE_DATA(0) allocated [mem 0x87ffd5000-0x87fffffff]
Jan 08 07:48:55 Rocky-Compute-8 kernel: NODE_DATA(1) allocated [mem 0x107ffd4000-0x107fffefff]
Jan 08 07:48:55 Rocky-Compute-8 kernel: Using crashkernel=auto, the size chosen is a best effort estimation.
Jan 08 07:48:55 Rocky-Compute-8 kernel: Reserving 512MB of memory at 1104MB for crashkernel (System RAM: 65425MB)
Jan 08 07:48:55 Rocky-Compute-8 kernel: Zone ranges:
Jan 08 07:48:55 Rocky-Compute-8 kernel:   DMA      [mem 0x0000000000001000-0x0000000000ffffff]
Jan 08 07:48:55 Rocky-Compute-8 kernel:   DMA32    [mem 0x0000000001000000-0x00000000ffffffff]
Jan 08 07:48:55 Rocky-Compute-8 kernel:   Normal   [mem 0x0000000100000000-0x000000107fffffff]
Jan 08 07:48:55 Rocky-Compute-8 kernel:   Device   empty
Jan 08 07:48:55 Rocky-Compute-8 kernel: Movable zone start for each node
Jan 08 07:48:55 Rocky-Compute-8 kernel: Early memory node ranges
Jan 08 07:48:55 Rocky-Compute-8 kernel:   node   0: [mem 0x0000000000001000-0x000000000009ffff]
Jan 08 07:48:55 Rocky-Compute-8 kernel:   node   0: [mem 0x0000000000100000-0x0000000078ee1fff]
Jan 08 07:48:55 Rocky-Compute-8 kernel:   node   0: [mem 0x00000000796f9000-0x00000000797d6fff]
Jan 08 07:48:55 Rocky-Compute-8 kernel:   node   0: [mem 0x000000007bcf6000-0x000000007bcf6fff]
Jan 08 07:48:55 Rocky-Compute-8 kernel:   node   0: [mem 0x000000007bd7d000-0x000000007bffffff]
Jan 08 07:48:55 Rocky-Compute-8 kernel:   node   0: [mem 0x0000000100000000-0x000000087fffffff]
Jan 08 07:48:55 Rocky-Compute-8 kernel:   node   1: [mem 0x0000000880000000-0x000000107fffffff]
Jan 08 07:48:55 Rocky-Compute-8 kernel: Zeroed struct page in unavailable ranges: 28189 pages
Jan 08 07:48:55 Rocky-Compute-8 kernel: Initmem setup node 0 [mem 0x0000000000001000-0x000000087fffffff]
Jan 08 07:48:55 Rocky-Compute-8 kernel: On node 0 totalpages: 8360419
Jan 08 07:48:55 Rocky-Compute-8 kernel:   DMA zone: 64 pages used for memmap
Jan 08 07:48:55 Rocky-Compute-8 kernel:   DMA zone: 159 pages reserved
Jan 08 07:48:55 Rocky-Compute-8 kernel:   DMA zone: 3999 pages, LIFO batch:0
Jan 08 07:48:55 Rocky-Compute-8 kernel:   DMA32 zone: 7690 pages used for memmap
Jan 08 07:48:55 Rocky-Compute-8 kernel:   DMA32 zone: 492100 pages, LIFO batch:63
Jan 08 07:48:55 Rocky-Compute-8 kernel:   Normal zone: 122880 pages used for memmap
Jan 08 07:48:55 Rocky-Compute-8 kernel:   Normal zone: 7864320 pages, LIFO batch:63
Jan 08 07:48:55 Rocky-Compute-8 kernel: Initmem setup node 1 [mem 0x0000000880000000-0x000000107fffffff]
Jan 08 07:48:55 Rocky-Compute-8 kernel: On node 1 totalpages: 8388608
Jan 08 07:48:55 Rocky-Compute-8 kernel:   Normal zone: 131072 pages used for memmap
Jan 08 07:48:55 Rocky-Compute-8 kernel:   Normal zone: 8388608 pages, LIFO batch:63
Jan 08 07:48:55 Rocky-Compute-8 kernel: ACPI: PM-Timer IO Port: 0x408
Jan 08 07:48:55 Rocky-Compute-8 kernel: ACPI: Local APIC address 0xfee00000
Jan 08 07:48:55 Rocky-Compute-8 kernel: ACPI: LAPIC_NMI (acpi_id[0x00] high edge lint[0x1])
Jan 08 07:48:55 Rocky-Compute-8 kernel: ACPI: LAPIC_NMI (acpi_id[0x02] high edge lint[0x1])
Jan 08 07:48:55 Rocky-Compute-8 kernel: ACPI: LAPIC_NMI (acpi_id[0x04] high edge lint[0x1])
Jan 08 07:48:55 Rocky-Compute-8 kernel: ACPI: LAPIC_NMI (acpi_id[0x06] high edge lint[0x1])
Jan 08 07:48:55 Rocky-Compute-8 kernel: ACPI: LAPIC_NMI (acpi_id[0x08] high edge lint[0x1])
Jan 08 07:48:55 Rocky-Compute-8 kernel: ACPI: LAPIC_NMI (acpi_id[0x0a] high edge lint[0x1])
Jan 08 07:48:55 Rocky-Compute-8 kernel: ACPI: LAPIC_NMI (acpi_id[0x10] high edge lint[0x1])
Jan 08 07:48:55 Rocky-Compute-8 kernel: ACPI: LAPIC_NMI (acpi_id[0x12] high edge lint[0x1])
Jan 08 07:48:55 Rocky-Compute-8 kernel: ACPI: LAPIC_NMI (acpi_id[0x14] high edge lint[0x1])
Jan 08 07:48:55 Rocky-Compute-8 kernel: ACPI: LAPIC_NMI (acpi_id[0x16] high edge lint[0x1])
Jan 08 07:48:55 Rocky-Compute-8 kernel: ACPI: LAPIC_NMI (acpi_id[0x18] high edge lint[0x1])
Jan 08 07:48:55 Rocky-Compute-8 kernel: ACPI: LAPIC_NMI (acpi_id[0x1a] high edge lint[0x1])
Jan 08 07:48:55 Rocky-Compute-8 kernel: ACPI: LAPIC_NMI (acpi_id[0x20] high edge lint[0x1])
Jan 08 07:48:55 Rocky-Compute-8 kernel: ACPI: LAPIC_NMI (acpi_id[0x22] high edge lint[0x1])
Jan 08 07:48:55 Rocky-Compute-8 kernel: ACPI: LAPIC_NMI (acpi_id[0x24] high edge lint[0x1])
Jan 08 07:48:55 Rocky-Compute-8 kernel: ACPI: LAPIC_NMI (acpi_id[0x26] high edge lint[0x1])
Jan 08 07:48:55 Rocky-Compute-8 kernel: ACPI: LAPIC_NMI (acpi_id[0x28] high edge lint[0x1])
Jan 08 07:48:55 Rocky-Compute-8 kernel: ACPI: LAPIC_NMI (acpi_id[0x2a] high edge lint[0x1])
Jan 08 07:48:55 Rocky-Compute-8 kernel: ACPI: LAPIC_NMI (acpi_id[0x30] high edge lint[0x1])
Jan 08 07:48:55 Rocky-Compute-8 kernel: ACPI: LAPIC_NMI (acpi_id[0x32] high edge lint[0x1])
Jan 08 07:48:55 Rocky-Compute-8 kernel: ACPI: LAPIC_NMI (acpi_id[0x34] high edge lint[0x1])
Jan 08 07:48:55 Rocky-Compute-8 kernel: ACPI: LAPIC_NMI (acpi_id[0x36] high edge lint[0x1])
Jan 08 07:48:55 Rocky-Compute-8 kernel: ACPI: LAPIC_NMI (acpi_id[0x38] high edge lint[0x1])
Jan 08 07:48:55 Rocky-Compute-8 kernel: ACPI: LAPIC_NMI (acpi_id[0x3a] high edge lint[0x1])
Jan 08 07:48:55 Rocky-Compute-8 kernel: ACPI: LAPIC_NMI (acpi_id[0x01] high edge lint[0x1])
Jan 08 07:48:55 Rocky-Compute-8 kernel: ACPI: LAPIC_NMI (acpi_id[0x03] high edge lint[0x1])
Jan 08 07:48:55 Rocky-Compute-8 kernel: ACPI: LAPIC_NMI (acpi_id[0x05] high edge lint[0x1])
Jan 08 07:48:55 Rocky-Compute-8 kernel: ACPI: LAPIC_NMI (acpi_id[0x07] high edge lint[0x1])
Jan 08 07:48:55 Rocky-Compute-8 kernel: ACPI: LAPIC_NMI (acpi_id[0x09] high edge lint[0x1])
Jan 08 07:48:55 Rocky-Compute-8 kernel: ACPI: LAPIC_NMI (acpi_id[0x0b] high edge lint[0x1])
Jan 08 07:48:55 Rocky-Compute-8 kernel: ACPI: LAPIC_NMI (acpi_id[0x11] high edge lint[0x1])
Jan 08 07:48:55 Rocky-Compute-8 kernel: ACPI: LAPIC_NMI (acpi_id[0x13] high edge lint[0x1])
Jan 08 07:48:55 Rocky-Compute-8 kernel: ACPI: LAPIC_NMI (acpi_id[0x15] high edge lint[0x1])
Jan 08 07:48:55 Rocky-Compute-8 kernel: ACPI: LAPIC_NMI (acpi_id[0x17] high edge lint[0x1])
Jan 08 07:48:55 Rocky-Compute-8 kernel: ACPI: LAPIC_NMI (acpi_id[0x19] high edge lint[0x1])
Jan 08 07:48:55 Rocky-Compute-8 kernel: ACPI: LAPIC_NMI (acpi_id[0x1b] high edge lint[0x1])
Jan 08 07:48:55 Rocky-Compute-8 kernel: ACPI: LAPIC_NMI (acpi_id[0x21] high edge lint[0x1])
Jan 08 07:48:55 Rocky-Compute-8 kernel: ACPI: LAPIC_NMI (acpi_id[0x23] high edge lint[0x1])
Jan 08 07:48:55 Rocky-Compute-8 kernel: ACPI: LAPIC_NMI (acpi_id[0x25] high edge lint[0x1])
Jan 08 07:48:55 Rocky-Compute-8 kernel: ACPI: LAPIC_NMI (acpi_id[0x27] high edge lint[0x1])
Jan 08 07:48:55 Rocky-Compute-8 kernel: ACPI: LAPIC_NMI (acpi_id[0x29] high edge lint[0x1])
Jan 08 07:48:55 Rocky-Compute-8 kernel: ACPI: LAPIC_NMI (acpi_id[0x2b] high edge lint[0x1])
Jan 08 07:48:55 Rocky-Compute-8 kernel: ACPI: LAPIC_NMI (acpi_id[0x31] high edge lint[0x1])
Jan 08 07:48:55 Rocky-Compute-8 kernel: ACPI: LAPIC_NMI (acpi_id[0x33] high edge lint[0x1])
Jan 08 07:48:55 Rocky-Compute-8 kernel: ACPI: LAPIC_NMI (acpi_id[0x35] high edge lint[0x1])
Jan 08 07:48:55 Rocky-Compute-8 kernel: ACPI: LAPIC_NMI (acpi_id[0x37] high edge lint[0x1])
Jan 08 07:48:55 Rocky-Compute-8 kernel: ACPI: LAPIC_NMI (acpi_id[0x39] high edge lint[0x1])
Jan 08 07:48:55 Rocky-Compute-8 kernel: ACPI: LAPIC_NMI (acpi_id[0x3b] high edge lint[0x1])
Jan 08 07:48:55 Rocky-Compute-8 kernel: IOAPIC[0]: apic_id 1, version 32, address 0xfec00000, GSI 0-23
Jan 08 07:48:55 Rocky-Compute-8 kernel: IOAPIC[1]: apic_id 2, version 32, address 0xfec01000, GSI 24-47
Jan 08 07:48:55 Rocky-Compute-8 kernel: IOAPIC[2]: apic_id 3, version 32, address 0xfec40000, GSI 48-71
Jan 08 07:48:55 Rocky-Compute-8 kernel: ACPI: INT_SRC_OVR (bus 0 bus_irq 0 global_irq 2 dfl dfl)
Jan 08 07:48:55 Rocky-Compute-8 kernel: ACPI: INT_SRC_OVR (bus 0 bus_irq 9 global_irq 9 high level)
Jan 08 07:48:55 Rocky-Compute-8 kernel: ACPI: IRQ0 used by override.
Jan 08 07:48:55 Rocky-Compute-8 kernel: ACPI: IRQ9 used by override.
Jan 08 07:48:55 Rocky-Compute-8 kernel: Using ACPI (MADT) for SMP configuration information
Jan 08 07:48:55 Rocky-Compute-8 kernel: ACPI: HPET id: 0x8086a701 base: 0xfed00000
Jan 08 07:48:55 Rocky-Compute-8 kernel: e820: update [mem 0x76859000-0x769b8fff] usable ==> reserved
Jan 08 07:48:55 Rocky-Compute-8 kernel: TSC deadline timer available
Jan 08 07:48:55 Rocky-Compute-8 kernel: smpboot: Allowing 48 CPUs, 0 hotplug CPUs
Jan 08 07:48:55 Rocky-Compute-8 kernel: PM: Registered nosave memory: [mem 0x00000000-0x00000fff]
Jan 08 07:48:55 Rocky-Compute-8 kernel: PM: Registered nosave memory: [mem 0x000a0000-0x000fffff]
Jan 08 07:48:55 Rocky-Compute-8 kernel: PM: Registered nosave memory: [mem 0x70f82000-0x70f82fff]
Jan 08 07:48:55 Rocky-Compute-8 kernel: PM: Registered nosave memory: [mem 0x70f8a000-0x70f8afff]
Jan 08 07:48:55 Rocky-Compute-8 kernel: PM: Registered nosave memory: [mem 0x70f8b000-0x70f8bfff]
Jan 08 07:48:55 Rocky-Compute-8 kernel: PM: Registered nosave memory: [mem 0x70fb4000-0x70fb4fff]
Jan 08 07:48:55 Rocky-Compute-8 kernel: PM: Registered nosave memory: [mem 0x70fb5000-0x70fb5fff]
Jan 08 07:48:55 Rocky-Compute-8 kernel: PM: Registered nosave memory: [mem 0x70fc6000-0x70fc6fff]
Jan 08 07:48:55 Rocky-Compute-8 kernel: PM: Registered nosave memory: [mem 0x70fc7000-0x70fc7fff]
Jan 08 07:48:55 Rocky-Compute-8 kernel: PM: Registered nosave memory: [mem 0x70fd8000-0x70fd8fff]
Jan 08 07:48:55 Rocky-Compute-8 kernel: PM: Registered nosave memory: [mem 0x76859000-0x769b8fff]
Jan 08 07:48:55 Rocky-Compute-8 kernel: PM: Registered nosave memory: [mem 0x78ee2000-0x796f8fff]
Jan 08 07:48:55 Rocky-Compute-8 kernel: PM: Registered nosave memory: [mem 0x797d7000-0x79d3cfff]
Jan 08 07:48:55 Rocky-Compute-8 kernel: PM: Registered nosave memory: [mem 0x79d3d000-0x7bcf5fff]
Jan 08 07:48:55 Rocky-Compute-8 kernel: PM: Registered nosave memory: [mem 0x7bcf7000-0x7bd7cfff]
Jan 08 07:48:55 Rocky-Compute-8 kernel: PM: Registered nosave memory: [mem 0x7c000000-0x8fffffff]
Jan 08 07:48:55 Rocky-Compute-8 kernel: PM: Registered nosave memory: [mem 0x90000000-0xfed1bfff]
Jan 08 07:48:55 Rocky-Compute-8 kernel: PM: Registered nosave memory: [mem 0xfed1c000-0xfed44fff]
Jan 08 07:48:55 Rocky-Compute-8 kernel: PM: Registered nosave memory: [mem 0xfed45000-0xfeffffff]
Jan 08 07:48:55 Rocky-Compute-8 kernel: PM: Registered nosave memory: [mem 0xff000000-0xffffffff]
Jan 08 07:48:55 Rocky-Compute-8 kernel: [mem 0x90000000-0xfed1bfff] available for PCI devices
Jan 08 07:48:55 Rocky-Compute-8 kernel: Booting paravirtualized kernel on bare hardware
Jan 08 07:48:55 Rocky-Compute-8 kernel: clocksource: refined-jiffies: mask: 0xffffffff max_cycles: 0xffffffff, max_idle_ns: 1910969940391419 ns
Jan 08 07:48:55 Rocky-Compute-8 kernel: setup_percpu: NR_CPUS:8192 nr_cpumask_bits:48 nr_cpu_ids:48 nr_node_ids:2
Jan 08 07:48:55 Rocky-Compute-8 kernel: percpu: Embedded 63 pages/cpu s221184 r8192 d28672 u262144
Jan 08 07:48:55 Rocky-Compute-8 kernel: pcpu-alloc: s221184 r8192 d28672 u262144 alloc=1*2097152
Jan 08 07:48:55 Rocky-Compute-8 kernel: pcpu-alloc: [0] 00 01 02 03 04 05 06 07 [0] 08 09 10 11 24 25 26 27 
Jan 08 07:48:55 Rocky-Compute-8 kernel: pcpu-alloc: [0] 28 29 30 31 32 33 34 35 [1] 12 13 14 15 16 17 18 19 
Jan 08 07:48:55 Rocky-Compute-8 kernel: pcpu-alloc: [1] 20 21 22 23 36 37 38 39 [1] 40 41 42 43 44 45 46 47 
Jan 08 07:48:55 Rocky-Compute-8 kernel: Built 2 zonelists, mobility grouping on.  Total pages: 16487162
Jan 08 07:48:55 Rocky-Compute-8 kernel: Policy zone: Normal
Jan 08 07:48:55 Rocky-Compute-8 kernel: Kernel command line: BOOT_IMAGE=(hd0,gpt2)/vmlinuz-4.18.0-513.9.1.el8_lustre.x86_64 root=/dev/mapper/rl_rocky--compute--8-root ro crashkernel=auto resume=/dev/mapper/rl_rocky--compute--8-swap rd.lvm.lv=rl_rocky-compute-8/root rd.lvm.lv=rl_rocky-compute-8/swap rhgb quiet
Jan 08 07:48:55 Rocky-Compute-8 kernel: Specific versions of hardware are certified with Red Hat Enterprise Linux 8. Please see the list of hardware certified with Red Hat Enterprise Linux 8 at https://catalog.redhat.com.
Jan 08 07:48:55 Rocky-Compute-8 kernel: software IO TLB: area num 64.
Jan 08 07:48:55 Rocky-Compute-8 kernel: Memory: 1529944K/66996108K available (14341K kernel code, 5952K rwdata, 8520K rodata, 2608K init, 26336K bss, 1844496K reserved, 0K cma-reserved)
Jan 08 07:48:55 Rocky-Compute-8 kernel: SLUB: HWalign=64, Order=0-3, MinObjects=0, CPUs=48, Nodes=2
Jan 08 07:48:55 Rocky-Compute-8 kernel: Kernel/User page tables isolation: enabled
Jan 08 07:48:55 Rocky-Compute-8 kernel: ftrace: allocating 40941 entries in 160 pages
Jan 08 07:48:55 Rocky-Compute-8 kernel: ftrace: allocated 160 pages with 2 groups
Jan 08 07:48:55 Rocky-Compute-8 kernel: rcu: Hierarchical RCU implementation.
Jan 08 07:48:55 Rocky-Compute-8 kernel: rcu:         RCU restricting CPUs from NR_CPUS=8192 to nr_cpu_ids=48.
Jan 08 07:48:55 Rocky-Compute-8 kernel:         Rude variant of Tasks RCU enabled.
Jan 08 07:48:55 Rocky-Compute-8 kernel:         Tracing variant of Tasks RCU enabled.
Jan 08 07:48:55 Rocky-Compute-8 kernel: rcu: RCU calculated value of scheduler-enlistment delay is 100 jiffies.
Jan 08 07:48:55 Rocky-Compute-8 kernel: rcu: Adjusting geometry for rcu_fanout_leaf=16, nr_cpu_ids=48
Jan 08 07:48:55 Rocky-Compute-8 kernel: NR_IRQS: 524544, nr_irqs: 1624, preallocated irqs: 16
Jan 08 07:48:55 Rocky-Compute-8 kernel: random: crng done (trusting CPU's manufacturer)
Jan 08 07:48:55 Rocky-Compute-8 kernel: Console: colour dummy device 80x25
Jan 08 07:48:55 Rocky-Compute-8 kernel: printk: console [tty0] enabled
Jan 08 07:48:55 Rocky-Compute-8 kernel: mempolicy: Enabling automatic NUMA balancing. Configure with numa_balancing= or the kernel.numa_balancing sysctl
Jan 08 07:48:55 Rocky-Compute-8 kernel: ACPI: Core revision 20220331
Jan 08 07:48:55 Rocky-Compute-8 kernel: clocksource: hpet: mask: 0xffffffff max_cycles: 0xffffffff, max_idle_ns: 133484882848 ns
Jan 08 07:48:55 Rocky-Compute-8 kernel: hpet clockevent registered
Jan 08 07:48:55 Rocky-Compute-8 kernel: APIC: Switch to symmetric I/O mode setup
Jan 08 07:48:55 Rocky-Compute-8 kernel: DMAR: Host address width 46
Jan 08 07:48:55 Rocky-Compute-8 kernel: DMAR: DRHD base: 0x000000fbffc000 flags: 0x0
Jan 08 07:48:55 Rocky-Compute-8 kernel: DMAR: dmar0: reg_base_addr fbffc000 ver 1:0 cap 8d2078c106f0466 ecap f020de
Jan 08 07:48:55 Rocky-Compute-8 kernel: DMAR: DRHD base: 0x000000c7ffc000 flags: 0x1
Jan 08 07:48:55 Rocky-Compute-8 kernel: DMAR: dmar1: reg_base_addr c7ffc000 ver 1:0 cap 8d2078c106f0466 ecap f020de
Jan 08 07:48:55 Rocky-Compute-8 kernel: DMAR: RMRR base: 0x0000007ba58000 end: 0x0000007ba67fff
Jan 08 07:48:55 Rocky-Compute-8 kernel: DMAR: ATSR flags: 0x0
Jan 08 07:48:55 Rocky-Compute-8 kernel: DMAR: RHSA base: 0x000000c7ffc000 proximity domain: 0x0
Jan 08 07:48:55 Rocky-Compute-8 kernel: DMAR: RHSA base: 0x000000fbffc000 proximity domain: 0x1
Jan 08 07:48:55 Rocky-Compute-8 kernel: DMAR-IR: IOAPIC id 3 under DRHD base  0xfbffc000 IOMMU 0
Jan 08 07:48:55 Rocky-Compute-8 kernel: DMAR-IR: IOAPIC id 1 under DRHD base  0xc7ffc000 IOMMU 1
Jan 08 07:48:55 Rocky-Compute-8 kernel: DMAR-IR: IOAPIC id 2 under DRHD base  0xc7ffc000 IOMMU 1
Jan 08 07:48:55 Rocky-Compute-8 kernel: DMAR-IR: HPET id 0 under DRHD base 0xc7ffc000
Jan 08 07:48:55 Rocky-Compute-8 kernel: DMAR-IR: x2apic is disabled because BIOS sets x2apic opt out bit.
Jan 08 07:48:55 Rocky-Compute-8 kernel: DMAR-IR: Use 'intremap=no_x2apic_optout' to override the BIOS setting.
Jan 08 07:48:55 Rocky-Compute-8 kernel: DMAR-IR: Enabled IRQ remapping in xapic mode
Jan 08 07:48:55 Rocky-Compute-8 kernel: x2apic: IRQ remapping doesn't support X2APIC mode
Jan 08 07:48:55 Rocky-Compute-8 kernel: Switched APIC routing to physical flat.
Jan 08 07:48:55 Rocky-Compute-8 kernel: ..TIMER: vector=0x30 apic1=0 pin1=2 apic2=-1 pin2=-1
Jan 08 07:48:55 Rocky-Compute-8 kernel: clocksource: tsc-early: mask: 0xffffffffffffffff max_cycles: 0x1fb66886a43, max_idle_ns: 440795213828 ns
Jan 08 07:48:55 Rocky-Compute-8 kernel: Calibrating delay loop (skipped), value calculated using timer frequency.. 4400.11 BogoMIPS (lpj=2200057)
Jan 08 07:48:55 Rocky-Compute-8 kernel: pid_max: default: 49152 minimum: 384
Jan 08 07:48:55 Rocky-Compute-8 kernel: LSM: Security Framework initializing
Jan 08 07:48:55 Rocky-Compute-8 kernel: Yama: becoming mindful.
Jan 08 07:48:55 Rocky-Compute-8 kernel: SELinux:  Initializing.
Jan 08 07:48:55 Rocky-Compute-8 kernel: LSM support for eBPF active
Jan 08 07:48:55 Rocky-Compute-8 kernel: Dentry cache hash table entries: 8388608 (order: 14, 67108864 bytes, vmalloc)
Jan 08 07:48:55 Rocky-Compute-8 kernel: Inode-cache hash table entries: 4194304 (order: 13, 33554432 bytes, vmalloc)
Jan 08 07:48:55 Rocky-Compute-8 kernel: Mount-cache hash table entries: 131072 (order: 8, 1048576 bytes, vmalloc)
Jan 08 07:48:55 Rocky-Compute-8 kernel: Mountpoint-cache hash table entries: 131072 (order: 8, 1048576 bytes, vmalloc)
Jan 08 07:48:55 Rocky-Compute-8 kernel: CPU0: Thermal monitoring enabled (TM1)
Jan 08 07:48:55 Rocky-Compute-8 kernel: process: using mwait in idle threads
Jan 08 07:48:55 Rocky-Compute-8 kernel: Last level iTLB entries: 4KB 64, 2MB 8, 4MB 8
Jan 08 07:48:55 Rocky-Compute-8 kernel: Last level dTLB entries: 4KB 64, 2MB 0, 4MB 0, 1GB 4
Jan 08 07:48:55 Rocky-Compute-8 kernel: Spectre V1 : Mitigation: usercopy/swapgs barriers and __user pointer sanitization
Jan 08 07:48:55 Rocky-Compute-8 kernel: Spectre V2 : Mitigation: Retpolines
Jan 08 07:48:55 Rocky-Compute-8 kernel: Spectre V2 : Spectre v2 / SpectreRSB mitigation: Filling RSB on context switch
Jan 08 07:48:55 Rocky-Compute-8 kernel: Spectre V2 : Spectre v2 / SpectreRSB : Filling RSB on VMEXIT
Jan 08 07:48:55 Rocky-Compute-8 kernel: Spectre V2 : Enabling Restricted Speculation for firmware calls
Jan 08 07:48:55 Rocky-Compute-8 kernel: Spectre V2 : mitigation: Enabling conditional Indirect Branch Prediction Barrier
Jan 08 07:48:55 Rocky-Compute-8 kernel: Spectre V2 : User space: Mitigation: STIBP via prctl
Jan 08 07:48:55 Rocky-Compute-8 kernel: Speculative Store Bypass: Mitigation: Speculative Store Bypass disabled via prctl
Jan 08 07:48:55 Rocky-Compute-8 kernel: MDS: Mitigation: Clear CPU buffers
Jan 08 07:48:55 Rocky-Compute-8 kernel: TAA: Mitigation: Clear CPU buffers
Jan 08 07:48:55 Rocky-Compute-8 kernel: MMIO Stale Data: Mitigation: Clear CPU buffers
Jan 08 07:48:55 Rocky-Compute-8 kernel: Freeing SMP alternatives memory: 36K
Jan 08 07:48:55 Rocky-Compute-8 kernel: smpboot: Estimated ratio of average max frequency by base frequency (times 1024): 1210
Jan 08 07:48:55 Rocky-Compute-8 kernel: smpboot: CPU0: Intel(R) Xeon(R) CPU E5-2650 v4 @ 2.20GHz (family: 0x6, model: 0x4f, stepping: 0x1)
Jan 08 07:48:55 Rocky-Compute-8 kernel: Performance Events: PEBS fmt2+, Broadwell events, 16-deep LBR, full-width counters, Intel PMU driver.
Jan 08 07:48:55 Rocky-Compute-8 kernel: ... version:                3
Jan 08 07:48:55 Rocky-Compute-8 kernel: ... bit width:              48
Jan 08 07:48:55 Rocky-Compute-8 kernel: ... generic registers:      4
Jan 08 07:48:55 Rocky-Compute-8 kernel: ... value mask:             0000ffffffffffff
Jan 08 07:48:55 Rocky-Compute-8 kernel: ... max period:             00007fffffffffff
Jan 08 07:48:55 Rocky-Compute-8 kernel: ... fixed-purpose events:   3
Jan 08 07:48:55 Rocky-Compute-8 kernel: ... event mask:             000000070000000f
Jan 08 07:48:55 Rocky-Compute-8 kernel: rcu: Hierarchical SRCU implementation.
Jan 08 07:48:55 Rocky-Compute-8 kernel: NMI watchdog: Enabled. Permanently consumes one hw-PMU counter.
Jan 08 07:48:55 Rocky-Compute-8 kernel: smp: Bringing up secondary CPUs ...
Jan 08 07:48:55 Rocky-Compute-8 kernel: x86: Booting SMP configuration:
Jan 08 07:48:55 Rocky-Compute-8 kernel: .... node  #0, CPUs:        #1  #2  #3  #4  #5  #6  #7  #8  #9 #10 #11
Jan 08 07:48:55 Rocky-Compute-8 kernel: .... node  #1, CPUs:   #12
Jan 08 07:48:55 Rocky-Compute-8 kernel: smpboot: CPU 12 Converting physical 0 to logical die 1
Jan 08 07:48:55 Rocky-Compute-8 kernel:  #13 #14 #15 #16 #17 #18 #19 #20 #21 #22 #23
Jan 08 07:48:55 Rocky-Compute-8 kernel: .... node  #0, CPUs:   #24
Jan 08 07:48:55 Rocky-Compute-8 kernel: MDS CPU bug present and SMT on, data leak possible. See https://www.kernel.org/doc/html/latest/admin-guide/hw-vuln/mds.html for more details.
Jan 08 07:48:55 Rocky-Compute-8 kernel: TAA CPU bug present and SMT on, data leak possible. See https://www.kernel.org/doc/html/latest/admin-guide/hw-vuln/tsx_async_abort.html for more details.
Jan 08 07:48:55 Rocky-Compute-8 kernel: MMIO Stale Data CPU bug present and SMT on, data leak possible. See https://www.kernel.org/doc/html/latest/admin-guide/hw-vuln/processor_mmio_stale_data.html for more details.
Jan 08 07:48:55 Rocky-Compute-8 kernel:  #25 #26 #27 #28 #29 #30 #31 #32 #33 #34 #35
Jan 08 07:48:55 Rocky-Compute-8 kernel: .... node  #1, CPUs:   #36 #37 #38 #39 #40 #41 #42 #43 #44 #45 #46 #47
Jan 08 07:48:55 Rocky-Compute-8 kernel: smp: Brought up 2 nodes, 48 CPUs
Jan 08 07:48:55 Rocky-Compute-8 kernel: smpboot: Max logical packages: 2
Jan 08 07:48:55 Rocky-Compute-8 kernel: smpboot: Total of 48 processors activated (211476.14 BogoMIPS)
Jan 08 07:48:55 Rocky-Compute-8 kernel: node 0 deferred pages initialised in 31ms
Jan 08 07:48:55 Rocky-Compute-8 kernel: node 1 deferred pages initialised in 32ms
Jan 08 07:48:55 Rocky-Compute-8 kernel: devtmpfs: initialized
Jan 08 07:48:55 Rocky-Compute-8 kernel: x86/mm: Memory block size: 2048MB
Jan 08 07:48:55 Rocky-Compute-8 kernel: ACPI: PM: Registering ACPI NVS region [mem 0x797d7000-0x79d3cfff] (5660672 bytes)
Jan 08 07:48:55 Rocky-Compute-8 kernel: clocksource: jiffies: mask: 0xffffffff max_cycles: 0xffffffff, max_idle_ns: 1911260446275000 ns
Jan 08 07:48:55 Rocky-Compute-8 kernel: futex hash table entries: 16384 (order: 8, 1048576 bytes, vmalloc)
Jan 08 07:48:55 Rocky-Compute-8 kernel: pinctrl core: initialized pinctrl subsystem
Jan 08 07:48:55 Rocky-Compute-8 kernel: NET: Registered protocol family 16
Jan 08 07:48:55 Rocky-Compute-8 kernel: DMA: preallocated 4096 KiB GFP_KERNEL pool for atomic allocations
Jan 08 07:48:55 Rocky-Compute-8 kernel: DMA: preallocated 4096 KiB GFP_KERNEL|GFP_DMA pool for atomic allocations
Jan 08 07:48:55 Rocky-Compute-8 kernel: DMA: preallocated 4096 KiB GFP_KERNEL|GFP_DMA32 pool for atomic allocations
Jan 08 07:48:55 Rocky-Compute-8 kernel: audit: initializing netlink subsys (disabled)
Jan 08 07:48:55 Rocky-Compute-8 kernel: audit: type=2000 audit(1767876534.211:1): state=initialized audit_enabled=0 res=1
Jan 08 07:48:55 Rocky-Compute-8 kernel: cpuidle: using governor menu
Jan 08 07:48:55 Rocky-Compute-8 kernel: ACPI FADT declares the system doesn't support PCIe ASPM, so disable it
Jan 08 07:48:55 Rocky-Compute-8 kernel: acpiphp: ACPI Hot Plug PCI Controller Driver version: 0.5
Jan 08 07:48:55 Rocky-Compute-8 kernel: PCI: MMCONFIG for domain 0000 [bus 00-ff] at [mem 0x80000000-0x8fffffff] (base 0x80000000)
Jan 08 07:48:55 Rocky-Compute-8 kernel: PCI: MMCONFIG at [mem 0x80000000-0x8fffffff] reserved in E820
Jan 08 07:48:55 Rocky-Compute-8 kernel: PCI: Using configuration type 1 for base access
Jan 08 07:48:55 Rocky-Compute-8 kernel: HugeTLB registered 1.00 GiB page size, pre-allocated 0 pages
Jan 08 07:48:55 Rocky-Compute-8 kernel: HugeTLB registered 2.00 MiB page size, pre-allocated 0 pages
Jan 08 07:48:55 Rocky-Compute-8 kernel: cryptd: max_cpu_qlen set to 1000
Jan 08 07:48:55 Rocky-Compute-8 kernel: ACPI: Added _OSI(Module Device)
Jan 08 07:48:55 Rocky-Compute-8 kernel: ACPI: Added _OSI(Processor Device)
Jan 08 07:48:55 Rocky-Compute-8 kernel: ACPI: Added _OSI(3.0 _SCP Extensions)
Jan 08 07:48:55 Rocky-Compute-8 kernel: ACPI: Added _OSI(Processor Aggregator Device)
Jan 08 07:48:55 Rocky-Compute-8 kernel: ACPI: Added _OSI(Linux-Dell-Video)
Jan 08 07:48:55 Rocky-Compute-8 kernel: ACPI: Added _OSI(Linux-Lenovo-NV-HDMI-Audio)
Jan 08 07:48:55 Rocky-Compute-8 kernel: ACPI: Added _OSI(Linux-HPI-Hybrid-Graphics)
Jan 08 07:48:55 Rocky-Compute-8 kernel: ACPI: 4 ACPI AML tables successfully acquired and loaded
Jan 08 07:48:55 Rocky-Compute-8 kernel: ACPI: [Firmware Bug]: BIOS _OSI(Linux) query ignored
Jan 08 07:48:55 Rocky-Compute-8 kernel: ACPI: Dynamic OEM Table Load:
Jan 08 07:48:55 Rocky-Compute-8 kernel: ACPI: Interpreter enabled
Jan 08 07:48:55 Rocky-Compute-8 kernel: ACPI: PM: (supports S0 S4 S5)
Jan 08 07:48:55 Rocky-Compute-8 kernel: ACPI: Using IOAPIC for interrupt routing
Jan 08 07:48:55 Rocky-Compute-8 kernel: HEST: Enabling Firmware First mode for corrected errors.
Jan 08 07:48:55 Rocky-Compute-8 kernel: HEST: Table parsing has been initialized.
Jan 08 07:48:55 Rocky-Compute-8 kernel: PCI: Using host bridge windows from ACPI; if necessary, use "pci=nocrs" and report a bug
Jan 08 07:48:55 Rocky-Compute-8 kernel: ACPI: Enabled 4 GPEs in block 00 to 3F
Jan 08 07:48:55 Rocky-Compute-8 kernel: ACPI: PCI Root Bridge [UNC1] (domain 0000 [bus ff])
Jan 08 07:48:55 Rocky-Compute-8 kernel: acpi PNP0A03:02: _OSC: OS supports [ExtendedConfig ASPM ClockPM Segments MSI EDR HPX-Type3]
Jan 08 07:48:55 Rocky-Compute-8 kernel: acpi PNP0A03:02: _OSC: platform does not support [SHPCHotplug AER LTR DPC]
Jan 08 07:48:55 Rocky-Compute-8 kernel: acpi PNP0A03:02: _OSC: OS now controls [PCIeHotplug PME PCIeCapability]
Jan 08 07:48:55 Rocky-Compute-8 kernel: acpi PNP0A03:02: FADT indicates ASPM is unsupported, using BIOS configuration
Jan 08 07:48:55 Rocky-Compute-8 kernel: PCI host bridge to bus 0000:ff
Jan 08 07:48:55 Rocky-Compute-8 kernel: pci_bus 0000:ff: Unknown NUMA node; performance will be reduced
Jan 08 07:48:55 Rocky-Compute-8 kernel: pci_bus 0000:ff: root bus resource [bus ff]
Jan 08 07:48:55 Rocky-Compute-8 kernel: pci 0000:ff:08.0: [8086:6f80] type 00 class 0x088000
Jan 08 07:48:55 Rocky-Compute-8 kernel: pci 0000:ff:08.2: [8086:6f32] type 00 class 0x110100
Jan 08 07:48:55 Rocky-Compute-8 kernel: pci 0000:ff:08.3: [8086:6f83] type 00 class 0x088000
Jan 08 07:48:55 Rocky-Compute-8 kernel: pci 0000:ff:09.0: [8086:6f90] type 00 class 0x088000
Jan 08 07:48:55 Rocky-Compute-8 kernel: pci 0000:ff:09.2: [8086:6f33] type 00 class 0x110100
Jan 08 07:48:55 Rocky-Compute-8 kernel: pci 0000:ff:09.3: [8086:6f93] type 00 class 0x088000
Jan 08 07:48:55 Rocky-Compute-8 kernel: pci 0000:ff:0b.0: [8086:6f81] type 00 class 0x088000
Jan 08 07:48:55 Rocky-Compute-8 kernel: pci 0000:ff:0b.1: [8086:6f36] type 00 class 0x110100
Jan 08 07:48:55 Rocky-Compute-8 kernel: pci 0000:ff:0b.2: [8086:6f37] type 00 class 0x110100
Jan 08 07:48:55 Rocky-Compute-8 kernel: pci 0000:ff:0b.3: [8086:6f76] type 00 class 0x088000
Jan 08 07:48:55 Rocky-Compute-8 kernel: pci 0000:ff:0c.0: [8086:6fe0] type 00 class 0x088000
Jan 08 07:48:55 Rocky-Compute-8 kernel: pci 0000:ff:0c.1: [8086:6fe1] type 00 class 0x088000
Jan 08 07:48:55 Rocky-Compute-8 kernel: pci 0000:ff:0c.2: [8086:6fe2] type 00 class 0x088000
Jan 08 07:48:55 Rocky-Compute-8 kernel: pci 0000:ff:0c.3: [8086:6fe3] type 00 class 0x088000
Jan 08 07:48:55 Rocky-Compute-8 kernel: pci 0000:ff:0c.4: [8086:6fe4] type 00 class 0x088000
Jan 08 07:48:55 Rocky-Compute-8 kernel: pci 0000:ff:0c.5: [8086:6fe5] type 00 class 0x088000
Jan 08 07:48:55 Rocky-Compute-8 kernel: pci 0000:ff:0c.6: [8086:6fe6] type 00 class 0x088000
Jan 08 07:48:55 Rocky-Compute-8 kernel: pci 0000:ff:0c.7: [8086:6fe7] type 00 class 0x088000
Jan 08 07:48:55 Rocky-Compute-8 kernel: pci 0000:ff:0d.0: [8086:6fe8] type 00 class 0x088000
Jan 08 07:48:55 Rocky-Compute-8 kernel: pci 0000:ff:0d.1: [8086:6fe9] type 00 class 0x088000
Jan 08 07:48:55 Rocky-Compute-8 kernel: pci 0000:ff:0d.2: [8086:6fea] type 00 class 0x088000
Jan 08 07:48:55 Rocky-Compute-8 kernel: pci 0000:ff:0d.3: [8086:6feb] type 00 class 0x088000
Jan 08 07:48:55 Rocky-Compute-8 kernel: pci 0000:ff:0f.0: [8086:6ff8] type 00 class 0x088000
Jan 08 07:48:55 Rocky-Compute-8 kernel: pci 0000:ff:0f.1: [8086:6ff9] type 00 class 0x088000
Jan 08 07:48:55 Rocky-Compute-8 kernel: pci 0000:ff:0f.2: [8086:6ffa] type 00 class 0x088000
Jan 08 07:48:55 Rocky-Compute-8 kernel: pci 0000:ff:0f.3: [8086:6ffb] type 00 class 0x088000
Jan 08 07:48:55 Rocky-Compute-8 kernel: pci 0000:ff:0f.4: [8086:6ffc] type 00 class 0x088000
Jan 08 07:48:55 Rocky-Compute-8 kernel: pci 0000:ff:0f.5: [8086:6ffd] type 00 class 0x088000
Jan 08 07:48:55 Rocky-Compute-8 kernel: pci 0000:ff:0f.6: [8086:6ffe] type 00 class 0x088000
Jan 08 07:48:55 Rocky-Compute-8 kernel: pci 0000:ff:10.0: [8086:6f1d] type 00 class 0x088000
Jan 08 07:48:55 Rocky-Compute-8 kernel: pci 0000:ff:10.1: [8086:6f34] type 00 class 0x110100
Jan 08 07:48:55 Rocky-Compute-8 kernel: pci 0000:ff:10.5: [8086:6f1e] type 00 class 0x088000
Jan 08 07:48:55 Rocky-Compute-8 kernel: pci 0000:ff:10.6: [8086:6f7d] type 00 class 0x110100
Jan 08 07:48:55 Rocky-Compute-8 kernel: pci 0000:ff:10.7: [8086:6f1f] type 00 class 0x088000
Jan 08 07:48:55 Rocky-Compute-8 kernel: pci 0000:ff:12.0: [8086:6fa0] type 00 class 0x088000
Jan 08 07:48:55 Rocky-Compute-8 kernel: pci 0000:ff:12.1: [8086:6f30] type 00 class 0x110100
Jan 08 07:48:55 Rocky-Compute-8 kernel: pci 0000:ff:12.4: [8086:6f60] type 00 class 0x088000
Jan 08 07:48:55 Rocky-Compute-8 kernel: pci 0000:ff:12.5: [8086:6f38] type 00 class 0x110100
Jan 08 07:48:55 Rocky-Compute-8 kernel: pci 0000:ff:13.0: [8086:6fa8] type 00 class 0x088000
Jan 08 07:48:55 Rocky-Compute-8 kernel: pci 0000:ff:13.1: [8086:6f71] type 00 class 0x088000
Jan 08 07:48:55 Rocky-Compute-8 kernel: pci 0000:ff:13.2: [8086:6faa] type 00 class 0x088000
Jan 08 07:48:55 Rocky-Compute-8 kernel: pci 0000:ff:13.3: [8086:6fab] type 00 class 0x088000
Jan 08 07:48:55 Rocky-Compute-8 kernel: pci 0000:ff:13.6: [8086:6fae] type 00 class 0x088000
Jan 08 07:48:55 Rocky-Compute-8 kernel: pci 0000:ff:13.7: [8086:6faf] type 00 class 0x088000
Jan 08 07:48:55 Rocky-Compute-8 kernel: pci 0000:ff:14.0: [8086:6fb0] type 00 class 0x088000
Jan 08 07:48:55 Rocky-Compute-8 kernel: pci 0000:ff:14.1: [8086:6fb1] type 00 class 0x088000
Jan 08 07:48:55 Rocky-Compute-8 kernel: pci 0000:ff:14.2: [8086:6fb2] type 00 class 0x088000
Jan 08 07:48:55 Rocky-Compute-8 kernel: pci 0000:ff:14.3: [8086:6fb3] type 00 class 0x088000
Jan 08 07:48:55 Rocky-Compute-8 kernel: pci 0000:ff:14.4: [8086:6fbc] type 00 class 0x088000
Jan 08 07:48:55 Rocky-Compute-8 kernel: pci 0000:ff:14.5: [8086:6fbd] type 00 class 0x088000
Jan 08 07:48:55 Rocky-Compute-8 kernel: pci 0000:ff:14.6: [8086:6fbe] type 00 class 0x088000
Jan 08 07:48:55 Rocky-Compute-8 kernel: pci 0000:ff:14.7: [8086:6fbf] type 00 class 0x088000
Jan 08 07:48:55 Rocky-Compute-8 kernel: pci 0000:ff:16.0: [8086:6f68] type 00 class 0x088000
Jan 08 07:48:55 Rocky-Compute-8 kernel: pci 0000:ff:16.1: [8086:6f79] type 00 class 0x088000
Jan 08 07:48:55 Rocky-Compute-8 kernel: pci 0000:ff:16.2: [8086:6f6a] type 00 class 0x088000
Jan 08 07:48:55 Rocky-Compute-8 kernel: pci 0000:ff:16.3: [8086:6f6b] type 00 class 0x088000
Jan 08 07:48:55 Rocky-Compute-8 kernel: pci 0000:ff:16.6: [8086:6f6e] type 00 class 0x088000
Jan 08 07:48:55 Rocky-Compute-8 kernel: pci 0000:ff:16.7: [8086:6f6f] type 00 class 0x088000
Jan 08 07:48:55 Rocky-Compute-8 kernel: pci 0000:ff:17.0: [8086:6fd0] type 00 class 0x088000
Jan 08 07:48:55 Rocky-Compute-8 kernel: pci 0000:ff:17.1: [8086:6fd1] type 00 class 0x088000
Jan 08 07:48:55 Rocky-Compute-8 kernel: pci 0000:ff:17.2: [8086:6fd2] type 00 class 0x088000
Jan 08 07:48:55 Rocky-Compute-8 kernel: pci 0000:ff:17.3: [8086:6fd3] type 00 class 0x088000
Jan 08 07:48:55 Rocky-Compute-8 kernel: pci 0000:ff:17.4: [8086:6fb8] type 00 class 0x088000
Jan 08 07:48:55 Rocky-Compute-8 kernel: pci 0000:ff:17.5: [8086:6fb9] type 00 class 0x088000
Jan 08 07:48:55 Rocky-Compute-8 kernel: pci 0000:ff:17.6: [8086:6fba] type 00 class 0x088000
Jan 08 07:48:55 Rocky-Compute-8 kernel: pci 0000:ff:17.7: [8086:6fbb] type 00 class 0x088000
Jan 08 07:48:55 Rocky-Compute-8 kernel: pci 0000:ff:1e.0: [8086:6f98] type 00 class 0x088000
Jan 08 07:48:55 Rocky-Compute-8 kernel: pci 0000:ff:1e.1: [8086:6f99] type 00 class 0x088000
Jan 08 07:48:55 Rocky-Compute-8 kernel: pci 0000:ff:1e.2: [8086:6f9a] type 00 class 0x088000
Jan 08 07:48:55 Rocky-Compute-8 kernel: pci 0000:ff:1e.3: [8086:6fc0] type 00 class 0x088000
Jan 08 07:48:55 Rocky-Compute-8 kernel: pci 0000:ff:1e.4: [8086:6f9c] type 00 class 0x088000
Jan 08 07:48:55 Rocky-Compute-8 kernel: pci 0000:ff:1f.0: [8086:6f88] type 00 class 0x088000
Jan 08 07:48:55 Rocky-Compute-8 kernel: pci 0000:ff:1f.2: [8086:6f8a] type 00 class 0x088000
Jan 08 07:48:55 Rocky-Compute-8 kernel: ACPI: PCI Root Bridge [UNC0] (domain 0000 [bus 7f])
Jan 08 07:48:55 Rocky-Compute-8 kernel: acpi PNP0A03:03: _OSC: OS supports [ExtendedConfig ASPM ClockPM Segments MSI EDR HPX-Type3]
Jan 08 07:48:55 Rocky-Compute-8 kernel: acpi PNP0A03:03: _OSC: platform does not support [SHPCHotplug AER LTR DPC]
Jan 08 07:48:55 Rocky-Compute-8 kernel: acpi PNP0A03:03: _OSC: OS now controls [PCIeHotplug PME PCIeCapability]
Jan 08 07:48:55 Rocky-Compute-8 kernel: acpi PNP0A03:03: FADT indicates ASPM is unsupported, using BIOS configuration
Jan 08 07:48:55 Rocky-Compute-8 kernel: PCI host bridge to bus 0000:7f
Jan 08 07:48:55 Rocky-Compute-8 kernel: pci_bus 0000:7f: Unknown NUMA node; performance will be reduced
Jan 08 07:48:55 Rocky-Compute-8 kernel: pci_bus 0000:7f: root bus resource [bus 7f]
Jan 08 07:48:55 Rocky-Compute-8 kernel: pci 0000:7f:08.0: [8086:6f80] type 00 class 0x088000
Jan 08 07:48:55 Rocky-Compute-8 kernel: pci 0000:7f:08.2: [8086:6f32] type 00 class 0x110100
Jan 08 07:48:55 Rocky-Compute-8 kernel: pci 0000:7f:08.3: [8086:6f83] type 00 class 0x088000
Jan 08 07:48:55 Rocky-Compute-8 kernel: pci 0000:7f:09.0: [8086:6f90] type 00 class 0x088000
Jan 08 07:48:55 Rocky-Compute-8 kernel: pci 0000:7f:09.2: [8086:6f33] type 00 class 0x110100
Jan 08 07:48:55 Rocky-Compute-8 kernel: pci 0000:7f:09.3: [8086:6f93] type 00 class 0x088000
Jan 08 07:48:55 Rocky-Compute-8 kernel: pci 0000:7f:0b.0: [8086:6f81] type 00 class 0x088000
Jan 08 07:48:55 Rocky-Compute-8 kernel: pci 0000:7f:0b.1: [8086:6f36] type 00 class 0x110100
Jan 08 07:48:55 Rocky-Compute-8 kernel: pci 0000:7f:0b.2: [8086:6f37] type 00 class 0x110100
Jan 08 07:48:55 Rocky-Compute-8 kernel: pci 0000:7f:0b.3: [8086:6f76] type 00 class 0x088000
Jan 08 07:48:55 Rocky-Compute-8 kernel: pci 0000:7f:0c.0: [8086:6fe0] type 00 class 0x088000
Jan 08 07:48:55 Rocky-Compute-8 kernel: pci 0000:7f:0c.1: [8086:6fe1] type 00 class 0x088000
Jan 08 07:48:55 Rocky-Compute-8 kernel: pci 0000:7f:0c.2: [8086:6fe2] type 00 class 0x088000
Jan 08 07:48:55 Rocky-Compute-8 kernel: pci 0000:7f:0c.3: [8086:6fe3] type 00 class 0x088000
Jan 08 07:48:55 Rocky-Compute-8 kernel: pci 0000:7f:0c.4: [8086:6fe4] type 00 class 0x088000
Jan 08 07:48:55 Rocky-Compute-8 kernel: pci 0000:7f:0c.5: [8086:6fe5] type 00 class 0x088000
Jan 08 07:48:55 Rocky-Compute-8 kernel: pci 0000:7f:0c.6: [8086:6fe6] type 00 class 0x088000
Jan 08 07:48:55 Rocky-Compute-8 kernel: pci 0000:7f:0c.7: [8086:6fe7] type 00 class 0x088000
Jan 08 07:48:55 Rocky-Compute-8 kernel: pci 0000:7f:0d.0: [8086:6fe8] type 00 class 0x088000
Jan 08 07:48:55 Rocky-Compute-8 kernel: pci 0000:7f:0d.1: [8086:6fe9] type 00 class 0x088000
Jan 08 07:48:55 Rocky-Compute-8 kernel: pci 0000:7f:0d.2: [8086:6fea] type 00 class 0x088000
Jan 08 07:48:55 Rocky-Compute-8 kernel: pci 0000:7f:0d.3: [8086:6feb] type 00 class 0x088000
Jan 08 07:48:55 Rocky-Compute-8 kernel: pci 0000:7f:0f.0: [8086:6ff8] type 00 class 0x088000
Jan 08 07:48:55 Rocky-Compute-8 kernel: pci 0000:7f:0f.1: [8086:6ff9] type 00 class 0x088000
Jan 08 07:48:55 Rocky-Compute-8 kernel: pci 0000:7f:0f.2: [8086:6ffa] type 00 class 0x088000
Jan 08 07:48:55 Rocky-Compute-8 kernel: pci 0000:7f:0f.3: [8086:6ffb] type 00 class 0x088000
Jan 08 07:48:55 Rocky-Compute-8 kernel: pci 0000:7f:0f.4: [8086:6ffc] type 00 class 0x088000
Jan 08 07:48:55 Rocky-Compute-8 kernel: pci 0000:7f:0f.5: [8086:6ffd] type 00 class 0x088000
Jan 08 07:48:55 Rocky-Compute-8 kernel: pci 0000:7f:0f.6: [8086:6ffe] type 00 class 0x088000
Jan 08 07:48:55 Rocky-Compute-8 kernel: pci 0000:7f:10.0: [8086:6f1d] type 00 class 0x088000
Jan 08 07:48:55 Rocky-Compute-8 kernel: pci 0000:7f:10.1: [8086:6f34] type 00 class 0x110100
Jan 08 07:48:55 Rocky-Compute-8 kernel: pci 0000:7f:10.5: [8086:6f1e] type 00 class 0x088000
Jan 08 07:48:55 Rocky-Compute-8 kernel: pci 0000:7f:10.6: [8086:6f7d] type 00 class 0x110100
Jan 08 07:48:55 Rocky-Compute-8 kernel: pci 0000:7f:10.7: [8086:6f1f] type 00 class 0x088000
Jan 08 07:48:55 Rocky-Compute-8 kernel: pci 0000:7f:12.0: [8086:6fa0] type 00 class 0x088000
Jan 08 07:48:55 Rocky-Compute-8 kernel: pci 0000:7f:12.1: [8086:6f30] type 00 class 0x110100
Jan 08 07:48:55 Rocky-Compute-8 kernel: pci 0000:7f:12.4: [8086:6f60] type 00 class 0x088000
Jan 08 07:48:55 Rocky-Compute-8 kernel: pci 0000:7f:12.5: [8086:6f38] type 00 class 0x110100
Jan 08 07:48:55 Rocky-Compute-8 kernel: pci 0000:7f:13.0: [8086:6fa8] type 00 class 0x088000
Jan 08 07:48:55 Rocky-Compute-8 kernel: pci 0000:7f:13.1: [8086:6f71] type 00 class 0x088000
Jan 08 07:48:55 Rocky-Compute-8 kernel: pci 0000:7f:13.2: [8086:6faa] type 00 class 0x088000
Jan 08 07:48:55 Rocky-Compute-8 kernel: pci 0000:7f:13.3: [8086:6fab] type 00 class 0x088000
Jan 08 07:48:55 Rocky-Compute-8 kernel: pci 0000:7f:13.6: [8086:6fae] type 00 class 0x088000
Jan 08 07:48:55 Rocky-Compute-8 kernel: pci 0000:7f:13.7: [8086:6faf] type 00 class 0x088000
Jan 08 07:48:55 Rocky-Compute-8 kernel: pci 0000:7f:14.0: [8086:6fb0] type 00 class 0x088000
Jan 08 07:48:55 Rocky-Compute-8 kernel: pci 0000:7f:14.1: [8086:6fb1] type 00 class 0x088000
Jan 08 07:48:55 Rocky-Compute-8 kernel: pci 0000:7f:14.2: [8086:6fb2] type 00 class 0x088000
Jan 08 07:48:55 Rocky-Compute-8 kernel: pci 0000:7f:14.3: [8086:6fb3] type 00 class 0x088000
Jan 08 07:48:55 Rocky-Compute-8 kernel: pci 0000:7f:14.4: [8086:6fbc] type 00 class 0x088000
Jan 08 07:48:55 Rocky-Compute-8 kernel: pci 0000:7f:14.5: [8086:6fbd] type 00 class 0x088000
Jan 08 07:48:55 Rocky-Compute-8 kernel: pci 0000:7f:14.6: [8086:6fbe] type 00 class 0x088000
Jan 08 07:48:55 Rocky-Compute-8 kernel: pci 0000:7f:14.7: [8086:6fbf] type 00 class 0x088000
Jan 08 07:48:55 Rocky-Compute-8 kernel: pci 0000:7f:16.0: [8086:6f68] type 00 class 0x088000
Jan 08 07:48:55 Rocky-Compute-8 kernel: pci 0000:7f:16.1: [8086:6f79] type 00 class 0x088000
Jan 08 07:48:55 Rocky-Compute-8 kernel: pci 0000:7f:16.2: [8086:6f6a] type 00 class 0x088000
Jan 08 07:48:55 Rocky-Compute-8 kernel: pci 0000:7f:16.3: [8086:6f6b] type 00 class 0x088000
Jan 08 07:48:55 Rocky-Compute-8 kernel: pci 0000:7f:16.6: [8086:6f6e] type 00 class 0x088000
Jan 08 07:48:55 Rocky-Compute-8 kernel: pci 0000:7f:16.7: [8086:6f6f] type 00 class 0x088000
Jan 08 07:48:55 Rocky-Compute-8 kernel: pci 0000:7f:17.0: [8086:6fd0] type 00 class 0x088000
Jan 08 07:48:55 Rocky-Compute-8 kernel: pci 0000:7f:17.1: [8086:6fd1] type 00 class 0x088000
Jan 08 07:48:55 Rocky-Compute-8 kernel: pci 0000:7f:17.2: [8086:6fd2] type 00 class 0x088000
Jan 08 07:48:55 Rocky-Compute-8 kernel: pci 0000:7f:17.3: [8086:6fd3] type 00 class 0x088000
Jan 08 07:48:55 Rocky-Compute-8 kernel: pci 0000:7f:17.4: [8086:6fb8] type 00 class 0x088000
Jan 08 07:48:55 Rocky-Compute-8 kernel: pci 0000:7f:17.5: [8086:6fb9] type 00 class 0x088000
Jan 08 07:48:55 Rocky-Compute-8 kernel: pci 0000:7f:17.6: [8086:6fba] type 00 class 0x088000
Jan 08 07:48:55 Rocky-Compute-8 kernel: pci 0000:7f:17.7: [8086:6fbb] type 00 class 0x088000
Jan 08 07:48:55 Rocky-Compute-8 kernel: pci 0000:7f:1e.0: [8086:6f98] type 00 class 0x088000
Jan 08 07:48:55 Rocky-Compute-8 kernel: pci 0000:7f:1e.1: [8086:6f99] type 00 class 0x088000
Jan 08 07:48:55 Rocky-Compute-8 kernel: pci 0000:7f:1e.2: [8086:6f9a] type 00 class 0x088000
Jan 08 07:48:55 Rocky-Compute-8 kernel: pci 0000:7f:1e.3: [8086:6fc0] type 00 class 0x088000
Jan 08 07:48:55 Rocky-Compute-8 kernel: pci 0000:7f:1e.4: [8086:6f9c] type 00 class 0x088000
Jan 08 07:48:55 Rocky-Compute-8 kernel: pci 0000:7f:1f.0: [8086:6f88] type 00 class 0x088000
Jan 08 07:48:55 Rocky-Compute-8 kernel: pci 0000:7f:1f.2: [8086:6f8a] type 00 class 0x088000
Jan 08 07:48:55 Rocky-Compute-8 kernel: ACPI: PCI Root Bridge [PCI0] (domain 0000 [bus 00-7e])
Jan 08 07:48:55 Rocky-Compute-8 kernel: acpi PNP0A08:00: _OSC: OS supports [ExtendedConfig ASPM ClockPM Segments MSI EDR HPX-Type3]
Jan 08 07:48:55 Rocky-Compute-8 kernel: acpi PNP0A08:00: _OSC: platform does not support [SHPCHotplug AER LTR DPC]
Jan 08 07:48:55 Rocky-Compute-8 kernel: acpi PNP0A08:00: _OSC: OS now controls [PCIeHotplug PME PCIeCapability]
Jan 08 07:48:55 Rocky-Compute-8 kernel: acpi PNP0A08:00: FADT indicates ASPM is unsupported, using BIOS configuration
Jan 08 07:48:55 Rocky-Compute-8 kernel: PCI host bridge to bus 0000:00
Jan 08 07:48:55 Rocky-Compute-8 kernel: pci_bus 0000:00: root bus resource [io  0x0000-0x0cf7 window]
Jan 08 07:48:55 Rocky-Compute-8 kernel: pci_bus 0000:00: root bus resource [io  0x1000-0x7fff window]
Jan 08 07:48:55 Rocky-Compute-8 kernel: pci_bus 0000:00: root bus resource [mem 0x000a0000-0x000bffff window]
Jan 08 07:48:55 Rocky-Compute-8 kernel: pci_bus 0000:00: root bus resource [mem 0xfedb0000-0xfedb000f window]
Jan 08 07:48:55 Rocky-Compute-8 kernel: pci_bus 0000:00: root bus resource [mem 0xfedc0000-0xfedc000f window]
Jan 08 07:48:55 Rocky-Compute-8 kernel: pci_bus 0000:00: root bus resource [mem 0x90000000-0xc7ffbfff window]
Jan 08 07:48:55 Rocky-Compute-8 kernel: pci_bus 0000:00: root bus resource [bus 00-7e]
Jan 08 07:48:55 Rocky-Compute-8 kernel: pci 0000:00:00.0: [8086:6f00] type 00 class 0x060000
Jan 08 07:48:55 Rocky-Compute-8 kernel: pci 0000:00:01.0: [8086:6f02] type 01 class 0x060400
Jan 08 07:48:55 Rocky-Compute-8 kernel: pci 0000:00:01.0: PME# supported from D0 D3hot D3cold
Jan 08 07:48:55 Rocky-Compute-8 kernel: pci 0000:00:02.0: [8086:6f04] type 01 class 0x060400
Jan 08 07:48:55 Rocky-Compute-8 kernel: pci 0000:00:02.0: PME# supported from D0 D3hot D3cold
Jan 08 07:48:55 Rocky-Compute-8 kernel: pci 0000:00:03.0: [8086:6f08] type 01 class 0x060400
Jan 08 07:48:55 Rocky-Compute-8 kernel: pci 0000:00:03.0: PME# supported from D0 D3hot D3cold
Jan 08 07:48:55 Rocky-Compute-8 kernel: pci 0000:00:03.2: [8086:6f0a] type 01 class 0x060400
Jan 08 07:48:55 Rocky-Compute-8 kernel: pci 0000:00:03.2: PME# supported from D0 D3hot D3cold
Jan 08 07:48:55 Rocky-Compute-8 kernel: pci 0000:00:04.0: [8086:6f20] type 00 class 0x088000
Jan 08 07:48:55 Rocky-Compute-8 kernel: pci 0000:00:04.0: reg 0x10: [mem 0xc732c000-0xc732ffff 64bit]
Jan 08 07:48:55 Rocky-Compute-8 kernel: pci 0000:00:04.1: [8086:6f21] type 00 class 0x088000
Jan 08 07:48:55 Rocky-Compute-8 kernel: pci 0000:00:04.1: reg 0x10: [mem 0xc7328000-0xc732bfff 64bit]
Jan 08 07:48:55 Rocky-Compute-8 kernel: pci 0000:00:04.2: [8086:6f22] type 00 class 0x088000
Jan 08 07:48:55 Rocky-Compute-8 kernel: pci 0000:00:04.2: reg 0x10: [mem 0xc7324000-0xc7327fff 64bit]
Jan 08 07:48:55 Rocky-Compute-8 kernel: pci 0000:00:04.3: [8086:6f23] type 00 class 0x088000
Jan 08 07:48:55 Rocky-Compute-8 kernel: pci 0000:00:04.3: reg 0x10: [mem 0xc7320000-0xc7323fff 64bit]
Jan 08 07:48:55 Rocky-Compute-8 kernel: pci 0000:00:04.4: [8086:6f24] type 00 class 0x088000
Jan 08 07:48:55 Rocky-Compute-8 kernel: pci 0000:00:04.4: reg 0x10: [mem 0xc731c000-0xc731ffff 64bit]
Jan 08 07:48:55 Rocky-Compute-8 kernel: pci 0000:00:04.5: [8086:6f25] type 00 class 0x088000
Jan 08 07:48:55 Rocky-Compute-8 kernel: pci 0000:00:04.5: reg 0x10: [mem 0xc7318000-0xc731bfff 64bit]
Jan 08 07:48:55 Rocky-Compute-8 kernel: pci 0000:00:04.6: [8086:6f26] type 00 class 0x088000
Jan 08 07:48:55 Rocky-Compute-8 kernel: pci 0000:00:04.6: reg 0x10: [mem 0xc7314000-0xc7317fff 64bit]
Jan 08 07:48:55 Rocky-Compute-8 kernel: pci 0000:00:04.7: [8086:6f27] type 00 class 0x088000
Jan 08 07:48:55 Rocky-Compute-8 kernel: pci 0000:00:04.7: reg 0x10: [mem 0xc7310000-0xc7313fff 64bit]
Jan 08 07:48:55 Rocky-Compute-8 kernel: pci 0000:00:05.0: [8086:6f28] type 00 class 0x088000
Jan 08 07:48:55 Rocky-Compute-8 kernel: pci 0000:00:05.1: [8086:6f29] type 00 class 0x088000
Jan 08 07:48:55 Rocky-Compute-8 kernel: pci 0000:00:05.2: [8086:6f2a] type 00 class 0x088000
Jan 08 07:48:55 Rocky-Compute-8 kernel: pci 0000:00:05.4: [8086:6f2c] type 00 class 0x080020
Jan 08 07:48:55 Rocky-Compute-8 kernel: pci 0000:00:05.4: reg 0x10: [mem 0xc7339000-0xc7339fff]
Jan 08 07:48:55 Rocky-Compute-8 kernel: pci 0000:00:11.0: [8086:8d7c] type 00 class 0xff0000
Jan 08 07:48:55 Rocky-Compute-8 kernel: pci 0000:00:11.4: [8086:8d62] type 00 class 0x010601
Jan 08 07:48:55 Rocky-Compute-8 kernel: pci 0000:00:11.4: reg 0x10: [io  0x7110-0x7117]
Jan 08 07:48:55 Rocky-Compute-8 kernel: pci 0000:00:11.4: reg 0x14: [io  0x7100-0x7103]
Jan 08 07:48:55 Rocky-Compute-8 kernel: pci 0000:00:11.4: reg 0x18: [io  0x70f0-0x70f7]
Jan 08 07:48:55 Rocky-Compute-8 kernel: pci 0000:00:11.4: reg 0x1c: [io  0x70e0-0x70e3]
Jan 08 07:48:55 Rocky-Compute-8 kernel: pci 0000:00:11.4: reg 0x20: [io  0x7020-0x703f]
Jan 08 07:48:55 Rocky-Compute-8 kernel: pci 0000:00:11.4: reg 0x24: [mem 0xc7338000-0xc73387ff]
Jan 08 07:48:55 Rocky-Compute-8 kernel: pci 0000:00:11.4: PME# supported from D3hot
Jan 08 07:48:55 Rocky-Compute-8 kernel: pci 0000:00:14.0: [8086:8d31] type 00 class 0x0c0330
Jan 08 07:48:55 Rocky-Compute-8 kernel: pci 0000:00:14.0: reg 0x10: [mem 0xc7300000-0xc730ffff 64bit]
Jan 08 07:48:55 Rocky-Compute-8 kernel: pci 0000:00:14.0: PME# supported from D3hot D3cold
Jan 08 07:48:55 Rocky-Compute-8 kernel: pci 0000:00:16.0: [8086:8d3a] type 00 class 0x078000
Jan 08 07:48:55 Rocky-Compute-8 kernel: pci 0000:00:16.0: reg 0x10: [mem 0xc7337000-0xc733700f 64bit]
Jan 08 07:48:55 Rocky-Compute-8 kernel: pci 0000:00:16.0: PME# supported from D0 D3hot D3cold
Jan 08 07:48:55 Rocky-Compute-8 kernel: pci 0000:00:16.1: [8086:8d3b] type 00 class 0x078000
Jan 08 07:48:55 Rocky-Compute-8 kernel: pci 0000:00:16.1: reg 0x10: [mem 0xc7336000-0xc733600f 64bit]
Jan 08 07:48:55 Rocky-Compute-8 kernel: pci 0000:00:16.1: PME# supported from D0 D3hot D3cold
Jan 08 07:48:55 Rocky-Compute-8 kernel: pci 0000:00:1a.0: [8086:8d2d] type 00 class 0x0c0320
Jan 08 07:48:55 Rocky-Compute-8 kernel: pci 0000:00:1a.0: reg 0x10: [mem 0xc7334000-0xc73343ff]
Jan 08 07:48:55 Rocky-Compute-8 kernel: pci 0000:00:1a.0: PME# supported from D0 D3hot D3cold
Jan 08 07:48:55 Rocky-Compute-8 kernel: pci 0000:00:1c.0: [8086:8d10] type 01 class 0x060400
Jan 08 07:48:55 Rocky-Compute-8 kernel: pci 0000:00:1c.0: PME# supported from D0 D3hot D3cold
Jan 08 07:48:55 Rocky-Compute-8 kernel: pci 0000:00:1c.2: [8086:8d14] type 01 class 0x060400
Jan 08 07:48:55 Rocky-Compute-8 kernel: pci 0000:00:1c.2: PME# supported from D0 D3hot D3cold
Jan 08 07:48:55 Rocky-Compute-8 kernel: pci 0000:00:1d.0: [8086:8d26] type 00 class 0x0c0320
Jan 08 07:48:55 Rocky-Compute-8 kernel: pci 0000:00:1d.0: reg 0x10: [mem 0xc7333000-0xc73333ff]
Jan 08 07:48:55 Rocky-Compute-8 kernel: pci 0000:00:1d.0: PME# supported from D0 D3hot D3cold
Jan 08 07:48:55 Rocky-Compute-8 kernel: pci 0000:00:1f.0: [8086:8d44] type 00 class 0x060100
Jan 08 07:48:55 Rocky-Compute-8 kernel: pci 0000:00:1f.2: [8086:8d02] type 00 class 0x010601
Jan 08 07:48:55 Rocky-Compute-8 kernel: pci 0000:00:1f.2: reg 0x10: [io  0x7070-0x7077]
Jan 08 07:48:55 Rocky-Compute-8 kernel: pci 0000:00:1f.2: reg 0x14: [io  0x7060-0x7063]
Jan 08 07:48:55 Rocky-Compute-8 kernel: pci 0000:00:1f.2: reg 0x18: [io  0x7050-0x7057]
Jan 08 07:48:55 Rocky-Compute-8 kernel: pci 0000:00:1f.2: reg 0x1c: [io  0x7040-0x7043]
Jan 08 07:48:55 Rocky-Compute-8 kernel: pci 0000:00:1f.2: reg 0x20: [io  0x7000-0x701f]
Jan 08 07:48:55 Rocky-Compute-8 kernel: pci 0000:00:1f.2: reg 0x24: [mem 0xc7332000-0xc73327ff]
Jan 08 07:48:55 Rocky-Compute-8 kernel: pci 0000:00:1f.2: PME# supported from D3hot
Jan 08 07:48:55 Rocky-Compute-8 kernel: pci 0000:00:1f.3: [8086:8d22] type 00 class 0x0c0500
Jan 08 07:48:55 Rocky-Compute-8 kernel: pci 0000:00:1f.3: reg 0x10: [mem 0xc7331000-0xc73310ff 64bit]
Jan 08 07:48:55 Rocky-Compute-8 kernel: pci 0000:00:1f.3: reg 0x20: [io  0x0580-0x059f]
Jan 08 07:48:55 Rocky-Compute-8 kernel: pci 0000:01:00.0: [8086:1521] type 00 class 0x020000
Jan 08 07:48:55 Rocky-Compute-8 kernel: pci 0000:01:00.0: reg 0x10: [mem 0xc7220000-0xc723ffff]
Jan 08 07:48:55 Rocky-Compute-8 kernel: pci 0000:01:00.0: reg 0x18: [io  0x6020-0x603f]
Jan 08 07:48:55 Rocky-Compute-8 kernel: pci 0000:01:00.0: reg 0x1c: [mem 0xc7244000-0xc7247fff]
Jan 08 07:48:55 Rocky-Compute-8 kernel: pci 0000:01:00.0: PME# supported from D0 D3hot D3cold
Jan 08 07:48:55 Rocky-Compute-8 kernel: pci 0000:01:00.0: reg 0x184: [mem 0x00000000-0x00003fff 64bit pref]
Jan 08 07:48:55 Rocky-Compute-8 kernel: pci 0000:01:00.0: VF(n) BAR0 space: [mem 0x00000000-0x0001ffff 64bit pref] (contains BAR0 for 8 VFs)
Jan 08 07:48:55 Rocky-Compute-8 kernel: pci 0000:01:00.0: reg 0x190: [mem 0x00000000-0x00003fff 64bit pref]
Jan 08 07:48:55 Rocky-Compute-8 kernel: pci 0000:01:00.0: VF(n) BAR3 space: [mem 0x00000000-0x0001ffff 64bit pref] (contains BAR3 for 8 VFs)
Jan 08 07:48:55 Rocky-Compute-8 kernel: pci 0000:01:00.1: [8086:1521] type 00 class 0x020000
Jan 08 07:48:55 Rocky-Compute-8 kernel: pci 0000:01:00.1: reg 0x10: [mem 0xc7200000-0xc721ffff]
Jan 08 07:48:55 Rocky-Compute-8 kernel: pci 0000:01:00.1: reg 0x18: [io  0x6000-0x601f]
Jan 08 07:48:55 Rocky-Compute-8 kernel: pci 0000:01:00.1: reg 0x1c: [mem 0xc7240000-0xc7243fff]
Jan 08 07:48:55 Rocky-Compute-8 kernel: pci 0000:01:00.1: PME# supported from D0 D3hot D3cold
Jan 08 07:48:55 Rocky-Compute-8 kernel: pci 0000:01:00.1: reg 0x184: [mem 0x00000000-0x00003fff 64bit pref]
Jan 08 07:48:55 Rocky-Compute-8 kernel: pci 0000:01:00.1: VF(n) BAR0 space: [mem 0x00000000-0x0001ffff 64bit pref] (contains BAR0 for 8 VFs)
Jan 08 07:48:55 Rocky-Compute-8 kernel: pci 0000:01:00.1: reg 0x190: [mem 0x00000000-0x00003fff 64bit pref]
Jan 08 07:48:55 Rocky-Compute-8 kernel: pci 0000:01:00.1: VF(n) BAR3 space: [mem 0x00000000-0x0001ffff 64bit pref] (contains BAR3 for 8 VFs)
Jan 08 07:48:55 Rocky-Compute-8 kernel: pci 0000:00:01.0: PCI bridge to [bus 01]
Jan 08 07:48:55 Rocky-Compute-8 kernel: pci 0000:00:01.0:   bridge window [io  0x6000-0x6fff]
Jan 08 07:48:55 Rocky-Compute-8 kernel: pci 0000:00:01.0:   bridge window [mem 0xc7200000-0xc72fffff]
Jan 08 07:48:55 Rocky-Compute-8 kernel: pci 0000:02:00.0: [15b3:1017] type 00 class 0x020700
Jan 08 07:48:55 Rocky-Compute-8 kernel: pci 0000:02:00.0: reg 0x10: [mem 0xc4000000-0xc5ffffff 64bit pref]
Jan 08 07:48:55 Rocky-Compute-8 kernel: pci 0000:02:00.0: reg 0x30: [mem 0xc7100000-0xc71fffff pref]
Jan 08 07:48:55 Rocky-Compute-8 kernel: pci 0000:02:00.0: PME# supported from D3cold
Jan 08 07:48:55 Rocky-Compute-8 kernel: pci 0000:00:02.0: PCI bridge to [bus 02]
Jan 08 07:48:55 Rocky-Compute-8 kernel: pci 0000:00:02.0:   bridge window [mem 0xc7100000-0xc71fffff]
Jan 08 07:48:55 Rocky-Compute-8 kernel: pci 0000:00:02.0:   bridge window [mem 0xc4000000-0xc5ffffff 64bit pref]
Jan 08 07:48:55 Rocky-Compute-8 kernel: pci 0000:00:03.0: PCI bridge to [bus 03]
Jan 08 07:48:55 Rocky-Compute-8 kernel: pci 0000:00:03.2: PCI bridge to [bus 04]
Jan 08 07:48:55 Rocky-Compute-8 kernel: pci 0000:00:1c.0: PCI bridge to [bus 05]
Jan 08 07:48:55 Rocky-Compute-8 kernel: pci 0000:06:00.0: [1a03:1150] type 01 class 0x060400
Jan 08 07:48:55 Rocky-Compute-8 kernel: pci 0000:06:00.0: enabling Extended Tags
Jan 08 07:48:55 Rocky-Compute-8 kernel: pci 0000:06:00.0: supports D1 D2
Jan 08 07:48:55 Rocky-Compute-8 kernel: pci 0000:06:00.0: PME# supported from D0 D1 D2 D3hot D3cold
Jan 08 07:48:55 Rocky-Compute-8 kernel: pci 0000:00:1c.2: PCI bridge to [bus 06-07]
Jan 08 07:48:55 Rocky-Compute-8 kernel: pci 0000:00:1c.2:   bridge window [io  0x5000-0x5fff]
Jan 08 07:48:55 Rocky-Compute-8 kernel: pci 0000:00:1c.2:   bridge window [mem 0xc6000000-0xc70fffff]
Jan 08 07:48:55 Rocky-Compute-8 kernel: pci_bus 0000:07: extended config space not accessible
Jan 08 07:48:55 Rocky-Compute-8 kernel: pci 0000:07:00.0: [1a03:2000] type 00 class 0x030000
Jan 08 07:48:55 Rocky-Compute-8 kernel: pci 0000:07:00.0: reg 0x10: [mem 0xc6000000-0xc6ffffff]
Jan 08 07:48:55 Rocky-Compute-8 kernel: pci 0000:07:00.0: reg 0x14: [mem 0xc7000000-0xc701ffff]
Jan 08 07:48:55 Rocky-Compute-8 kernel: pci 0000:07:00.0: reg 0x18: [io  0x5000-0x507f]
Jan 08 07:48:55 Rocky-Compute-8 kernel: pci 0000:07:00.0: BAR 0: assigned to efifb
Jan 08 07:48:55 Rocky-Compute-8 kernel: pci 0000:07:00.0: supports D1 D2
Jan 08 07:48:55 Rocky-Compute-8 kernel: pci 0000:07:00.0: PME# supported from D0 D1 D2 D3hot D3cold
Jan 08 07:48:55 Rocky-Compute-8 kernel: pci 0000:06:00.0: PCI bridge to [bus 07]
Jan 08 07:48:55 Rocky-Compute-8 kernel: pci 0000:06:00.0:   bridge window [io  0x5000-0x5fff]
Jan 08 07:48:55 Rocky-Compute-8 kernel: pci 0000:06:00.0:   bridge window [mem 0xc6000000-0xc70fffff]
Jan 08 07:48:55 Rocky-Compute-8 kernel: pci_bus 0000:00: on NUMA node 0
Jan 08 07:48:55 Rocky-Compute-8 kernel: ACPI: PCI Root Bridge [PCI1] (domain 0000 [bus 80-fe])
Jan 08 07:48:55 Rocky-Compute-8 kernel: acpi PNP0A08:01: _OSC: OS supports [ExtendedConfig ASPM ClockPM Segments MSI EDR HPX-Type3]
Jan 08 07:48:55 Rocky-Compute-8 kernel: acpi PNP0A08:01: _OSC: platform does not support [SHPCHotplug AER LTR DPC]
Jan 08 07:48:55 Rocky-Compute-8 kernel: acpi PNP0A08:01: _OSC: OS now controls [PCIeHotplug PME PCIeCapability]
Jan 08 07:48:55 Rocky-Compute-8 kernel: acpi PNP0A08:01: FADT indicates ASPM is unsupported, using BIOS configuration
Jan 08 07:48:55 Rocky-Compute-8 kernel: PCI host bridge to bus 0000:80
Jan 08 07:48:55 Rocky-Compute-8 kernel: pci_bus 0000:80: root bus resource [io  0x8000-0xffff window]
Jan 08 07:48:55 Rocky-Compute-8 kernel: pci_bus 0000:80: root bus resource [mem 0xc8000000-0xfbffbfff window]
Jan 08 07:48:55 Rocky-Compute-8 kernel: pci_bus 0000:80: root bus resource [bus 80-fe]
Jan 08 07:48:55 Rocky-Compute-8 kernel: pci 0000:80:04.0: [8086:6f20] type 00 class 0x088000
Jan 08 07:48:55 Rocky-Compute-8 kernel: pci 0000:80:04.0: reg 0x10: [mem 0xfbf1c000-0xfbf1ffff 64bit]
Jan 08 07:48:55 Rocky-Compute-8 kernel: pci 0000:80:04.1: [8086:6f21] type 00 class 0x088000
Jan 08 07:48:55 Rocky-Compute-8 kernel: pci 0000:80:04.1: reg 0x10: [mem 0xfbf18000-0xfbf1bfff 64bit]
Jan 08 07:48:55 Rocky-Compute-8 kernel: pci 0000:80:04.2: [8086:6f22] type 00 class 0x088000
Jan 08 07:48:55 Rocky-Compute-8 kernel: pci 0000:80:04.2: reg 0x10: [mem 0xfbf14000-0xfbf17fff 64bit]
Jan 08 07:48:55 Rocky-Compute-8 kernel: pci 0000:80:04.3: [8086:6f23] type 00 class 0x088000
Jan 08 07:48:55 Rocky-Compute-8 kernel: pci 0000:80:04.3: reg 0x10: [mem 0xfbf10000-0xfbf13fff 64bit]
Jan 08 07:48:55 Rocky-Compute-8 kernel: pci 0000:80:04.4: [8086:6f24] type 00 class 0x088000
Jan 08 07:48:55 Rocky-Compute-8 kernel: pci 0000:80:04.4: reg 0x10: [mem 0xfbf0c000-0xfbf0ffff 64bit]
Jan 08 07:48:55 Rocky-Compute-8 kernel: pci 0000:80:04.5: [8086:6f25] type 00 class 0x088000
Jan 08 07:48:55 Rocky-Compute-8 kernel: pci 0000:80:04.5: reg 0x10: [mem 0xfbf08000-0xfbf0bfff 64bit]
Jan 08 07:48:55 Rocky-Compute-8 kernel: pci 0000:80:04.6: [8086:6f26] type 00 class 0x088000
Jan 08 07:48:55 Rocky-Compute-8 kernel: pci 0000:80:04.6: reg 0x10: [mem 0xfbf04000-0xfbf07fff 64bit]
Jan 08 07:48:55 Rocky-Compute-8 kernel: pci 0000:80:04.7: [8086:6f27] type 00 class 0x088000
Jan 08 07:48:55 Rocky-Compute-8 kernel: pci 0000:80:04.7: reg 0x10: [mem 0xfbf00000-0xfbf03fff 64bit]
Jan 08 07:48:55 Rocky-Compute-8 kernel: pci 0000:80:05.0: [8086:6f28] type 00 class 0x088000
Jan 08 07:48:55 Rocky-Compute-8 kernel: pci 0000:80:05.1: [8086:6f29] type 00 class 0x088000
Jan 08 07:48:55 Rocky-Compute-8 kernel: pci 0000:80:05.2: [8086:6f2a] type 00 class 0x088000
Jan 08 07:48:55 Rocky-Compute-8 kernel: pci 0000:80:05.4: [8086:6f2c] type 00 class 0x080020
Jan 08 07:48:55 Rocky-Compute-8 kernel: pci 0000:80:05.4: reg 0x10: [mem 0xfbf20000-0xfbf20fff]
Jan 08 07:48:55 Rocky-Compute-8 kernel: pci_bus 0000:80: on NUMA node 1
Jan 08 07:48:55 Rocky-Compute-8 kernel: ACPI: PCI: Interrupt link LNKA configured for IRQ 11
Jan 08 07:48:55 Rocky-Compute-8 kernel: ACPI: PCI: Interrupt link LNKB configured for IRQ 10
Jan 08 07:48:55 Rocky-Compute-8 kernel: ACPI: PCI: Interrupt link LNKC configured for IRQ 5
Jan 08 07:48:55 Rocky-Compute-8 kernel: ACPI: PCI: Interrupt link LNKD configured for IRQ 11
Jan 08 07:48:55 Rocky-Compute-8 kernel: ACPI: PCI: Interrupt link LNKE configured for IRQ 0
Jan 08 07:48:55 Rocky-Compute-8 kernel: ACPI: PCI: Interrupt link LNKE disabled
Jan 08 07:48:55 Rocky-Compute-8 kernel: ACPI: PCI: Interrupt link LNKF configured for IRQ 0
Jan 08 07:48:55 Rocky-Compute-8 kernel: ACPI: PCI: Interrupt link LNKF disabled
Jan 08 07:48:55 Rocky-Compute-8 kernel: ACPI: PCI: Interrupt link LNKG configured for IRQ 0
Jan 08 07:48:55 Rocky-Compute-8 kernel: ACPI: PCI: Interrupt link LNKG disabled
Jan 08 07:48:55 Rocky-Compute-8 kernel: ACPI: PCI: Interrupt link LNKH configured for IRQ 0
Jan 08 07:48:55 Rocky-Compute-8 kernel: ACPI: PCI: Interrupt link LNKH disabled
Jan 08 07:48:55 Rocky-Compute-8 kernel: iommu: Default domain type: Passthrough 
Jan 08 07:48:55 Rocky-Compute-8 kernel: SCSI subsystem initialized
Jan 08 07:48:55 Rocky-Compute-8 kernel: ACPI: bus type USB registered
Jan 08 07:48:55 Rocky-Compute-8 kernel: usbcore: registered new interface driver usbfs
Jan 08 07:48:55 Rocky-Compute-8 kernel: usbcore: registered new interface driver hub
Jan 08 07:48:55 Rocky-Compute-8 kernel: usbcore: registered new device driver usb
Jan 08 07:48:55 Rocky-Compute-8 kernel: pps_core: LinuxPPS API ver. 1 registered
Jan 08 07:48:55 Rocky-Compute-8 kernel: pps_core: Software ver. 5.3.6 - Copyright 2005-2007 Rodolfo Giometti <giometti@linux.it>
Jan 08 07:48:55 Rocky-Compute-8 kernel: PTP clock support registered
Jan 08 07:48:55 Rocky-Compute-8 kernel: EDAC MC: Ver: 3.0.0
Jan 08 07:48:55 Rocky-Compute-8 kernel: Registered efivars operations
Jan 08 07:48:55 Rocky-Compute-8 kernel: PCI: Using ACPI for IRQ routing
Jan 08 07:48:55 Rocky-Compute-8 kernel: PCI: pci_cache_line_size set to 64 bytes
Jan 08 07:48:55 Rocky-Compute-8 kernel: e820: reserve RAM buffer [mem 0x70f82018-0x73ffffff]
Jan 08 07:48:55 Rocky-Compute-8 kernel: e820: reserve RAM buffer [mem 0x70f8b018-0x73ffffff]
Jan 08 07:48:55 Rocky-Compute-8 kernel: e820: reserve RAM buffer [mem 0x70fb5018-0x73ffffff]
Jan 08 07:48:55 Rocky-Compute-8 kernel: e820: reserve RAM buffer [mem 0x70fc7018-0x73ffffff]
Jan 08 07:48:55 Rocky-Compute-8 kernel: e820: reserve RAM buffer [mem 0x76859000-0x77ffffff]
Jan 08 07:48:55 Rocky-Compute-8 kernel: e820: reserve RAM buffer [mem 0x78ee2000-0x7bffffff]
Jan 08 07:48:55 Rocky-Compute-8 kernel: e820: reserve RAM buffer [mem 0x797d7000-0x7bffffff]
Jan 08 07:48:55 Rocky-Compute-8 kernel: e820: reserve RAM buffer [mem 0x7bcf7000-0x7bffffff]
Jan 08 07:48:55 Rocky-Compute-8 kernel: NetLabel: Initializing
Jan 08 07:48:55 Rocky-Compute-8 kernel: NetLabel:  domain hash size = 128
Jan 08 07:48:55 Rocky-Compute-8 kernel: NetLabel:  protocols = UNLABELED CIPSOv4 CALIPSO
Jan 08 07:48:55 Rocky-Compute-8 kernel: NetLabel:  unlabeled traffic allowed by default
Jan 08 07:48:55 Rocky-Compute-8 kernel: pci 0000:07:00.0: vgaarb: setting as boot VGA device
Jan 08 07:48:55 Rocky-Compute-8 kernel: pci 0000:07:00.0: vgaarb: VGA device added: decodes=io+mem,owns=io+mem,locks=none
Jan 08 07:48:55 Rocky-Compute-8 kernel: pci 0000:07:00.0: vgaarb: bridge control possible
Jan 08 07:48:55 Rocky-Compute-8 kernel: vgaarb: loaded
Jan 08 07:48:55 Rocky-Compute-8 kernel: hpet0: at MMIO 0xfed00000, IRQs 2, 8, 0, 0, 0, 0, 0, 0
Jan 08 07:48:55 Rocky-Compute-8 kernel: hpet0: 8 comparators, 64-bit 14.318180 MHz counter
Jan 08 07:48:55 Rocky-Compute-8 kernel: clocksource: Switched to clocksource tsc-early
Jan 08 07:48:55 Rocky-Compute-8 kernel: VFS: Disk quotas dquot_6.6.0
Jan 08 07:48:55 Rocky-Compute-8 kernel: VFS: Dquot-cache hash table entries: 512 (order 0, 4096 bytes)
Jan 08 07:48:55 Rocky-Compute-8 kernel: pnp: PnP ACPI init
Jan 08 07:48:55 Rocky-Compute-8 kernel: pnp 00:00: Plug and Play ACPI device, IDs PNP0b00 (active)
Jan 08 07:48:55 Rocky-Compute-8 kernel: system 00:01: [io  0x0500-0x057f] has been reserved
Jan 08 07:48:55 Rocky-Compute-8 kernel: system 00:01: [io  0x0400-0x047f] has been reserved
Jan 08 07:48:55 Rocky-Compute-8 kernel: system 00:01: [io  0x0580-0x059f] has been reserved
Jan 08 07:48:55 Rocky-Compute-8 kernel: system 00:01: [io  0x0600-0x061f] has been reserved
Jan 08 07:48:55 Rocky-Compute-8 kernel: system 00:01: [io  0x0880-0x0883] has been reserved
Jan 08 07:48:55 Rocky-Compute-8 kernel: system 00:01: [io  0x0800-0x081f] has been reserved
Jan 08 07:48:55 Rocky-Compute-8 kernel: system 00:01: [mem 0xfed1c000-0xfed3ffff] has been reserved
Jan 08 07:48:55 Rocky-Compute-8 kernel: system 00:01: [mem 0xfed45000-0xfed8bfff] has been reserved
Jan 08 07:48:55 Rocky-Compute-8 kernel: system 00:01: [mem 0xff000000-0xffffffff] has been reserved
Jan 08 07:48:55 Rocky-Compute-8 kernel: system 00:01: [mem 0xfee00000-0xfeefffff] has been reserved
Jan 08 07:48:55 Rocky-Compute-8 kernel: system 00:01: [mem 0xfed12000-0xfed1200f] has been reserved
Jan 08 07:48:55 Rocky-Compute-8 kernel: system 00:01: [mem 0xfed12010-0xfed1201f] has been reserved
Jan 08 07:48:55 Rocky-Compute-8 kernel: system 00:01: [mem 0xfed1b000-0xfed1bfff] has been reserved
Jan 08 07:48:55 Rocky-Compute-8 kernel: system 00:01: Plug and Play ACPI device, IDs PNP0c02 (active)
Jan 08 07:48:55 Rocky-Compute-8 kernel: system 00:02: [io  0x0a00-0x0a0f] has been reserved
Jan 08 07:48:55 Rocky-Compute-8 kernel: system 00:02: [io  0x0a10-0x0a1f] has been reserved
Jan 08 07:48:55 Rocky-Compute-8 kernel: system 00:02: [io  0x0a20-0x0a2f] has been reserved
Jan 08 07:48:55 Rocky-Compute-8 kernel: system 00:02: [io  0x0a30-0x0a3f] has been reserved
Jan 08 07:48:55 Rocky-Compute-8 kernel: system 00:02: [io  0x0a40-0x0a4f] has been reserved
Jan 08 07:48:55 Rocky-Compute-8 kernel: system 00:02: Plug and Play ACPI device, IDs PNP0c02 (active)
Jan 08 07:48:55 Rocky-Compute-8 kernel: pnp 00:03: [dma 0 disabled]
Jan 08 07:48:55 Rocky-Compute-8 kernel: pnp 00:03: Plug and Play ACPI device, IDs PNP0501 (active)
Jan 08 07:48:55 Rocky-Compute-8 kernel: pnp 00:04: [dma 0 disabled]
Jan 08 07:48:55 Rocky-Compute-8 kernel: pnp 00:04: Plug and Play ACPI device, IDs PNP0501 (active)
Jan 08 07:48:55 Rocky-Compute-8 kernel: pnp: PnP ACPI: found 5 devices
Jan 08 07:48:55 Rocky-Compute-8 kernel: clocksource: acpi_pm: mask: 0xffffff max_cycles: 0xffffff, max_idle_ns: 2085701024 ns
Jan 08 07:48:55 Rocky-Compute-8 kernel: pci 0000:00:01.0: bridge window [mem 0x00100000-0x000fffff 64bit pref] to [bus 01] add_size 100000 add_align 100000
Jan 08 07:48:55 Rocky-Compute-8 kernel: pci 0000:00:1c.0: bridge window [io  0x1000-0x0fff] to [bus 05] add_size 1000
Jan 08 07:48:55 Rocky-Compute-8 kernel: pci 0000:00:1c.0: bridge window [mem 0x00100000-0x000fffff 64bit pref] to [bus 05] add_size 200000 add_align 100000
Jan 08 07:48:55 Rocky-Compute-8 kernel: pci 0000:00:1c.0: bridge window [mem 0x00100000-0x000fffff] to [bus 05] add_size 200000 add_align 100000
Jan 08 07:48:55 Rocky-Compute-8 kernel: pci 0000:00:01.0: BAR 15: assigned [mem 0x90000000-0x900fffff 64bit pref]
Jan 08 07:48:55 Rocky-Compute-8 kernel: pci 0000:00:1c.0: BAR 14: assigned [mem 0x90100000-0x902fffff]
Jan 08 07:48:55 Rocky-Compute-8 kernel: pci 0000:00:1c.0: BAR 15: assigned [mem 0x90300000-0x904fffff 64bit pref]
Jan 08 07:48:55 Rocky-Compute-8 kernel: pci 0000:00:1c.0: BAR 13: assigned [io  0x1000-0x1fff]
Jan 08 07:48:55 Rocky-Compute-8 kernel: pci 0000:01:00.0: BAR 7: assigned [mem 0x90000000-0x9001ffff 64bit pref]
Jan 08 07:48:55 Rocky-Compute-8 kernel: pci 0000:01:00.0: BAR 10: assigned [mem 0x90020000-0x9003ffff 64bit pref]
Jan 08 07:48:55 Rocky-Compute-8 kernel: pci 0000:01:00.1: BAR 7: assigned [mem 0x90040000-0x9005ffff 64bit pref]
Jan 08 07:48:55 Rocky-Compute-8 kernel: pci 0000:01:00.1: BAR 10: assigned [mem 0x90060000-0x9007ffff 64bit pref]
Jan 08 07:48:55 Rocky-Compute-8 kernel: pci 0000:00:01.0: PCI bridge to [bus 01]
Jan 08 07:48:55 Rocky-Compute-8 kernel: pci 0000:00:01.0:   bridge window [io  0x6000-0x6fff]
Jan 08 07:48:55 Rocky-Compute-8 kernel: pci 0000:00:01.0:   bridge window [mem 0xc7200000-0xc72fffff]
Jan 08 07:48:55 Rocky-Compute-8 kernel: pci 0000:00:01.0:   bridge window [mem 0x90000000-0x900fffff 64bit pref]
Jan 08 07:48:55 Rocky-Compute-8 kernel: pci 0000:00:02.0: PCI bridge to [bus 02]
Jan 08 07:48:55 Rocky-Compute-8 kernel: pci 0000:00:02.0:   bridge window [mem 0xc7100000-0xc71fffff]
Jan 08 07:48:55 Rocky-Compute-8 kernel: pci 0000:00:02.0:   bridge window [mem 0xc4000000-0xc5ffffff 64bit pref]
Jan 08 07:48:55 Rocky-Compute-8 kernel: pci 0000:00:03.0: PCI bridge to [bus 03]
Jan 08 07:48:55 Rocky-Compute-8 kernel: pci 0000:00:03.2: PCI bridge to [bus 04]
Jan 08 07:48:55 Rocky-Compute-8 kernel: pci 0000:00:1c.0: PCI bridge to [bus 05]
Jan 08 07:48:55 Rocky-Compute-8 kernel: pci 0000:00:1c.0:   bridge window [io  0x1000-0x1fff]
Jan 08 07:48:55 Rocky-Compute-8 kernel: pci 0000:00:1c.0:   bridge window [mem 0x90100000-0x902fffff]
Jan 08 07:48:55 Rocky-Compute-8 kernel: pci 0000:00:1c.0:   bridge window [mem 0x90300000-0x904fffff 64bit pref]
Jan 08 07:48:55 Rocky-Compute-8 kernel: pci 0000:06:00.0: PCI bridge to [bus 07]
Jan 08 07:48:55 Rocky-Compute-8 kernel: pci 0000:06:00.0:   bridge window [io  0x5000-0x5fff]
Jan 08 07:48:55 Rocky-Compute-8 kernel: pci 0000:06:00.0:   bridge window [mem 0xc6000000-0xc70fffff]
Jan 08 07:48:55 Rocky-Compute-8 kernel: pci 0000:00:1c.2: PCI bridge to [bus 06-07]
Jan 08 07:48:55 Rocky-Compute-8 kernel: pci 0000:00:1c.2:   bridge window [io  0x5000-0x5fff]
Jan 08 07:48:55 Rocky-Compute-8 kernel: pci 0000:00:1c.2:   bridge window [mem 0xc6000000-0xc70fffff]
Jan 08 07:48:55 Rocky-Compute-8 kernel: pci_bus 0000:00: resource 4 [io  0x0000-0x0cf7 window]
Jan 08 07:48:55 Rocky-Compute-8 kernel: pci_bus 0000:00: resource 5 [io  0x1000-0x7fff window]
Jan 08 07:48:55 Rocky-Compute-8 kernel: pci_bus 0000:00: resource 6 [mem 0x000a0000-0x000bffff window]
Jan 08 07:48:55 Rocky-Compute-8 kernel: pci_bus 0000:00: resource 7 [mem 0xfedb0000-0xfedb000f window]
Jan 08 07:48:55 Rocky-Compute-8 kernel: pci_bus 0000:00: resource 8 [mem 0xfedc0000-0xfedc000f window]
Jan 08 07:48:55 Rocky-Compute-8 kernel: pci_bus 0000:00: resource 9 [mem 0x90000000-0xc7ffbfff window]
Jan 08 07:48:55 Rocky-Compute-8 kernel: pci_bus 0000:01: resource 0 [io  0x6000-0x6fff]
Jan 08 07:48:55 Rocky-Compute-8 kernel: pci_bus 0000:01: resource 1 [mem 0xc7200000-0xc72fffff]
Jan 08 07:48:55 Rocky-Compute-8 kernel: pci_bus 0000:01: resource 2 [mem 0x90000000-0x900fffff 64bit pref]
Jan 08 07:48:55 Rocky-Compute-8 kernel: pci_bus 0000:02: resource 1 [mem 0xc7100000-0xc71fffff]
Jan 08 07:48:55 Rocky-Compute-8 kernel: pci_bus 0000:02: resource 2 [mem 0xc4000000-0xc5ffffff 64bit pref]
Jan 08 07:48:55 Rocky-Compute-8 kernel: pci_bus 0000:05: resource 0 [io  0x1000-0x1fff]
Jan 08 07:48:55 Rocky-Compute-8 kernel: pci_bus 0000:05: resource 1 [mem 0x90100000-0x902fffff]
Jan 08 07:48:55 Rocky-Compute-8 kernel: pci_bus 0000:05: resource 2 [mem 0x90300000-0x904fffff 64bit pref]
Jan 08 07:48:55 Rocky-Compute-8 kernel: pci_bus 0000:06: resource 0 [io  0x5000-0x5fff]
Jan 08 07:48:55 Rocky-Compute-8 kernel: pci_bus 0000:06: resource 1 [mem 0xc6000000-0xc70fffff]
Jan 08 07:48:55 Rocky-Compute-8 kernel: pci_bus 0000:07: resource 0 [io  0x5000-0x5fff]
Jan 08 07:48:55 Rocky-Compute-8 kernel: pci_bus 0000:07: resource 1 [mem 0xc6000000-0xc70fffff]
Jan 08 07:48:55 Rocky-Compute-8 kernel: pci_bus 0000:80: resource 4 [io  0x8000-0xffff window]
Jan 08 07:48:55 Rocky-Compute-8 kernel: pci_bus 0000:80: resource 5 [mem 0xc8000000-0xfbffbfff window]
Jan 08 07:48:55 Rocky-Compute-8 kernel: NET: Registered protocol family 2
Jan 08 07:48:55 Rocky-Compute-8 kernel: IP idents hash table entries: 262144 (order: 9, 2097152 bytes, vmalloc)
Jan 08 07:48:55 Rocky-Compute-8 kernel: tcp_listen_portaddr_hash hash table entries: 32768 (order: 7, 524288 bytes, vmalloc)
Jan 08 07:48:55 Rocky-Compute-8 kernel: TCP established hash table entries: 524288 (order: 10, 4194304 bytes, vmalloc)
Jan 08 07:48:55 Rocky-Compute-8 kernel: TCP bind hash table entries: 65536 (order: 8, 1048576 bytes, vmalloc)
Jan 08 07:48:55 Rocky-Compute-8 kernel: TCP: Hash tables configured (established 524288 bind 65536)
Jan 08 07:48:55 Rocky-Compute-8 kernel: MPTCP token hash table entries: 65536 (order: 8, 1572864 bytes, vmalloc)
Jan 08 07:48:55 Rocky-Compute-8 kernel: UDP hash table entries: 32768 (order: 8, 1048576 bytes, vmalloc)
Jan 08 07:48:55 Rocky-Compute-8 kernel: UDP-Lite hash table entries: 32768 (order: 8, 1048576 bytes, vmalloc)
Jan 08 07:48:55 Rocky-Compute-8 kernel: NET: Registered protocol family 1
Jan 08 07:48:55 Rocky-Compute-8 kernel: NET: Registered protocol family 44
Jan 08 07:48:55 Rocky-Compute-8 kernel: pci 0000:00:05.0: disabled boot interrupts on device [8086:6f28]
Jan 08 07:48:55 Rocky-Compute-8 kernel: pci 0000:00:1a.0: quirk_usb_early_handoff+0x0/0x627 took 16094 usecs
Jan 08 07:48:55 Rocky-Compute-8 kernel: pci 0000:00:1d.0: quirk_usb_early_handoff+0x0/0x627 took 16565 usecs
Jan 08 07:48:55 Rocky-Compute-8 kernel: pci 0000:01:00.0: CLS mismatch (64 != 32), using 64 bytes
Jan 08 07:48:55 Rocky-Compute-8 kernel: pci 0000:07:00.0: Video device with shadowed ROM at [mem 0x000c0000-0x000dffff]
Jan 08 07:48:55 Rocky-Compute-8 kernel: pci 0000:80:05.0: disabled boot interrupts on device [8086:6f28]
Jan 08 07:48:55 Rocky-Compute-8 kernel: Unpacking initramfs...
Jan 08 07:48:55 Rocky-Compute-8 kernel: Freeing initrd memory: 30524K
Jan 08 07:48:55 Rocky-Compute-8 kernel: PCI-DMA: Using software bounce buffering for IO (SWIOTLB)
Jan 08 07:48:55 Rocky-Compute-8 kernel: software IO TLB: mapped [mem 0x000000006cf82000-0x0000000070f82000] (64MB)
Jan 08 07:48:55 Rocky-Compute-8 kernel: ACPI: bus type thunderbolt registered
Jan 08 07:48:55 Rocky-Compute-8 kernel: Initialise system trusted keyrings
Jan 08 07:48:55 Rocky-Compute-8 kernel: Key type blacklist registered
Jan 08 07:48:55 Rocky-Compute-8 kernel: workingset: timestamp_bits=36 max_order=24 bucket_order=0
Jan 08 07:48:55 Rocky-Compute-8 kernel: zbud: loaded
Jan 08 07:48:55 Rocky-Compute-8 kernel: pstore: using deflate compression
Jan 08 07:48:55 Rocky-Compute-8 kernel: Platform Keyring initialized
Jan 08 07:48:55 Rocky-Compute-8 kernel: NET: Registered protocol family 38
Jan 08 07:48:55 Rocky-Compute-8 kernel: Key type asymmetric registered
Jan 08 07:48:55 Rocky-Compute-8 kernel: Asymmetric key parser 'x509' registered
Jan 08 07:48:55 Rocky-Compute-8 kernel: Running certificate verification selftests
Jan 08 07:48:55 Rocky-Compute-8 kernel: Loaded X.509 cert 'Certificate verification self-testing key: f58703bb33ce1b73ee02eccdee5b8817518fe3db'
Jan 08 07:48:55 Rocky-Compute-8 kernel: Block layer SCSI generic (bsg) driver version 0.4 loaded (major 247)
Jan 08 07:48:55 Rocky-Compute-8 kernel: io scheduler mq-deadline registered
Jan 08 07:48:55 Rocky-Compute-8 kernel: io scheduler kyber registered
Jan 08 07:48:55 Rocky-Compute-8 kernel: io scheduler bfq registered
Jan 08 07:48:55 Rocky-Compute-8 kernel: atomic64_test: passed for x86-64 platform with CX8 and with SSE
Jan 08 07:48:55 Rocky-Compute-8 kernel: pcieport 0000:00:01.0: PME: Signaling with IRQ 25
Jan 08 07:48:55 Rocky-Compute-8 kernel: pcieport 0000:00:02.0: PME: Signaling with IRQ 27
Jan 08 07:48:55 Rocky-Compute-8 kernel: pcieport 0000:00:03.0: PME: Signaling with IRQ 29
Jan 08 07:48:55 Rocky-Compute-8 kernel: pcieport 0000:00:03.2: PME: Signaling with IRQ 30
Jan 08 07:48:55 Rocky-Compute-8 kernel: pcieport 0000:00:1c.0: PME: Signaling with IRQ 31
Jan 08 07:48:55 Rocky-Compute-8 kernel: pcieport 0000:00:1c.0: pciehp: Slot #0 AttnBtn- PwrCtrl- MRL- AttnInd- PwrInd- HotPlug+ Surprise+ Interlock- NoCompl+ IbPresDis- LLActRep+
Jan 08 07:48:55 Rocky-Compute-8 kernel: pcieport 0000:00:1c.2: PME: Signaling with IRQ 32
Jan 08 07:48:55 Rocky-Compute-8 kernel: shpchp: Standard Hot Plug PCI Controller Driver version: 0.4
Jan 08 07:48:55 Rocky-Compute-8 kernel: efifb: probing for efifb
Jan 08 07:48:55 Rocky-Compute-8 kernel: efifb: framebuffer at 0xc6000000, using 3072k, total 3072k
Jan 08 07:48:55 Rocky-Compute-8 kernel: efifb: mode is 1024x768x32, linelength=4096, pages=1
Jan 08 07:48:55 Rocky-Compute-8 kernel: efifb: scrolling: redraw
Jan 08 07:48:55 Rocky-Compute-8 kernel: efifb: Truecolor: size=8:8:8:8, shift=24:16:8:0
Jan 08 07:48:55 Rocky-Compute-8 kernel: fbcon: Deferring console take-over
Jan 08 07:48:55 Rocky-Compute-8 kernel: fb0: EFI VGA frame buffer device
Jan 08 07:48:55 Rocky-Compute-8 kernel: input: Power Button as /devices/LNXSYSTM:00/LNXSYBUS:00/PNP0C0C:00/input/input0
Jan 08 07:48:55 Rocky-Compute-8 kernel: ACPI: Power Button [PWRB]
Jan 08 07:48:55 Rocky-Compute-8 kernel: input: Power Button as /devices/LNXSYSTM:00/LNXPWRBN:00/input/input1
Jan 08 07:48:55 Rocky-Compute-8 kernel: ACPI: Power Button [PWRF]
Jan 08 07:48:55 Rocky-Compute-8 kernel: ERST: Error Record Serialization Table (ERST) support is initialized.
Jan 08 07:48:55 Rocky-Compute-8 kernel: pstore: Registered erst as persistent store backend
Jan 08 07:48:55 Rocky-Compute-8 kernel: GHES: APEI firmware first mode is enabled by APEI bit and WHEA _OSC.
Jan 08 07:48:55 Rocky-Compute-8 kernel: Serial: 8250/16550 driver, 4 ports, IRQ sharing enabled
Jan 08 07:48:55 Rocky-Compute-8 kernel: 00:03: ttyS0 at I/O 0x3f8 (irq = 4, base_baud = 115200) is a 16550A
Jan 08 07:48:55 Rocky-Compute-8 kernel: 00:04: ttyS1 at I/O 0x2f8 (irq = 3, base_baud = 115200) is a 16550A
Jan 08 07:48:55 Rocky-Compute-8 kernel: Non-volatile memory driver v1.3
Jan 08 07:48:55 Rocky-Compute-8 kernel: rdac: device handler registered
Jan 08 07:48:55 Rocky-Compute-8 kernel: hp_sw: device handler registered
Jan 08 07:48:55 Rocky-Compute-8 kernel: emc: device handler registered
Jan 08 07:48:55 Rocky-Compute-8 kernel: alua: device handler registered
Jan 08 07:48:55 Rocky-Compute-8 kernel: libphy: Fixed MDIO Bus: probed
Jan 08 07:48:55 Rocky-Compute-8 kernel: ehci-pci 0000:00:1a.0: EHCI Host Controller
Jan 08 07:48:55 Rocky-Compute-8 kernel: ehci-pci 0000:00:1a.0: new USB bus registered, assigned bus number 1
Jan 08 07:48:55 Rocky-Compute-8 kernel: ehci-pci 0000:00:1a.0: debug port 2
Jan 08 07:48:55 Rocky-Compute-8 kernel: ehci-pci 0000:00:1a.0: irq 18, io mem 0xc7334000
Jan 08 07:48:55 Rocky-Compute-8 kernel: ehci-pci 0000:00:1a.0: USB 2.0 started, EHCI 1.00
Jan 08 07:48:55 Rocky-Compute-8 kernel: usb usb1: New USB device found, idVendor=1d6b, idProduct=0002, bcdDevice= 4.18
Jan 08 07:48:55 Rocky-Compute-8 kernel: usb usb1: New USB device strings: Mfr=3, Product=2, SerialNumber=1
Jan 08 07:48:55 Rocky-Compute-8 kernel: usb usb1: Product: EHCI Host Controller
Jan 08 07:48:55 Rocky-Compute-8 kernel: usb usb1: Manufacturer: Linux 4.18.0-513.9.1.el8_lustre.x86_64 ehci_hcd
Jan 08 07:48:55 Rocky-Compute-8 kernel: usb usb1: SerialNumber: 0000:00:1a.0
Jan 08 07:48:55 Rocky-Compute-8 kernel: hub 1-0:1.0: USB hub found
Jan 08 07:48:55 Rocky-Compute-8 kernel: hub 1-0:1.0: 2 ports detected
Jan 08 07:48:55 Rocky-Compute-8 kernel: ehci-pci 0000:00:1d.0: EHCI Host Controller
Jan 08 07:48:55 Rocky-Compute-8 kernel: ehci-pci 0000:00:1d.0: new USB bus registered, assigned bus number 2
Jan 08 07:48:55 Rocky-Compute-8 kernel: ehci-pci 0000:00:1d.0: debug port 2
Jan 08 07:48:55 Rocky-Compute-8 kernel: ehci-pci 0000:00:1d.0: irq 18, io mem 0xc7333000
Jan 08 07:48:55 Rocky-Compute-8 kernel: ehci-pci 0000:00:1d.0: USB 2.0 started, EHCI 1.00
Jan 08 07:48:55 Rocky-Compute-8 kernel: usb usb2: New USB device found, idVendor=1d6b, idProduct=0002, bcdDevice= 4.18
Jan 08 07:48:55 Rocky-Compute-8 kernel: usb usb2: New USB device strings: Mfr=3, Product=2, SerialNumber=1
Jan 08 07:48:55 Rocky-Compute-8 kernel: usb usb2: Product: EHCI Host Controller
Jan 08 07:48:55 Rocky-Compute-8 kernel: usb usb2: Manufacturer: Linux 4.18.0-513.9.1.el8_lustre.x86_64 ehci_hcd
Jan 08 07:48:55 Rocky-Compute-8 kernel: usb usb2: SerialNumber: 0000:00:1d.0
Jan 08 07:48:55 Rocky-Compute-8 kernel: hub 2-0:1.0: USB hub found
Jan 08 07:48:55 Rocky-Compute-8 kernel: hub 2-0:1.0: 2 ports detected
Jan 08 07:48:55 Rocky-Compute-8 kernel: xhci_hcd 0000:00:14.0: xHCI Host Controller
Jan 08 07:48:55 Rocky-Compute-8 kernel: xhci_hcd 0000:00:14.0: new USB bus registered, assigned bus number 3
Jan 08 07:48:55 Rocky-Compute-8 kernel: xhci_hcd 0000:00:14.0: hcc params 0x200077c1 hci version 0x100 quirks 0x0000000000009810
Jan 08 07:48:55 Rocky-Compute-8 kernel: xhci_hcd 0000:00:14.0: xHCI Host Controller
Jan 08 07:48:55 Rocky-Compute-8 kernel: xhci_hcd 0000:00:14.0: new USB bus registered, assigned bus number 4
Jan 08 07:48:55 Rocky-Compute-8 kernel: xhci_hcd 0000:00:14.0: Host supports USB 3.0 SuperSpeed
Jan 08 07:48:55 Rocky-Compute-8 kernel: usb usb3: New USB device found, idVendor=1d6b, idProduct=0002, bcdDevice= 4.18
Jan 08 07:48:55 Rocky-Compute-8 kernel: usb usb3: New USB device strings: Mfr=3, Product=2, SerialNumber=1
Jan 08 07:48:55 Rocky-Compute-8 kernel: usb usb3: Product: xHCI Host Controller
Jan 08 07:48:55 Rocky-Compute-8 kernel: usb usb3: Manufacturer: Linux 4.18.0-513.9.1.el8_lustre.x86_64 xhci-hcd
Jan 08 07:48:55 Rocky-Compute-8 kernel: usb usb3: SerialNumber: 0000:00:14.0
Jan 08 07:48:55 Rocky-Compute-8 kernel: hub 3-0:1.0: USB hub found
Jan 08 07:48:55 Rocky-Compute-8 kernel: hub 3-0:1.0: 15 ports detected
Jan 08 07:48:55 Rocky-Compute-8 kernel: usb usb4: New USB device found, idVendor=1d6b, idProduct=0003, bcdDevice= 4.18
Jan 08 07:48:55 Rocky-Compute-8 kernel: usb usb4: New USB device strings: Mfr=3, Product=2, SerialNumber=1
Jan 08 07:48:55 Rocky-Compute-8 kernel: usb usb4: Product: xHCI Host Controller
Jan 08 07:48:55 Rocky-Compute-8 kernel: usb usb4: Manufacturer: Linux 4.18.0-513.9.1.el8_lustre.x86_64 xhci-hcd
Jan 08 07:48:55 Rocky-Compute-8 kernel: usb usb4: SerialNumber: 0000:00:14.0
Jan 08 07:48:55 Rocky-Compute-8 kernel: hub 4-0:1.0: USB hub found
Jan 08 07:48:55 Rocky-Compute-8 kernel: hub 4-0:1.0: 6 ports detected
Jan 08 07:48:55 Rocky-Compute-8 kernel: usbcore: registered new interface driver usbserial_generic
Jan 08 07:48:55 Rocky-Compute-8 kernel: usbserial: USB Serial support registered for generic
Jan 08 07:48:55 Rocky-Compute-8 kernel: i8042: PNP: No PS/2 controller found.
Jan 08 07:48:55 Rocky-Compute-8 kernel: mousedev: PS/2 mouse device common for all mice
Jan 08 07:48:55 Rocky-Compute-8 kernel: rtc_cmos 00:00: RTC can wake from S4
Jan 08 07:48:55 Rocky-Compute-8 kernel: rtc_cmos 00:00: registered as rtc0
Jan 08 07:48:55 Rocky-Compute-8 kernel: rtc_cmos 00:00: alarms up to one month, y3k, 114 bytes nvram, hpet irqs
Jan 08 07:48:55 Rocky-Compute-8 kernel: intel_pstate: Intel P-state driver initializing
Jan 08 07:48:55 Rocky-Compute-8 kernel: EFI Variables Facility v0.08 2004-May-17
Jan 08 07:48:55 Rocky-Compute-8 kernel: hid: raw HID events driver (C) Jiri Kosina
Jan 08 07:48:55 Rocky-Compute-8 kernel: usbcore: registered new interface driver usbhid
Jan 08 07:48:55 Rocky-Compute-8 kernel: usbhid: USB HID core driver
Jan 08 07:48:55 Rocky-Compute-8 kernel: drop_monitor: Initializing network drop monitor service
Jan 08 07:48:55 Rocky-Compute-8 kernel: Initializing XFRM netlink socket
Jan 08 07:48:55 Rocky-Compute-8 kernel: NET: Registered protocol family 10
Jan 08 07:48:55 Rocky-Compute-8 kernel: Segment Routing with IPv6
Jan 08 07:48:55 Rocky-Compute-8 kernel: NET: Registered protocol family 17
Jan 08 07:48:55 Rocky-Compute-8 kernel: mpls_gso: MPLS GSO support
Jan 08 07:48:55 Rocky-Compute-8 kernel: microcode: Microcode Update Driver: v2.2.
Jan 08 07:48:55 Rocky-Compute-8 kernel: resctrl: L3 allocation detected
Jan 08 07:48:55 Rocky-Compute-8 kernel: resctrl: L3 monitoring detected
Jan 08 07:48:55 Rocky-Compute-8 kernel: AVX2 version of gcm_enc/dec engaged.
Jan 08 07:48:55 Rocky-Compute-8 kernel: AES CTR mode by8 optimization enabled
Jan 08 07:48:55 Rocky-Compute-8 kernel: sched_clock: Marking stable (1286339604, 0)->(1944130125, -657790521)
Jan 08 07:48:55 Rocky-Compute-8 kernel: registered taskstats version 1
Jan 08 07:48:55 Rocky-Compute-8 kernel: Loading compiled-in X.509 certificates
Jan 08 07:48:55 Rocky-Compute-8 kernel: Loaded X.509 cert 'Red Hat Enterprise Linux kernel signing key: 96eea3fd5abb178abbe79643fdb3a88039a44bda'
Jan 08 07:48:55 Rocky-Compute-8 kernel: Loaded X.509 cert 'Red Hat Enterprise Linux Driver Update Program (key 3): bf57f3e87362bc7229d9f465321773dfd1f77a80'
Jan 08 07:48:55 Rocky-Compute-8 kernel: Loaded X.509 cert 'Red Hat Enterprise Linux kpatch signing key: 4d38fd864ebe18c5f0b72e3852e2014c3a676fc8'
Jan 08 07:48:55 Rocky-Compute-8 kernel: zswap: loaded using pool lzo/zbud
Jan 08 07:48:55 Rocky-Compute-8 kernel: page_owner is disabled
Jan 08 07:48:55 Rocky-Compute-8 kernel: Key type big_key registered
Jan 08 07:48:55 Rocky-Compute-8 kernel: Key type encrypted registered
Jan 08 07:48:55 Rocky-Compute-8 kernel: integrity: Loading X.509 certificate: UEFI:MokListRT (MOKvar table)
Jan 08 07:48:55 Rocky-Compute-8 kernel: integrity: Loaded X.509 cert 'Rocky Enterprise Software Foundation: Rocky Linux Secure Boot Root CA: 4c2c6bd7d64ee81581cab8e986661f65e2166fc4'
Jan 08 07:48:55 Rocky-Compute-8 kernel: ima: No TPM chip found, activating TPM-bypass!
Jan 08 07:48:55 Rocky-Compute-8 kernel: ima: Allocated hash algorithm: sha256
Jan 08 07:48:55 Rocky-Compute-8 kernel: ima: No architecture policies found
Jan 08 07:48:55 Rocky-Compute-8 kernel: evm: Initialising EVM extended attributes:
Jan 08 07:48:55 Rocky-Compute-8 kernel: evm: security.selinux
Jan 08 07:48:55 Rocky-Compute-8 kernel: evm: security.ima
Jan 08 07:48:55 Rocky-Compute-8 kernel: evm: security.capability
Jan 08 07:48:55 Rocky-Compute-8 kernel: evm: HMAC attrs: 0x1
Jan 08 07:48:55 Rocky-Compute-8 kernel: rtc_cmos 00:00: setting system clock to 2026-01-08 12:48:55 UTC (1767876535)
Jan 08 07:48:55 Rocky-Compute-8 kernel: Freeing unused decrypted memory: 2036K
Jan 08 07:48:55 Rocky-Compute-8 kernel: Freeing unused kernel image (initmem) memory: 2608K
Jan 08 07:48:55 Rocky-Compute-8 kernel: Write protecting the kernel read-only data: 26624k
Jan 08 07:48:55 Rocky-Compute-8 kernel: Freeing unused kernel image (text/rodata gap) memory: 2012K
Jan 08 07:48:55 Rocky-Compute-8 kernel: Freeing unused kernel image (rodata/data gap) memory: 1720K
Jan 08 07:48:55 Rocky-Compute-8 systemd[1]: systemd 239 (239-82.el8_10.8) running in system mode. (+PAM +AUDIT +SELINUX +IMA -APPARMOR +SMACK +SYSVINIT +UTMP +LIBCRYPTSETUP +GCRYPT +GNUTLS +ACL +XZ +LZ4 +SECCOMP +BLKID +ELFUTILS +KMOD +IDN2 -IDN +PCRE2 default-hierarchy=legacy)
Jan 08 07:48:55 Rocky-Compute-8 systemd[1]: Detected architecture x86-64.
Jan 08 07:48:55 Rocky-Compute-8 systemd[1]: Running in initial RAM disk.
Jan 08 07:48:55 Rocky-Compute-8 systemd[1]: Set hostname to <Rocky-Compute-8>.
Jan 08 07:48:55 Rocky-Compute-8 systemd[1]: Reached target Slices.
Jan 08 07:48:55 Rocky-Compute-8 systemd[1]: Listening on Journal Socket (/dev/log).
Jan 08 07:48:55 Rocky-Compute-8 systemd[1]: Reached target Timers.
Jan 08 07:48:55 Rocky-Compute-8 systemd[1]: Reached target Swap.
Jan 08 07:48:55 Rocky-Compute-8 systemd[1]: Listening on udev Control Socket.
Jan 08 07:48:55 Rocky-Compute-8 systemd[1]: Created slice system-systemd\x2dhibernate\x2dresume.slice.
Jan 08 07:48:55 Rocky-Compute-8 kernel: fuse: init (API version 7.34)
Jan 08 07:48:55 Rocky-Compute-8 kernel: fbcon: Taking over console
Jan 08 07:48:55 Rocky-Compute-8 kernel: Console: switching to colour frame buffer device 128x48
Jan 08 07:48:55 Rocky-Compute-8 kernel: usb 1-1: new high-speed USB device number 2 using ehci-pci
Jan 08 07:48:55 Rocky-Compute-8 kernel: usb 2-1: new high-speed USB device number 2 using ehci-pci
Jan 08 07:48:55 Rocky-Compute-8 kernel: usb 3-14: new high-speed USB device number 2 using xhci_hcd
Jan 08 07:48:55 Rocky-Compute-8 systemd-journald[588]: Journal started
-- Subject: The journal has been started
-- Defined-By: systemd
-- Support: https://lists.freedesktop.org/mailman/listinfo/systemd-devel
-- 
-- The system journal process has started up, opened the journal
-- files for writing and is now ready to process requests.
Jan 08 07:48:55 Rocky-Compute-8 systemd-journald[588]: Runtime journal (/run/log/journal/419a75a53eb2465a960adee5086a91dd) is 8.0M, max 3.1G, 3.1G free.
-- Subject: Disk space used by the journal
-- Defined-By: systemd
-- Support: https://lists.freedesktop.org/mailman/listinfo/systemd-devel
-- 
-- Runtime journal (/run/log/journal/419a75a53eb2465a960adee5086a91dd) is currently using 8.0M.
-- Maximum allowed usage is set to 3.1G.
-- Leaving at least 4.0G free (of currently available 31.1G of disk space).
-- Enforced usage limit is thus 3.1G, of which 3.1G are still available.
-- 
-- The limits controlling how much disk space is used by the journal may
-- be configured with SystemMaxUse=, SystemKeepFree=, SystemMaxFileSize=,
-- RuntimeMaxUse=, RuntimeKeepFree=, RuntimeMaxFileSize= settings in
-- /etc/systemd/journald.conf. See journald.conf(5) for details.
Jan 08 07:48:55 Rocky-Compute-8 systemd-modules-load[598]: Inserted module 'fuse'
Jan 08 07:48:55 Rocky-Compute-8 systemd-modules-load[598]: Module 'msr' is builtin
Jan 08 07:48:55 Rocky-Compute-8 systemd-modules-load[598]: Failed to find module 'ib_ipoib'
Jan 08 07:48:55 Rocky-Compute-8 dracut-cmdline[633]: dracut-8.10 (Green Obsidian) dracut-049-239.git20251127.el8_10
Jan 08 07:48:55 Rocky-Compute-8 dracut-cmdline[633]: Using kernel command line parameters: BOOT_IMAGE=(hd0,gpt2)/vmlinuz-4.18.0-513.9.1.el8_lustre.x86_64 root=/dev/mapper/rl_rocky--compute--8-root ro crashkernel=auto resume=/dev/mapper/rl_rocky--compute--8-swap rd.lvm.lv=rl_rocky-compute-8/root rd.lvm.lv=rl_rocky-compute-8/swap rhgb quiet
Jan 08 07:48:55 Rocky-Compute-8 systemd[1]: Started dracut cmdline hook.
-- Subject: Unit dracut-cmdline.service has finished start-up
-- Defined-By: systemd
-- Support: https://lists.freedesktop.org/mailman/listinfo/systemd-devel
-- 
-- Unit dracut-cmdline.service has finished starting up.
-- 
-- The start-up result is done.
Jan 08 07:48:55 Rocky-Compute-8 systemd[1]: Starting dracut pre-udev hook...
-- Subject: Unit dracut-pre-udev.service has begun start-up
-- Defined-By: systemd
-- Support: https://lists.freedesktop.org/mailman/listinfo/systemd-devel
-- 
-- Unit dracut-pre-udev.service has begun starting up.
Jan 08 07:48:55 Rocky-Compute-8 kernel: usb 1-1: New USB device found, idVendor=8087, idProduct=800a, bcdDevice= 0.05
Jan 08 07:48:55 Rocky-Compute-8 kernel: usb 1-1: New USB device strings: Mfr=0, Product=0, SerialNumber=0
Jan 08 07:48:55 Rocky-Compute-8 kernel: hub 1-1:1.0: USB hub found
Jan 08 07:48:55 Rocky-Compute-8 kernel: hub 1-1:1.0: 6 ports detected
Jan 08 07:48:55 Rocky-Compute-8 kernel: device-mapper: uevent: version 1.0.3
Jan 08 07:48:55 Rocky-Compute-8 kernel: device-mapper: ioctl: 4.46.0-ioctl (2022-02-22) initialised: dm-devel@redhat.com
Jan 08 07:48:55 Rocky-Compute-8 kernel: usb 3-14: New USB device found, idVendor=0000, idProduct=0001, bcdDevice= 0.00
Jan 08 07:48:55 Rocky-Compute-8 kernel: usb 3-14: New USB device strings: Mfr=0, Product=0, SerialNumber=0
Jan 08 07:48:55 Rocky-Compute-8 kernel: hub 3-14:1.0: USB hub found
Jan 08 07:48:55 Rocky-Compute-8 kernel: hub 3-14:1.0: 4 ports detected
Jan 08 07:48:55 Rocky-Compute-8 kernel: usb 2-1: New USB device found, idVendor=8087, idProduct=8002, bcdDevice= 0.05
Jan 08 07:48:55 Rocky-Compute-8 kernel: usb 2-1: New USB device strings: Mfr=0, Product=0, SerialNumber=0
Jan 08 07:48:55 Rocky-Compute-8 kernel: hub 2-1:1.0: USB hub found
Jan 08 07:48:55 Rocky-Compute-8 kernel: hub 2-1:1.0: 8 ports detected
Jan 08 07:48:55 Rocky-Compute-8 systemd[1]: Started dracut pre-udev hook.
-- Subject: Unit dracut-pre-udev.service has finished start-up
-- Defined-By: systemd
-- Support: https://lists.freedesktop.org/mailman/listinfo/systemd-devel
-- 
-- Unit dracut-pre-udev.service has finished starting up.
-- 
-- The start-up result is done.
Jan 08 07:48:55 Rocky-Compute-8 systemd[1]: Starting udev Kernel Device Manager...
-- Subject: Unit systemd-udevd.service has begun start-up
-- Defined-By: systemd
-- Support: https://lists.freedesktop.org/mailman/listinfo/systemd-devel
-- 
-- Unit systemd-udevd.service has begun starting up.
Jan 08 07:48:55 Rocky-Compute-8 systemd[1]: Started udev Kernel Device Manager.
-- Subject: Unit systemd-udevd.service has finished start-up
-- Defined-By: systemd
-- Support: https://lists.freedesktop.org/mailman/listinfo/systemd-devel
-- 
-- Unit systemd-udevd.service has finished starting up.
-- 
-- The start-up result is done.
Jan 08 07:48:55 Rocky-Compute-8 systemd[1]: Starting dracut pre-trigger hook...
-- Subject: Unit dracut-pre-trigger.service has begun start-up
-- Defined-By: systemd
-- Support: https://lists.freedesktop.org/mailman/listinfo/systemd-devel
-- 
-- Unit dracut-pre-trigger.service has begun starting up.
Jan 08 07:48:55 Rocky-Compute-8 systemd[1]: Started dracut pre-trigger hook.
-- Subject: Unit dracut-pre-trigger.service has finished start-up
-- Defined-By: systemd
-- Support: https://lists.freedesktop.org/mailman/listinfo/systemd-devel
-- 
-- Unit dracut-pre-trigger.service has finished starting up.
-- 
-- The start-up result is done.
Jan 08 07:48:55 Rocky-Compute-8 systemd[1]: Starting udev Coldplug all Devices...
-- Subject: Unit systemd-udev-trigger.service has begun start-up
-- Defined-By: systemd
-- Support: https://lists.freedesktop.org/mailman/listinfo/systemd-devel
-- 
-- Unit systemd-udev-trigger.service has begun starting up.
Jan 08 07:48:55 Rocky-Compute-8 systemd[1]: Mounting Kernel Configuration File System...
-- Subject: Unit sys-kernel-config.mount has begun start-up
-- Defined-By: systemd
-- Support: https://lists.freedesktop.org/mailman/listinfo/systemd-devel
-- 
-- Unit sys-kernel-config.mount has begun starting up.
Jan 08 07:48:55 Rocky-Compute-8 systemd[1]: Mounted Kernel Configuration File System.
-- Subject: Unit sys-kernel-config.mount has finished start-up
-- Defined-By: systemd
-- Support: https://lists.freedesktop.org/mailman/listinfo/systemd-devel
-- 
-- Unit sys-kernel-config.mount has finished starting up.
-- 
-- The start-up result is done.
Jan 08 07:48:56 Rocky-Compute-8 systemd[1]: Started udev Coldplug all Devices.
-- Subject: Unit systemd-udev-trigger.service has finished start-up
-- Defined-By: systemd
-- Support: https://lists.freedesktop.org/mailman/listinfo/systemd-devel
-- 
-- Unit systemd-udev-trigger.service has finished starting up.
-- 
-- The start-up result is done.
Jan 08 07:48:56 Rocky-Compute-8 systemd[1]: Starting dracut initqueue hook...
-- Subject: Unit dracut-initqueue.service has begun start-up
-- Defined-By: systemd
-- Support: https://lists.freedesktop.org/mailman/listinfo/systemd-devel
-- 
-- Unit dracut-initqueue.service has begun starting up.
Jan 08 07:48:56 Rocky-Compute-8 systemd[1]: Starting Show Plymouth Boot Screen...
-- Subject: Unit plymouth-start.service has begun start-up
-- Defined-By: systemd
-- Support: https://lists.freedesktop.org/mailman/listinfo/systemd-devel
-- 
-- Unit plymouth-start.service has begun starting up.
Jan 08 07:48:56 Rocky-Compute-8 systemd[1]: Received SIGRTMIN+20 from PID 806 (plymouthd).
Jan 08 07:48:56 Rocky-Compute-8 systemd[1]: Started Show Plymouth Boot Screen.
-- Subject: Unit plymouth-start.service has finished start-up
-- Defined-By: systemd
-- Support: https://lists.freedesktop.org/mailman/listinfo/systemd-devel
-- 
-- Unit plymouth-start.service has finished starting up.
-- 
-- The start-up result is done.
Jan 08 07:48:56 Rocky-Compute-8 systemd[1]: Reached target Paths.
-- Subject: Unit paths.target has finished start-up
-- Defined-By: systemd
-- Support: https://lists.freedesktop.org/mailman/listinfo/systemd-devel
-- 
-- Unit paths.target has finished starting up.
-- 
-- The start-up result is done.
Jan 08 07:48:56 Rocky-Compute-8 systemd[1]: Started Forward Password Requests to Plymouth Directory Watch.
-- Subject: Unit systemd-ask-password-plymouth.path has finished start-up
-- Defined-By: systemd
-- Support: https://lists.freedesktop.org/mailman/listinfo/systemd-devel
-- 
-- Unit systemd-ask-password-plymouth.path has finished starting up.
-- 
-- The start-up result is done.
Jan 08 07:48:56 Rocky-Compute-8 kernel: dca service started, version 1.12.1
Jan 08 07:48:56 Rocky-Compute-8 kernel: libata version 3.00 loaded.
Jan 08 07:48:56 Rocky-Compute-8 kernel: ahci 0000:00:11.4: version 3.0
Jan 08 07:48:56 Rocky-Compute-8 kernel: ahci 0000:00:11.4: AHCI 0001.0300 32 slots 4 ports 6 Gbps 0xf impl SATA mode
Jan 08 07:48:56 Rocky-Compute-8 kernel: ahci 0000:00:11.4: flags: 64bit ncq led clo pio slum part ems apst 
Jan 08 07:48:56 Rocky-Compute-8 kernel: usb 3-14.1: new low-speed USB device number 3 using xhci_hcd
Jan 08 07:48:56 Rocky-Compute-8 kernel: igb: Intel(R) Gigabit Ethernet Network Driver
Jan 08 07:48:56 Rocky-Compute-8 kernel: igb: Copyright (c) 2007-2014 Intel Corporation.
Jan 08 07:48:56 Rocky-Compute-8 kernel: scsi host0: ahci
Jan 08 07:48:56 Rocky-Compute-8 kernel: scsi host1: ahci
Jan 08 07:48:56 Rocky-Compute-8 kernel: scsi host2: ahci
Jan 08 07:48:56 Rocky-Compute-8 kernel: scsi host3: ahci
Jan 08 07:48:56 Rocky-Compute-8 kernel: ata1: SATA max UDMA/133 abar m2048@0xc7338000 port 0xc7338100 irq 34
Jan 08 07:48:56 Rocky-Compute-8 kernel: ata2: SATA max UDMA/133 abar m2048@0xc7338000 port 0xc7338180 irq 34
Jan 08 07:48:56 Rocky-Compute-8 kernel: ata3: SATA max UDMA/133 abar m2048@0xc7338000 port 0xc7338200 irq 34
Jan 08 07:48:56 Rocky-Compute-8 kernel: ata4: SATA max UDMA/133 abar m2048@0xc7338000 port 0xc7338280 irq 34
Jan 08 07:48:56 Rocky-Compute-8 kernel: ahci 0000:00:1f.2: AHCI 0001.0300 32 slots 6 ports 6 Gbps 0x3f impl SATA mode
Jan 08 07:48:56 Rocky-Compute-8 kernel: ahci 0000:00:1f.2: flags: 64bit ncq led clo pio slum part ems apst 
Jan 08 07:48:56 Rocky-Compute-8 systemd-udevd[822]: link_config: autonegotiation is unset or enabled, the speed and duplex are not writable.
Jan 08 07:48:56 Rocky-Compute-8 kernel: scsi host4: ahci
Jan 08 07:48:56 Rocky-Compute-8 kernel: scsi host5: ahci
Jan 08 07:48:56 Rocky-Compute-8 kernel: scsi host6: ahci
Jan 08 07:48:56 Rocky-Compute-8 kernel: scsi host7: ahci
Jan 08 07:48:56 Rocky-Compute-8 kernel: scsi host8: ahci
Jan 08 07:48:56 Rocky-Compute-8 kernel: scsi host9: ahci
Jan 08 07:48:56 Rocky-Compute-8 kernel: ata5: SATA max UDMA/133 abar m2048@0xc7332000 port 0xc7332100 irq 44
Jan 08 07:48:56 Rocky-Compute-8 kernel: ata6: SATA max UDMA/133 abar m2048@0xc7332000 port 0xc7332180 irq 44
Jan 08 07:48:56 Rocky-Compute-8 kernel: ata7: SATA max UDMA/133 abar m2048@0xc7332000 port 0xc7332200 irq 44
Jan 08 07:48:56 Rocky-Compute-8 kernel: ata8: SATA max UDMA/133 abar m2048@0xc7332000 port 0xc7332280 irq 44
Jan 08 07:48:56 Rocky-Compute-8 kernel: ata9: SATA max UDMA/133 abar m2048@0xc7332000 port 0xc7332300 irq 44
Jan 08 07:48:56 Rocky-Compute-8 kernel: ata10: SATA max UDMA/133 abar m2048@0xc7332000 port 0xc7332380 irq 44
Jan 08 07:48:56 Rocky-Compute-8 kernel: igb 0000:01:00.0: added PHC on eth0
Jan 08 07:48:56 Rocky-Compute-8 kernel: igb 0000:01:00.0: Intel(R) Gigabit Ethernet Network Connection
Jan 08 07:48:56 Rocky-Compute-8 kernel: igb 0000:01:00.0: eth0: (PCIe:5.0Gb/s:Width x4) ac:1f:6b:23:bd:62
Jan 08 07:48:56 Rocky-Compute-8 kernel: igb 0000:01:00.0: eth0: PBA No: 060000-000
Jan 08 07:48:56 Rocky-Compute-8 kernel: igb 0000:01:00.0: Using MSI-X interrupts. 8 rx queue(s), 8 tx queue(s)
Jan 08 07:48:56 Rocky-Compute-8 kernel: mlx5_core 0000:02:00.0: firmware version: 16.35.4030
Jan 08 07:48:56 Rocky-Compute-8 kernel: mlx5_core 0000:02:00.0: 126.016 Gb/s available PCIe bandwidth (8.0 GT/s PCIe x16 link)
Jan 08 07:48:56 Rocky-Compute-8 kernel: usb 3-14.1: New USB device found, idVendor=0557, idProduct=2419, bcdDevice= 1.00
Jan 08 07:48:56 Rocky-Compute-8 kernel: usb 3-14.1: New USB device strings: Mfr=0, Product=0, SerialNumber=0
Jan 08 07:48:56 Rocky-Compute-8 kernel: input: HID 0557:2419 as /devices/pci0000:00/0000:00:14.0/usb3/3-14/3-14.1/3-14.1:1.0/0003:0557:2419.0001/input/input2
Jan 08 07:48:56 Rocky-Compute-8 kernel: igb 0000:01:00.1: added PHC on eth1
Jan 08 07:48:56 Rocky-Compute-8 kernel: igb 0000:01:00.1: Intel(R) Gigabit Ethernet Network Connection
Jan 08 07:48:56 Rocky-Compute-8 kernel: igb 0000:01:00.1: eth1: (PCIe:5.0Gb/s:Width x4) ac:1f:6b:23:bd:63
Jan 08 07:48:56 Rocky-Compute-8 kernel: igb 0000:01:00.1: eth1: PBA No: 060000-000
Jan 08 07:48:56 Rocky-Compute-8 kernel: igb 0000:01:00.1: Using MSI-X interrupts. 8 rx queue(s), 8 tx queue(s)
Jan 08 07:48:56 Rocky-Compute-8 systemd-udevd[788]: Using default interface naming scheme 'rhel-8.0'.
Jan 08 07:48:56 Rocky-Compute-8 systemd-udevd[839]: Using default interface naming scheme 'rhel-8.0'.
Jan 08 07:48:56 Rocky-Compute-8 systemd-udevd[788]: link_config: autonegotiation is unset or enabled, the speed and duplex are not writable.
Jan 08 07:48:56 Rocky-Compute-8 systemd-udevd[839]: link_config: autonegotiation is unset or enabled, the speed and duplex are not writable.
Jan 08 07:48:56 Rocky-Compute-8 kernel: igb 0000:01:00.1 eno2: renamed from eth1
Jan 08 07:48:56 Rocky-Compute-8 kernel: igb 0000:01:00.0 eno1: renamed from eth0
Jan 08 07:48:56 Rocky-Compute-8 systemd-udevd[822]: Using default interface naming scheme 'rhel-8.0'.
Jan 08 07:48:56 Rocky-Compute-8 kernel: tsc: Refined TSC clocksource calibration: 2199.998 MHz
Jan 08 07:48:56 Rocky-Compute-8 kernel: clocksource: tsc: mask: 0xffffffffffffffff max_cycles: 0x1fb63109b96, max_idle_ns: 440795265316 ns
Jan 08 07:48:56 Rocky-Compute-8 kernel: clocksource: Switched to clocksource tsc
Jan 08 07:48:56 Rocky-Compute-8 kernel: hid-generic 0003:0557:2419.0001: input,hidraw0: USB HID v1.00 Keyboard [HID 0557:2419] on usb-0000:00:14.0-14.1/input0
Jan 08 07:48:56 Rocky-Compute-8 kernel: input: HID 0557:2419 as /devices/pci0000:00/0000:00:14.0/usb3/3-14/3-14.1/3-14.1:1.1/0003:0557:2419.0002/input/input3
Jan 08 07:48:56 Rocky-Compute-8 kernel: hid-generic 0003:0557:2419.0002: input,hidraw1: USB HID v1.00 Mouse [HID 0557:2419] on usb-0000:00:14.0-14.1/input1
Jan 08 07:48:56 Rocky-Compute-8 systemd-udevd[836]: Using default interface naming scheme 'rhel-8.0'.
Jan 08 07:48:56 Rocky-Compute-8 kernel: ata2: SATA link down (SStatus 0 SControl 300)
Jan 08 07:48:56 Rocky-Compute-8 kernel: ata1: SATA link down (SStatus 0 SControl 300)
Jan 08 07:48:56 Rocky-Compute-8 kernel: ata3: SATA link down (SStatus 0 SControl 300)
Jan 08 07:48:56 Rocky-Compute-8 kernel: ata4: SATA link down (SStatus 0 SControl 300)
Jan 08 07:48:56 Rocky-Compute-8 kernel: ata8: SATA link down (SStatus 0 SControl 300)
Jan 08 07:48:56 Rocky-Compute-8 kernel: ata7: SATA link up 6.0 Gbps (SStatus 133 SControl 300)
Jan 08 07:48:56 Rocky-Compute-8 kernel: ata7.00: supports DRM functions and may not be fully accessible
Jan 08 07:48:56 Rocky-Compute-8 kernel: ata7.00: ATA-9: SAMSUNG MZ7TY256HDHP-000L7, MAT04L6Q, max UDMA/133
Jan 08 07:48:56 Rocky-Compute-8 kernel: ata7.00: 500118192 sectors, multi 1: LBA48 NCQ (depth 32), AA
Jan 08 07:48:56 Rocky-Compute-8 kernel: ata7.00: supports DRM functions and may not be fully accessible
Jan 08 07:48:56 Rocky-Compute-8 kernel: ata7.00: configured for UDMA/133
Jan 08 07:48:56 Rocky-Compute-8 kernel: ata6: SATA link up 6.0 Gbps (SStatus 133 SControl 300)
Jan 08 07:48:56 Rocky-Compute-8 kernel: ata10: SATA link down (SStatus 0 SControl 300)
Jan 08 07:48:56 Rocky-Compute-8 kernel: ata9: SATA link down (SStatus 0 SControl 300)
Jan 08 07:48:56 Rocky-Compute-8 kernel: ata5: SATA link up 6.0 Gbps (SStatus 133 SControl 300)
Jan 08 07:48:56 Rocky-Compute-8 kernel: ata6.00: supports DRM functions and may not be fully accessible
Jan 08 07:48:56 Rocky-Compute-8 kernel: ata5.00: ATA-9: SAMSUNG MZ7LF120HCHP-000L1, FXT03L0Q, max UDMA/133
Jan 08 07:48:56 Rocky-Compute-8 kernel: ata5.00: 234441648 sectors, multi 16: LBA48 NCQ (depth 32), AA
Jan 08 07:48:56 Rocky-Compute-8 kernel: ata6.00: ATA-9: SAMSUNG MZ7TY256HDHP-000L7, MAT04L6Q, max UDMA/133
Jan 08 07:48:56 Rocky-Compute-8 kernel: ata6.00: 500118192 sectors, multi 1: LBA48 NCQ (depth 32), AA
Jan 08 07:48:56 Rocky-Compute-8 kernel: ata5.00: configured for UDMA/133
Jan 08 07:48:56 Rocky-Compute-8 kernel: scsi 4:0:0:0: Direct-Access     ATA      SAMSUNG MZ7LF120 3L0Q PQ: 0 ANSI: 5
Jan 08 07:48:56 Rocky-Compute-8 kernel: ata6.00: supports DRM functions and may not be fully accessible
Jan 08 07:48:56 Rocky-Compute-8 kernel: ata6.00: configured for UDMA/133
Jan 08 07:48:56 Rocky-Compute-8 kernel: scsi 5:0:0:0: Direct-Access     ATA      SAMSUNG MZ7TY256 4L6Q PQ: 0 ANSI: 5
Jan 08 07:48:56 Rocky-Compute-8 kernel: scsi 6:0:0:0: Direct-Access     ATA      SAMSUNG MZ7TY256 4L6Q PQ: 0 ANSI: 5
Jan 08 07:48:56 Rocky-Compute-8 kernel: scsi 4:0:0:0: Attached scsi generic sg0 type 0
Jan 08 07:48:56 Rocky-Compute-8 kernel: scsi 5:0:0:0: Attached scsi generic sg1 type 0
Jan 08 07:48:56 Rocky-Compute-8 kernel: scsi 6:0:0:0: Attached scsi generic sg2 type 0
Jan 08 07:48:56 Rocky-Compute-8 kernel: sd 4:0:0:0: [sda] 234441648 512-byte logical blocks: (120 GB/112 GiB)
Jan 08 07:48:56 Rocky-Compute-8 kernel: sd 4:0:0:0: [sda] Write Protect is off
Jan 08 07:48:56 Rocky-Compute-8 kernel: sd 4:0:0:0: [sda] Mode Sense: 00 3a 00 00
Jan 08 07:48:56 Rocky-Compute-8 kernel: sd 4:0:0:0: [sda] Write cache: enabled, read cache: enabled, doesn't support DPO or FUA
Jan 08 07:48:56 Rocky-Compute-8 kernel: sd 6:0:0:0: [sdc] 500118192 512-byte logical blocks: (256 GB/238 GiB)
Jan 08 07:48:56 Rocky-Compute-8 kernel: sd 5:0:0:0: [sdb] 500118192 512-byte logical blocks: (256 GB/238 GiB)
Jan 08 07:48:56 Rocky-Compute-8 kernel: sd 6:0:0:0: [sdc] Write Protect is off
Jan 08 07:48:56 Rocky-Compute-8 kernel: sd 6:0:0:0: [sdc] Mode Sense: 00 3a 00 00
Jan 08 07:48:56 Rocky-Compute-8 kernel: sd 6:0:0:0: [sdc] Write cache: enabled, read cache: enabled, doesn't support DPO or FUA
Jan 08 07:48:56 Rocky-Compute-8 kernel: sd 5:0:0:0: [sdb] Write Protect is off
Jan 08 07:48:56 Rocky-Compute-8 kernel: sd 5:0:0:0: [sdb] Mode Sense: 00 3a 00 00
Jan 08 07:48:56 Rocky-Compute-8 kernel: sd 5:0:0:0: [sdb] Write cache: enabled, read cache: enabled, doesn't support DPO or FUA
Jan 08 07:48:56 Rocky-Compute-8 kernel: sd 6:0:0:0: [sdc] Attached SCSI disk
Jan 08 07:48:56 Rocky-Compute-8 kernel:  sda: sda1 sda2 sda3
Jan 08 07:48:56 Rocky-Compute-8 kernel: sd 5:0:0:0: [sdb] Attached SCSI disk
Jan 08 07:48:56 Rocky-Compute-8 kernel: sd 4:0:0:0: [sda] Attached SCSI disk
Jan 08 07:48:56 Rocky-Compute-8 kernel: mlx5_core 0000:02:00.0: Port module event: module 0, Cable plugged
Jan 08 07:48:56 Rocky-Compute-8 kernel: mlx5_core 0000:02:00.0: mlx5_pcie_event:300:(pid 9): PCIe slot advertised sufficient power (27W).
Jan 08 07:48:56 Rocky-Compute-8 dracut-initqueue[935]: Scanning devices sda3  for LVM logical volumes rl_rocky-compute-8/root rl_rocky-compute-8/swap
Jan 08 07:48:56 Rocky-Compute-8 dracut-initqueue[960]: inactive '/dev/rl_rocky-compute-8/swap' [<11.18 GiB] inherit
Jan 08 07:48:56 Rocky-Compute-8 dracut-initqueue[960]: inactive '/dev/rl_rocky-compute-8/home' [32.48 GiB] inherit
Jan 08 07:48:56 Rocky-Compute-8 dracut-initqueue[960]: inactive '/dev/rl_rocky-compute-8/root' [<66.54 GiB] inherit
Jan 08 07:48:56 Rocky-Compute-8 systemd[1]: Found device /dev/mapper/rl_rocky--compute--8-root.
-- Subject: Unit dev-mapper-rl_rocky\x2d\x2dcompute\x2d\x2d8\x2droot.device has finished start-up
-- Defined-By: systemd
-- Support: https://lists.freedesktop.org/mailman/listinfo/systemd-devel
-- 
-- Unit dev-mapper-rl_rocky\x2d\x2dcompute\x2d\x2d8\x2droot.device has finished starting up.
-- 
-- The start-up result is done.
Jan 08 07:48:56 Rocky-Compute-8 systemd[1]: Reached target Initrd Root Device.
-- Subject: Unit initrd-root-device.target has finished start-up
-- Defined-By: systemd
-- Support: https://lists.freedesktop.org/mailman/listinfo/systemd-devel
-- 
-- Unit initrd-root-device.target has finished starting up.
-- 
-- The start-up result is done.
Jan 08 07:48:56 Rocky-Compute-8 systemd[1]: Found device /dev/mapper/rl_rocky--compute--8-swap.
-- Subject: Unit dev-mapper-rl_rocky\x2d\x2dcompute\x2d\x2d8\x2dswap.device has finished start-up
-- Defined-By: systemd
-- Support: https://lists.freedesktop.org/mailman/listinfo/systemd-devel
-- 
-- Unit dev-mapper-rl_rocky\x2d\x2dcompute\x2d\x2d8\x2dswap.device has finished starting up.
-- 
-- The start-up result is done.
Jan 08 07:48:56 Rocky-Compute-8 systemd[1]: Starting Resume from hibernation using device /dev/mapper/rl_rocky--compute--8-swap...
-- Subject: Unit systemd-hibernate-resume@dev-mapper-rl_rocky\x2d\x2dcompute\x2d\x2d8\x2dswap.service has begun start-up
-- Defined-By: systemd
-- Support: https://lists.freedesktop.org/mailman/listinfo/systemd-devel
-- 
-- Unit systemd-hibernate-resume@dev-mapper-rl_rocky\x2d\x2dcompute\x2d\x2d8\x2dswap.service has begun starting up.
Jan 08 07:48:56 Rocky-Compute-8 systemd-hibernate-resume[979]: Could not resume from '/dev/mapper/rl_rocky--compute--8-swap' (253:1).
Jan 08 07:48:56 Rocky-Compute-8 kernel: PM: Image not found (code -22)
Jan 08 07:48:56 Rocky-Compute-8 systemd[1]: systemd-hibernate-resume@dev-mapper-rl_rocky\x2d\x2dcompute\x2d\x2d8\x2dswap.service: Succeeded.
-- Subject: Unit succeeded
-- Defined-By: systemd
-- Support: https://lists.freedesktop.org/mailman/listinfo/systemd-devel
-- 
-- The unit systemd-hibernate-resume@dev-mapper-rl_rocky\x2d\x2dcompute\x2d\x2d8\x2dswap.service has successfully entered the 'dead' state.
Jan 08 07:48:56 Rocky-Compute-8 systemd[1]: Started Resume from hibernation using device /dev/mapper/rl_rocky--compute--8-swap.
-- Subject: Unit systemd-hibernate-resume@dev-mapper-rl_rocky\x2d\x2dcompute\x2d\x2d8\x2dswap.service has finished start-up
-- Defined-By: systemd
-- Support: https://lists.freedesktop.org/mailman/listinfo/systemd-devel
-- 
-- Unit systemd-hibernate-resume@dev-mapper-rl_rocky\x2d\x2dcompute\x2d\x2d8\x2dswap.service has finished starting up.
-- 
-- The start-up result is done.
Jan 08 07:48:56 Rocky-Compute-8 systemd[1]: Reached target Local File Systems (Pre).
-- Subject: Unit local-fs-pre.target has finished start-up
-- Defined-By: systemd
-- Support: https://lists.freedesktop.org/mailman/listinfo/systemd-devel
-- 
-- Unit local-fs-pre.target has finished starting up.
-- 
-- The start-up result is done.
Jan 08 07:48:56 Rocky-Compute-8 systemd[1]: Reached target Local File Systems.
-- Subject: Unit local-fs.target has finished start-up
-- Defined-By: systemd
-- Support: https://lists.freedesktop.org/mailman/listinfo/systemd-devel
-- 
-- Unit local-fs.target has finished starting up.
-- 
-- The start-up result is done.
Jan 08 07:48:56 Rocky-Compute-8 systemd[1]: Starting Create Volatile Files and Directories...
-- Subject: Unit systemd-tmpfiles-setup.service has begun start-up
-- Defined-By: systemd
-- Support: https://lists.freedesktop.org/mailman/listinfo/systemd-devel
-- 
-- Unit systemd-tmpfiles-setup.service has begun starting up.
Jan 08 07:48:56 Rocky-Compute-8 systemd[1]: Started Create Volatile Files and Directories.
-- Subject: Unit systemd-tmpfiles-setup.service has finished start-up
-- Defined-By: systemd
-- Support: https://lists.freedesktop.org/mailman/listinfo/systemd-devel
-- 
-- Unit systemd-tmpfiles-setup.service has finished starting up.
-- 
-- The start-up result is done.
Jan 08 07:48:56 Rocky-Compute-8 systemd[1]: Reached target System Initialization.
-- Subject: Unit sysinit.target has finished start-up
-- Defined-By: systemd
-- Support: https://lists.freedesktop.org/mailman/listinfo/systemd-devel
-- 
-- Unit sysinit.target has finished starting up.
-- 
-- The start-up result is done.
Jan 08 07:48:56 Rocky-Compute-8 systemd[1]: Reached target Basic System.
-- Subject: Unit basic.target has finished start-up
-- Defined-By: systemd
-- Support: https://lists.freedesktop.org/mailman/listinfo/systemd-devel
-- 
-- Unit basic.target has finished starting up.
-- 
-- The start-up result is done.
Jan 08 07:48:56 Rocky-Compute-8 systemd[1]: Started dracut initqueue hook.
-- Subject: Unit dracut-initqueue.service has finished start-up
-- Defined-By: systemd
-- Support: https://lists.freedesktop.org/mailman/listinfo/systemd-devel
-- 
-- Unit dracut-initqueue.service has finished starting up.
-- 
-- The start-up result is done.
Jan 08 07:48:56 Rocky-Compute-8 systemd[1]: Starting File System Check on /dev/mapper/rl_rocky--compute--8-root...
-- Subject: Unit systemd-fsck-root.service has begun start-up
-- Defined-By: systemd
-- Support: https://lists.freedesktop.org/mailman/listinfo/systemd-devel
-- 
-- Unit systemd-fsck-root.service has begun starting up.
Jan 08 07:48:56 Rocky-Compute-8 systemd[1]: Reached target Remote File Systems (Pre).
-- Subject: Unit remote-fs-pre.target has finished start-up
-- Defined-By: systemd
-- Support: https://lists.freedesktop.org/mailman/listinfo/systemd-devel
-- 
-- Unit remote-fs-pre.target has finished starting up.
-- 
-- The start-up result is done.
Jan 08 07:48:56 Rocky-Compute-8 systemd[1]: Reached target Remote File Systems.
-- Subject: Unit remote-fs.target has finished start-up
-- Defined-By: systemd
-- Support: https://lists.freedesktop.org/mailman/listinfo/systemd-devel
-- 
-- Unit remote-fs.target has finished starting up.
-- 
-- The start-up result is done.
Jan 08 07:48:56 Rocky-Compute-8 systemd-fsck[993]: /usr/sbin/fsck.xfs: XFS file system.
Jan 08 07:48:56 Rocky-Compute-8 systemd[1]: Started File System Check on /dev/mapper/rl_rocky--compute--8-root.
-- Subject: Unit systemd-fsck-root.service has finished start-up
-- Defined-By: systemd
-- Support: https://lists.freedesktop.org/mailman/listinfo/systemd-devel
-- 
-- Unit systemd-fsck-root.service has finished starting up.
-- 
-- The start-up result is done.
Jan 08 07:48:56 Rocky-Compute-8 systemd[1]: Mounting /sysroot...
-- Subject: Unit sysroot.mount has begun start-up
-- Defined-By: systemd
-- Support: https://lists.freedesktop.org/mailman/listinfo/systemd-devel
-- 
-- Unit sysroot.mount has begun starting up.
Jan 08 07:48:56 Rocky-Compute-8 kernel: SGI XFS with ACLs, security attributes, quota, no debug enabled
Jan 08 07:48:56 Rocky-Compute-8 kernel: XFS (dm-0): Mounting V5 Filesystem
Jan 08 07:48:56 Rocky-Compute-8 kernel: XFS (dm-0): Ending clean mount
Jan 08 07:48:56 Rocky-Compute-8 systemd[1]: Mounted /sysroot.
-- Subject: Unit sysroot.mount has finished start-up
-- Defined-By: systemd
-- Support: https://lists.freedesktop.org/mailman/listinfo/systemd-devel
-- 
-- Unit sysroot.mount has finished starting up.
-- 
-- The start-up result is done.
Jan 08 07:48:56 Rocky-Compute-8 systemd[1]: Reached target Initrd Root File System.
-- Subject: Unit initrd-root-fs.target has finished start-up
-- Defined-By: systemd
-- Support: https://lists.freedesktop.org/mailman/listinfo/systemd-devel
-- 
-- Unit initrd-root-fs.target has finished starting up.
-- 
-- The start-up result is done.
Jan 08 07:48:56 Rocky-Compute-8 systemd[1]: Starting Reload Configuration from the Real Root...
-- Subject: Unit initrd-parse-etc.service has begun start-up
-- Defined-By: systemd
-- Support: https://lists.freedesktop.org/mailman/listinfo/systemd-devel
-- 
-- Unit initrd-parse-etc.service has begun starting up.
Jan 08 07:48:56 Rocky-Compute-8 systemd[1]: Reloading.
Jan 08 07:48:57 Rocky-Compute-8 systemd[1]: initrd-parse-etc.service: Succeeded.
-- Subject: Unit succeeded
-- Defined-By: systemd
-- Support: https://lists.freedesktop.org/mailman/listinfo/systemd-devel
-- 
-- The unit initrd-parse-etc.service has successfully entered the 'dead' state.
Jan 08 07:48:57 Rocky-Compute-8 systemd[1]: Started Reload Configuration from the Real Root.
-- Subject: Unit initrd-parse-etc.service has finished start-up
-- Defined-By: systemd
-- Support: https://lists.freedesktop.org/mailman/listinfo/systemd-devel
-- 
-- Unit initrd-parse-etc.service has finished starting up.
-- 
-- The start-up result is done.
Jan 08 07:48:57 Rocky-Compute-8 systemd[1]: Reached target Initrd File Systems.
-- Subject: Unit initrd-fs.target has finished start-up
-- Defined-By: systemd
-- Support: https://lists.freedesktop.org/mailman/listinfo/systemd-devel
-- 
-- Unit initrd-fs.target has finished starting up.
-- 
-- The start-up result is done.
Jan 08 07:48:57 Rocky-Compute-8 systemd[1]: Reached target Initrd Default Target.
-- Subject: Unit initrd.target has finished start-up
-- Defined-By: systemd
-- Support: https://lists.freedesktop.org/mailman/listinfo/systemd-devel
-- 
-- Unit initrd.target has finished starting up.
-- 
-- The start-up result is done.
Jan 08 07:48:57 Rocky-Compute-8 systemd[1]: Starting dracut pre-pivot and cleanup hook...
-- Subject: Unit dracut-pre-pivot.service has begun start-up
-- Defined-By: systemd
-- Support: https://lists.freedesktop.org/mailman/listinfo/systemd-devel
-- 
-- Unit dracut-pre-pivot.service has begun starting up.
Jan 08 07:48:57 Rocky-Compute-8 systemd[1]: Started dracut pre-pivot and cleanup hook.
-- Subject: Unit dracut-pre-pivot.service has finished start-up
-- Defined-By: systemd
-- Support: https://lists.freedesktop.org/mailman/listinfo/systemd-devel
-- 
-- Unit dracut-pre-pivot.service has finished starting up.
-- 
-- The start-up result is done.
Jan 08 07:48:57 Rocky-Compute-8 systemd[1]: Starting Cleaning Up and Shutting Down Daemons...
-- Subject: Unit initrd-cleanup.service has begun start-up
-- Defined-By: systemd
-- Support: https://lists.freedesktop.org/mailman/listinfo/systemd-devel
-- 
-- Unit initrd-cleanup.service has begun starting up.
Jan 08 07:48:57 Rocky-Compute-8 systemd[1]: dracut-pre-pivot.service: Succeeded.
-- Subject: Unit succeeded
-- Defined-By: systemd
-- Support: https://lists.freedesktop.org/mailman/listinfo/systemd-devel
-- 
-- The unit dracut-pre-pivot.service has successfully entered the 'dead' state.
Jan 08 07:48:57 Rocky-Compute-8 systemd[1]: Stopped dracut pre-pivot and cleanup hook.
-- Subject: Unit dracut-pre-pivot.service has finished shutting down
-- Defined-By: systemd
-- Support: https://lists.freedesktop.org/mailman/listinfo/systemd-devel
-- 
-- Unit dracut-pre-pivot.service has finished shutting down.
Jan 08 07:48:57 Rocky-Compute-8 systemd[1]: Stopped target Initrd Default Target.
-- Subject: Unit initrd.target has finished shutting down
-- Defined-By: systemd
-- Support: https://lists.freedesktop.org/mailman/listinfo/systemd-devel
-- 
-- Unit initrd.target has finished shutting down.
Jan 08 07:48:57 Rocky-Compute-8 systemd[1]: Stopped target Initrd Root Device.
-- Subject: Unit initrd-root-device.target has finished shutting down
-- Defined-By: systemd
-- Support: https://lists.freedesktop.org/mailman/listinfo/systemd-devel
-- 
-- Unit initrd-root-device.target has finished shutting down.
Jan 08 07:48:57 Rocky-Compute-8 systemd[1]: Stopped target Basic System.
-- Subject: Unit basic.target has finished shutting down
-- Defined-By: systemd
-- Support: https://lists.freedesktop.org/mailman/listinfo/systemd-devel
-- 
-- Unit basic.target has finished shutting down.
Jan 08 07:48:57 Rocky-Compute-8 systemd[1]: Stopped target Slices.
-- Subject: Unit slices.target has finished shutting down
-- Defined-By: systemd
-- Support: https://lists.freedesktop.org/mailman/listinfo/systemd-devel
-- 
-- Unit slices.target has finished shutting down.
Jan 08 07:48:57 Rocky-Compute-8 systemd[1]: Stopped target System Initialization.
-- Subject: Unit sysinit.target has finished shutting down
-- Defined-By: systemd
-- Support: https://lists.freedesktop.org/mailman/listinfo/systemd-devel
-- 
-- Unit sysinit.target has finished shutting down.
Jan 08 07:48:57 Rocky-Compute-8 systemd[1]: Stopped target Swap.
-- Subject: Unit swap.target has finished shutting down
-- Defined-By: systemd
-- Support: https://lists.freedesktop.org/mailman/listinfo/systemd-devel
-- 
-- Unit swap.target has finished shutting down.
Jan 08 07:48:57 Rocky-Compute-8 systemd[1]: Starting Plymouth switch root service...
-- Subject: Unit plymouth-switch-root.service has begun start-up
-- Defined-By: systemd
-- Support: https://lists.freedesktop.org/mailman/listinfo/systemd-devel
-- 
-- Unit plymouth-switch-root.service has begun starting up.
Jan 08 07:48:57 Rocky-Compute-8 systemd[1]: Stopped target Timers.
-- Subject: Unit timers.target has finished shutting down
-- Defined-By: systemd
-- Support: https://lists.freedesktop.org/mailman/listinfo/systemd-devel
-- 
-- Unit timers.target has finished shutting down.
Jan 08 07:48:57 Rocky-Compute-8 systemd[1]: Starting Setup Virtual Console...
-- Subject: Unit systemd-vconsole-setup.service has begun start-up
-- Defined-By: systemd
-- Support: https://lists.freedesktop.org/mailman/listinfo/systemd-devel
-- 
-- Unit systemd-vconsole-setup.service has begun starting up.
Jan 08 07:48:57 Rocky-Compute-8 systemd[1]: Stopped target Remote File Systems.
-- Subject: Unit remote-fs.target has finished shutting down
-- Defined-By: systemd
-- Support: https://lists.freedesktop.org/mailman/listinfo/systemd-devel
-- 
-- Unit remote-fs.target has finished shutting down.
Jan 08 07:48:57 Rocky-Compute-8 systemd[1]: systemd-sysctl.service: Succeeded.
-- Subject: Unit succeeded
-- Defined-By: systemd
-- Support: https://lists.freedesktop.org/mailman/listinfo/systemd-devel
-- 
-- The unit systemd-sysctl.service has successfully entered the 'dead' state.
Jan 08 07:48:57 Rocky-Compute-8 systemd[1]: Stopped Apply Kernel Variables.
-- Subject: Unit systemd-sysctl.service has finished shutting down
-- Defined-By: systemd
-- Support: https://lists.freedesktop.org/mailman/listinfo/systemd-devel
-- 
-- Unit systemd-sysctl.service has finished shutting down.
Jan 08 07:48:57 Rocky-Compute-8 systemd[1]: systemd-tmpfiles-setup.service: Succeeded.
-- Subject: Unit succeeded
-- Defined-By: systemd
-- Support: https://lists.freedesktop.org/mailman/listinfo/systemd-devel
-- 
-- The unit systemd-tmpfiles-setup.service has successfully entered the 'dead' state.
Jan 08 07:48:57 Rocky-Compute-8 systemd[1]: Stopped Create Volatile Files and Directories.
-- Subject: Unit systemd-tmpfiles-setup.service has finished shutting down
-- Defined-By: systemd
-- Support: https://lists.freedesktop.org/mailman/listinfo/systemd-devel
-- 
-- Unit systemd-tmpfiles-setup.service has finished shutting down.
Jan 08 07:48:57 Rocky-Compute-8 systemd[1]: Stopped target Local File Systems.
-- Subject: Unit local-fs.target has finished shutting down
-- Defined-By: systemd
-- Support: https://lists.freedesktop.org/mailman/listinfo/systemd-devel
-- 
-- Unit local-fs.target has finished shutting down.
Jan 08 07:48:57 Rocky-Compute-8 systemd[1]: Stopped target Local File Systems (Pre).
-- Subject: Unit local-fs-pre.target has finished shutting down
-- Defined-By: systemd
-- Support: https://lists.freedesktop.org/mailman/listinfo/systemd-devel
-- 
-- Unit local-fs-pre.target has finished shutting down.
Jan 08 07:48:57 Rocky-Compute-8 systemd[1]: Stopped target Paths.
-- Subject: Unit paths.target has finished shutting down
-- Defined-By: systemd
-- Support: https://lists.freedesktop.org/mailman/listinfo/systemd-devel
-- 
-- Unit paths.target has finished shutting down.
Jan 08 07:48:57 Rocky-Compute-8 systemd[1]: Stopped target Remote File Systems (Pre).
-- Subject: Unit remote-fs-pre.target has finished shutting down
-- Defined-By: systemd
-- Support: https://lists.freedesktop.org/mailman/listinfo/systemd-devel
-- 
-- Unit remote-fs-pre.target has finished shutting down.
Jan 08 07:48:57 Rocky-Compute-8 systemd[1]: dracut-initqueue.service: Succeeded.
-- Subject: Unit succeeded
-- Defined-By: systemd
-- Support: https://lists.freedesktop.org/mailman/listinfo/systemd-devel
-- 
-- The unit dracut-initqueue.service has successfully entered the 'dead' state.
Jan 08 07:48:57 Rocky-Compute-8 systemd[1]: Stopped dracut initqueue hook.
-- Subject: Unit dracut-initqueue.service has finished shutting down
-- Defined-By: systemd
-- Support: https://lists.freedesktop.org/mailman/listinfo/systemd-devel
-- 
-- Unit dracut-initqueue.service has finished shutting down.
Jan 08 07:48:57 Rocky-Compute-8 systemd[1]: systemd-udev-trigger.service: Succeeded.
-- Subject: Unit succeeded
-- Defined-By: systemd
-- Support: https://lists.freedesktop.org/mailman/listinfo/systemd-devel
-- 
-- The unit systemd-udev-trigger.service has successfully entered the 'dead' state.
Jan 08 07:48:57 Rocky-Compute-8 systemd[1]: Stopped udev Coldplug all Devices.
-- Subject: Unit systemd-udev-trigger.service has finished shutting down
-- Defined-By: systemd
-- Support: https://lists.freedesktop.org/mailman/listinfo/systemd-devel
-- 
-- Unit systemd-udev-trigger.service has finished shutting down.
Jan 08 07:48:57 Rocky-Compute-8 systemd[1]: dracut-pre-trigger.service: Succeeded.
-- Subject: Unit succeeded
-- Defined-By: systemd
-- Support: https://lists.freedesktop.org/mailman/listinfo/systemd-devel
-- 
-- The unit dracut-pre-trigger.service has successfully entered the 'dead' state.
Jan 08 07:48:57 Rocky-Compute-8 systemd[1]: Stopped dracut pre-trigger hook.
-- Subject: Unit dracut-pre-trigger.service has finished shutting down
-- Defined-By: systemd
-- Support: https://lists.freedesktop.org/mailman/listinfo/systemd-devel
-- 
-- Unit dracut-pre-trigger.service has finished shutting down.
Jan 08 07:48:57 Rocky-Compute-8 systemd[1]: Stopping udev Kernel Device Manager...
-- Subject: Unit systemd-udevd.service has begun shutting down
-- Defined-By: systemd
-- Support: https://lists.freedesktop.org/mailman/listinfo/systemd-devel
-- 
-- Unit systemd-udevd.service has begun shutting down.
Jan 08 07:48:57 Rocky-Compute-8 systemd[1]: Stopped target Sockets.
-- Subject: Unit sockets.target has finished shutting down
-- Defined-By: systemd
-- Support: https://lists.freedesktop.org/mailman/listinfo/systemd-devel
-- 
-- Unit sockets.target has finished shutting down.
Jan 08 07:48:57 Rocky-Compute-8 systemd[1]: initrd-cleanup.service: Succeeded.
-- Subject: Unit succeeded
-- Defined-By: systemd
-- Support: https://lists.freedesktop.org/mailman/listinfo/systemd-devel
-- 
-- The unit initrd-cleanup.service has successfully entered the 'dead' state.
Jan 08 07:48:57 Rocky-Compute-8 systemd[1]: Started Cleaning Up and Shutting Down Daemons.
-- Subject: Unit initrd-cleanup.service has finished start-up
-- Defined-By: systemd
-- Support: https://lists.freedesktop.org/mailman/listinfo/systemd-devel
-- 
-- Unit initrd-cleanup.service has finished starting up.
-- 
-- The start-up result is done.
Jan 08 07:48:57 Rocky-Compute-8 systemd[1]: Started Plymouth switch root service.
-- Subject: Unit plymouth-switch-root.service has finished start-up
-- Defined-By: systemd
-- Support: https://lists.freedesktop.org/mailman/listinfo/systemd-devel
-- 
-- Unit plymouth-switch-root.service has finished starting up.
-- 
-- The start-up result is done.
Jan 08 07:48:57 Rocky-Compute-8 systemd[1]: systemd-udevd.service: Succeeded.
-- Subject: Unit succeeded
-- Defined-By: systemd
-- Support: https://lists.freedesktop.org/mailman/listinfo/systemd-devel
-- 
-- The unit systemd-udevd.service has successfully entered the 'dead' state.
Jan 08 07:48:57 Rocky-Compute-8 systemd[1]: Stopped udev Kernel Device Manager.
-- Subject: Unit systemd-udevd.service has finished shutting down
-- Defined-By: systemd
-- Support: https://lists.freedesktop.org/mailman/listinfo/systemd-devel
-- 
-- Unit systemd-udevd.service has finished shutting down.
Jan 08 07:48:57 Rocky-Compute-8 systemd[1]: systemd-tmpfiles-setup-dev.service: Succeeded.
-- Subject: Unit succeeded
-- Defined-By: systemd
-- Support: https://lists.freedesktop.org/mailman/listinfo/systemd-devel
-- 
-- The unit systemd-tmpfiles-setup-dev.service has successfully entered the 'dead' state.
Jan 08 07:48:57 Rocky-Compute-8 systemd[1]: Stopped Create Static Device Nodes in /dev.
-- Subject: Unit systemd-tmpfiles-setup-dev.service has finished shutting down
-- Defined-By: systemd
-- Support: https://lists.freedesktop.org/mailman/listinfo/systemd-devel
-- 
-- Unit systemd-tmpfiles-setup-dev.service has finished shutting down.
Jan 08 07:48:57 Rocky-Compute-8 systemd[1]: kmod-static-nodes.service: Succeeded.
-- Subject: Unit succeeded
-- Defined-By: systemd
-- Support: https://lists.freedesktop.org/mailman/listinfo/systemd-devel
-- 
-- The unit kmod-static-nodes.service has successfully entered the 'dead' state.
Jan 08 07:48:57 Rocky-Compute-8 systemd[1]: Stopped Create list of required static device nodes for the current kernel.
-- Subject: Unit kmod-static-nodes.service has finished shutting down
-- Defined-By: systemd
-- Support: https://lists.freedesktop.org/mailman/listinfo/systemd-devel
-- 
-- Unit kmod-static-nodes.service has finished shutting down.
Jan 08 07:48:57 Rocky-Compute-8 systemd[1]: dracut-pre-udev.service: Succeeded.
-- Subject: Unit succeeded
-- Defined-By: systemd
-- Support: https://lists.freedesktop.org/mailman/listinfo/systemd-devel
-- 
-- The unit dracut-pre-udev.service has successfully entered the 'dead' state.
Jan 08 07:48:57 Rocky-Compute-8 systemd[1]: Stopped dracut pre-udev hook.
-- Subject: Unit dracut-pre-udev.service has finished shutting down
-- Defined-By: systemd
-- Support: https://lists.freedesktop.org/mailman/listinfo/systemd-devel
-- 
-- Unit dracut-pre-udev.service has finished shutting down.
Jan 08 07:48:57 Rocky-Compute-8 systemd[1]: dracut-cmdline.service: Succeeded.
-- Subject: Unit succeeded
-- Defined-By: systemd
-- Support: https://lists.freedesktop.org/mailman/listinfo/systemd-devel
-- 
-- The unit dracut-cmdline.service has successfully entered the 'dead' state.
Jan 08 07:48:57 Rocky-Compute-8 systemd[1]: Stopped dracut cmdline hook.
-- Subject: Unit dracut-cmdline.service has finished shutting down
-- Defined-By: systemd
-- Support: https://lists.freedesktop.org/mailman/listinfo/systemd-devel
-- 
-- Unit dracut-cmdline.service has finished shutting down.
Jan 08 07:48:57 Rocky-Compute-8 systemd[1]: systemd-udevd-kernel.socket: Succeeded.
-- Subject: Unit succeeded
-- Defined-By: systemd
-- Support: https://lists.freedesktop.org/mailman/listinfo/systemd-devel
-- 
-- The unit systemd-udevd-kernel.socket has successfully entered the 'dead' state.
Jan 08 07:48:57 Rocky-Compute-8 systemd[1]: Closed udev Kernel Socket.
-- Subject: Unit systemd-udevd-kernel.socket has finished shutting down
-- Defined-By: systemd
-- Support: https://lists.freedesktop.org/mailman/listinfo/systemd-devel
-- 
-- Unit systemd-udevd-kernel.socket has finished shutting down.
Jan 08 07:48:57 Rocky-Compute-8 systemd[1]: systemd-udevd-control.socket: Succeeded.
-- Subject: Unit succeeded
-- Defined-By: systemd
-- Support: https://lists.freedesktop.org/mailman/listinfo/systemd-devel
-- 
-- The unit systemd-udevd-control.socket has successfully entered the 'dead' state.
Jan 08 07:48:57 Rocky-Compute-8 systemd[1]: Closed udev Control Socket.
-- Subject: Unit systemd-udevd-control.socket has finished shutting down
-- Defined-By: systemd
-- Support: https://lists.freedesktop.org/mailman/listinfo/systemd-devel
-- 
-- Unit systemd-udevd-control.socket has finished shutting down.
Jan 08 07:48:57 Rocky-Compute-8 systemd[1]: Starting Cleanup udevd DB...
-- Subject: Unit initrd-udevadm-cleanup-db.service has begun start-up
-- Defined-By: systemd
-- Support: https://lists.freedesktop.org/mailman/listinfo/systemd-devel
-- 
-- Unit initrd-udevadm-cleanup-db.service has begun starting up.
Jan 08 07:48:57 Rocky-Compute-8 systemd[1]: initrd-udevadm-cleanup-db.service: Succeeded.
-- Subject: Unit succeeded
-- Defined-By: systemd
-- Support: https://lists.freedesktop.org/mailman/listinfo/systemd-devel
-- 
-- The unit initrd-udevadm-cleanup-db.service has successfully entered the 'dead' state.
Jan 08 07:48:57 Rocky-Compute-8 systemd[1]: Started Cleanup udevd DB.
-- Subject: Unit initrd-udevadm-cleanup-db.service has finished start-up
-- Defined-By: systemd
-- Support: https://lists.freedesktop.org/mailman/listinfo/systemd-devel
-- 
-- Unit initrd-udevadm-cleanup-db.service has finished starting up.
-- 
-- The start-up result is done.
Jan 08 07:48:57 Rocky-Compute-8 systemd[1]: systemd-vconsole-setup.service: Succeeded.
-- Subject: Unit succeeded
-- Defined-By: systemd
-- Support: https://lists.freedesktop.org/mailman/listinfo/systemd-devel
-- 
-- The unit systemd-vconsole-setup.service has successfully entered the 'dead' state.
Jan 08 07:48:57 Rocky-Compute-8 systemd[1]: Started Setup Virtual Console.
-- Subject: Unit systemd-vconsole-setup.service has finished start-up
-- Defined-By: systemd
-- Support: https://lists.freedesktop.org/mailman/listinfo/systemd-devel
-- 
-- Unit systemd-vconsole-setup.service has finished starting up.
-- 
-- The start-up result is done.
Jan 08 07:48:57 Rocky-Compute-8 systemd[1]: Reached target Switch Root.
-- Subject: Unit initrd-switch-root.target has finished start-up
-- Defined-By: systemd
-- Support: https://lists.freedesktop.org/mailman/listinfo/systemd-devel
-- 
-- Unit initrd-switch-root.target has finished starting up.
-- 
-- The start-up result is done.
Jan 08 07:48:57 Rocky-Compute-8 systemd[1]: Starting Switch Root...
-- Subject: Unit initrd-switch-root.service has begun start-up
-- Defined-By: systemd
-- Support: https://lists.freedesktop.org/mailman/listinfo/systemd-devel
-- 
-- Unit initrd-switch-root.service has begun starting up.
Jan 08 07:48:57 Rocky-Compute-8 systemd[1]: Switching root.
Jan 08 07:48:57 Rocky-Compute-8 systemd-journald[588]: Journal stopped
-- Subject: The journal has been stopped
-- Defined-By: systemd
-- Support: https://lists.freedesktop.org/mailman/listinfo/systemd-devel
-- 
-- The system journal process has shut down and closed all currently
-- active journal files.
Jan 08 07:48:57 Rocky-Compute-8 kernel: printk: systemd: 21 output lines suppressed due to ratelimiting
Jan 08 07:48:57 Rocky-Compute-8 kernel: audit: type=1404 audit(1767876537.262:2): enforcing=1 old_enforcing=0 auid=4294967295 ses=4294967295 enabled=1 old-enabled=1 lsm=selinux res=1
Jan 08 07:48:57 Rocky-Compute-8 kernel: SELinux:  policy capability network_peer_controls=1
Jan 08 07:48:57 Rocky-Compute-8 kernel: SELinux:  policy capability open_perms=1
Jan 08 07:48:57 Rocky-Compute-8 kernel: SELinux:  policy capability extended_socket_class=1
Jan 08 07:48:57 Rocky-Compute-8 kernel: SELinux:  policy capability always_check_network=0
Jan 08 07:48:57 Rocky-Compute-8 kernel: SELinux:  policy capability cgroup_seclabel=1
Jan 08 07:48:57 Rocky-Compute-8 kernel: SELinux:  policy capability nnp_nosuid_transition=1
Jan 08 07:48:57 Rocky-Compute-8 kernel: audit: type=1403 audit(1767876537.423:3): auid=4294967295 ses=4294967295 lsm=selinux res=1
Jan 08 07:48:57 Rocky-Compute-8 systemd[1]: Successfully loaded SELinux policy in 163.934ms.
Jan 08 07:48:57 Rocky-Compute-8 systemd[1]: Relabelled /dev, /run and /sys/fs/cgroup in 38.298ms.
Jan 08 07:48:57 Rocky-Compute-8 systemd[1]: systemd 239 (239-82.el8_10.8) running in system mode. (+PAM +AUDIT +SELINUX +IMA -APPARMOR +SMACK +SYSVINIT +UTMP +LIBCRYPTSETUP +GCRYPT +GNUTLS +ACL +XZ +LZ4 +SECCOMP +BLKID +ELFUTILS +KMOD +IDN2 -IDN +PCRE2 default-hierarchy=legacy)
Jan 08 07:48:57 Rocky-Compute-8 systemd[1]: Detected architecture x86-64.
Jan 08 07:48:57 Rocky-Compute-8 systemd[1]: Set hostname to <Rocky-Compute-8>.
Jan 08 07:48:57 Rocky-Compute-8 systemd[1]: initrd-switch-root.service: Succeeded.
Jan 08 07:48:57 Rocky-Compute-8 systemd[1]: Stopped Switch Root.
Jan 08 07:48:57 Rocky-Compute-8 systemd[1]: systemd-journald.service: Service has no hold-off time (RestartSec=0), scheduling restart.
Jan 08 07:48:57 Rocky-Compute-8 systemd[1]: systemd-journald.service: Scheduled restart job, restart counter is at 1.
Jan 08 07:48:57 Rocky-Compute-8 systemd[1]: Stopped Journal Service.
Jan 08 07:48:57 Rocky-Compute-8 systemd[1]: Starting Journal Service...
Jan 08 07:48:57 Rocky-Compute-8 systemd[1]: Created slice User and Session Slice.
Jan 08 07:48:57 Rocky-Compute-8 systemd-journald[1110]: Journal started
-- Subject: The journal has been started
-- Defined-By: systemd
-- Support: https://lists.freedesktop.org/mailman/listinfo/systemd-devel
-- 
-- The system journal process has started up, opened the journal
-- files for writing and is now ready to process requests.
Jan 08 07:48:57 Rocky-Compute-8 systemd-journald[1110]: Runtime journal (/run/log/journal/419a75a53eb2465a960adee5086a91dd) is 8.0M, max 3.1G, 3.1G free.
-- Subject: Disk space used by the journal
-- Defined-By: systemd
-- Support: https://lists.freedesktop.org/mailman/listinfo/systemd-devel
-- 
-- Runtime journal (/run/log/journal/419a75a53eb2465a960adee5086a91dd) is currently using 8.0M.
-- Maximum allowed usage is set to 3.1G.
-- Leaving at least 4.0G free (of currently available 31.1G of disk space).
-- Enforced usage limit is thus 3.1G, of which 3.1G are still available.
-- 
-- The limits controlling how much disk space is used by the journal may
-- be configured with SystemMaxUse=, SystemKeepFree=, SystemMaxFileSize=,
-- RuntimeMaxUse=, RuntimeKeepFree=, RuntimeMaxFileSize= settings in
-- /etc/systemd/journald.conf. See journald.conf(5) for details.
Jan 08 07:48:57 Rocky-Compute-8 systemd[1]: systemd-journald.service: Succeeded.
-- Subject: Unit succeeded
-- Defined-By: systemd
-- Support: https://lists.freedesktop.org/mailman/listinfo/systemd-devel
-- 
-- The unit systemd-journald.service has successfully entered the 'dead' state.
Jan 08 07:48:57 Rocky-Compute-8 systemd-modules-load[1112]: Module 'msr' is builtin
Jan 08 07:48:57 Rocky-Compute-8 opensm-launch[1124]: -------------------------------------------------
Jan 08 07:48:57 Rocky-Compute-8 opensm-launch[1124]: OpenSM 3.3.24
Jan 08 07:48:57 Rocky-Compute-8 opensm-launch[1124]:  Reading Cached Option File: /etc/rdma/opensm.conf
Jan 08 07:48:57 Rocky-Compute-8 opensm-launch[1124]: Command Line Arguments:
Jan 08 07:48:57 Rocky-Compute-8 opensm-launch[1124]:  Log File: /var/log/opensm.log
Jan 08 07:48:57 Rocky-Compute-8 opensm-launch[1124]: -------------------------------------------------
Jan 08 07:48:57 Rocky-Compute-8 OpenSM[1124]: Cannot open file '/var/log/opensm.log' for appending: Read-only file system
Jan 08 07:48:57 Rocky-Compute-8 opensm-launch[1124]: Cannot open file '/var/log/opensm.log': Read-only file system
Jan 08 07:48:57 Rocky-Compute-8 opensm-launch[1124]: Error from osm_opensm_init: IB_ERROR.
Jan 08 07:48:57 Rocky-Compute-8 systemd[1]: Started Create list of required static device nodes for the current kernel.
-- Subject: Unit kmod-static-nodes.service has finished start-up
-- Defined-By: systemd
-- Support: https://lists.freedesktop.org/mailman/listinfo/systemd-devel
-- 
-- Unit kmod-static-nodes.service has finished starting up.
-- 
-- The start-up result is done.
Jan 08 07:48:57 Rocky-Compute-8 systemd[1]: Mounted Kernel Debug File System.
-- Subject: Unit sys-kernel-debug.mount has finished start-up
-- Defined-By: systemd
-- Support: https://lists.freedesktop.org/mailman/listinfo/systemd-devel
-- 
-- Unit sys-kernel-debug.mount has finished starting up.
-- 
-- The start-up result is done.
Jan 08 07:48:57 Rocky-Compute-8 systemd[1]: Started Read and set NIS domainname from /etc/sysconfig/network.
-- Subject: Unit nis-domainname.service has finished start-up
-- Defined-By: systemd
-- Support: https://lists.freedesktop.org/mailman/listinfo/systemd-devel
-- 
-- Unit nis-domainname.service has finished starting up.
-- 
-- The start-up result is done.
Jan 08 07:48:57 Rocky-Compute-8 systemd[1]: Started Starts the OpenSM InfiniBand fabric Subnet Manager.
-- Subject: Unit opensm.service has finished start-up
-- Defined-By: systemd
-- Support: https://lists.freedesktop.org/mailman/listinfo/systemd-devel
-- 
-- Unit opensm.service has finished starting up.
-- 
-- The start-up result is done.
Jan 08 07:48:57 Rocky-Compute-8 systemd[1]: Mounted Huge Pages File System.
-- Subject: Unit dev-hugepages.mount has finished start-up
-- Defined-By: systemd
-- Support: https://lists.freedesktop.org/mailman/listinfo/systemd-devel
-- 
-- Unit dev-hugepages.mount has finished starting up.
-- 
-- The start-up result is done.
Jan 08 07:48:57 Rocky-Compute-8 systemd[1]: Started Remount Root and Kernel File Systems.
-- Subject: Unit systemd-remount-fs.service has finished start-up
-- Defined-By: systemd
-- Support: https://lists.freedesktop.org/mailman/listinfo/systemd-devel
-- 
-- Unit systemd-remount-fs.service has finished starting up.
-- 
-- The start-up result is done.
Jan 08 07:48:57 Rocky-Compute-8 systemd[1]: Mounted POSIX Message Queue File System.
-- Subject: Unit dev-mqueue.mount has finished start-up
-- Defined-By: systemd
-- Support: https://lists.freedesktop.org/mailman/listinfo/systemd-devel
-- 
-- Unit dev-mqueue.mount has finished starting up.
-- 
-- The start-up result is done.
Jan 08 07:48:57 Rocky-Compute-8 lvm[1119]:   2 logical volume(s) in volume group "rl_rocky-compute-8" monitored
Jan 08 07:48:57 Rocky-Compute-8 systemd[1]: Starting Load/Save Random Seed...
-- Subject: Unit systemd-random-seed.service has begun start-up
-- Defined-By: systemd
-- Support: https://lists.freedesktop.org/mailman/listinfo/systemd-devel
-- 
-- Unit systemd-random-seed.service has begun starting up.
Jan 08 07:48:57 Rocky-Compute-8 systemd[1]: Starting Create Static Device Nodes in /dev...
-- Subject: Unit systemd-tmpfiles-setup-dev.service has begun start-up
-- Defined-By: systemd
-- Support: https://lists.freedesktop.org/mailman/listinfo/systemd-devel
-- 
-- Unit systemd-tmpfiles-setup-dev.service has begun starting up.
Jan 08 07:48:57 Rocky-Compute-8 kernel: Adding 11722748k swap on /dev/mapper/rl_rocky--compute--8-swap.  Priority:-2 extents:1 across:11722748k SSFS
Jan 08 07:48:57 Rocky-Compute-8 kernel: ib_core: module verification failed: signature and/or required key missing - tainting kernel
Jan 08 07:48:57 Rocky-Compute-8 kernel: ib_core: disagrees about version of symbol __netlink_dump_start
Jan 08 07:48:57 Rocky-Compute-8 kernel: ib_core: Unknown symbol __netlink_dump_start (err -22)
Jan 08 07:48:57 Rocky-Compute-8 systemd[1]: Starting Flush Journal to Persistent Storage...
-- Subject: Unit systemd-journal-flush.service has begun start-up
-- Defined-By: systemd
-- Support: https://lists.freedesktop.org/mailman/listinfo/systemd-devel
-- 
-- Unit systemd-journal-flush.service has begun starting up.
Jan 08 07:48:57 Rocky-Compute-8 systemd[1]: Activated swap /dev/mapper/rl_rocky--compute--8-swap.
-- Subject: Unit dev-mapper-rl_rocky\x2d\x2dcompute\x2d\x2d8\x2dswap.swap has finished start-up
-- Defined-By: systemd
-- Support: https://lists.freedesktop.org/mailman/listinfo/systemd-devel
-- 
-- Unit dev-mapper-rl_rocky\x2d\x2dcompute\x2d\x2d8\x2dswap.swap has finished starting up.
-- 
-- The start-up result is done.
Jan 08 07:48:57 Rocky-Compute-8 systemd[1]: Started Load/Save Random Seed.
-- Subject: Unit systemd-random-seed.service has finished start-up
-- Defined-By: systemd
-- Support: https://lists.freedesktop.org/mailman/listinfo/systemd-devel
-- 
-- Unit systemd-random-seed.service has finished starting up.
-- 
-- The start-up result is done.
Jan 08 07:48:57 Rocky-Compute-8 systemd[1]: Reached target Swap.
-- Subject: Unit swap.target has finished start-up
-- Defined-By: systemd
-- Support: https://lists.freedesktop.org/mailman/listinfo/systemd-devel
-- 
-- Unit swap.target has finished starting up.
-- 
-- The start-up result is done.
Jan 08 07:48:57 Rocky-Compute-8 systemd-journald[1110]: Runtime journal (/run/log/journal/419a75a53eb2465a960adee5086a91dd) is 8.0M, max 3.1G, 3.1G free.
-- Subject: Disk space used by the journal
-- Defined-By: systemd
-- Support: https://lists.freedesktop.org/mailman/listinfo/systemd-devel
-- 
-- Runtime journal (/run/log/journal/419a75a53eb2465a960adee5086a91dd) is currently using 8.0M.
-- Maximum allowed usage is set to 3.1G.
-- Leaving at least 4.0G free (of currently available 31.1G of disk space).
-- Enforced usage limit is thus 3.1G, of which 3.1G are still available.
-- 
-- The limits controlling how much disk space is used by the journal may
-- be configured with SystemMaxUse=, SystemKeepFree=, SystemMaxFileSize=,
-- RuntimeMaxUse=, RuntimeKeepFree=, RuntimeMaxFileSize= settings in
-- /etc/systemd/journald.conf. See journald.conf(5) for details.
Jan 08 07:48:57 Rocky-Compute-8 systemd-modules-load[1112]: Failed to insert 'ib_ipoib': Invalid argument
Jan 08 07:48:57 Rocky-Compute-8 systemd[1]: Started Create Static Device Nodes in /dev.
-- Subject: Unit systemd-tmpfiles-setup-dev.service has finished start-up
-- Defined-By: systemd
-- Support: https://lists.freedesktop.org/mailman/listinfo/systemd-devel
-- 
-- Unit systemd-tmpfiles-setup-dev.service has finished starting up.
-- 
-- The start-up result is done.
Jan 08 07:48:57 Rocky-Compute-8 systemd[1]: Starting udev Kernel Device Manager...
-- Subject: Unit systemd-udevd.service has begun start-up
-- Defined-By: systemd
-- Support: https://lists.freedesktop.org/mailman/listinfo/systemd-devel
-- 
-- Unit systemd-udevd.service has begun starting up.
Jan 08 07:48:57 Rocky-Compute-8 systemd[1]: Started Flush Journal to Persistent Storage.
-- Subject: Unit systemd-journal-flush.service has finished start-up
-- Defined-By: systemd
-- Support: https://lists.freedesktop.org/mailman/listinfo/systemd-devel
-- 
-- Unit systemd-journal-flush.service has finished starting up.
-- 
-- The start-up result is done.
Jan 08 07:48:57 Rocky-Compute-8 systemd[1]: Started Monitoring of LVM2 mirrors, snapshots etc. using dmeventd or progress polling.
-- Subject: Unit lvm2-monitor.service has finished start-up
-- Defined-By: systemd
-- Support: https://lists.freedesktop.org/mailman/listinfo/systemd-devel
-- 
-- Unit lvm2-monitor.service has finished starting up.
-- 
-- The start-up result is done.
Jan 08 07:48:57 Rocky-Compute-8 kernel: RPC: Registered named UNIX socket transport module.
Jan 08 07:48:57 Rocky-Compute-8 kernel: RPC: Registered udp transport module.
Jan 08 07:48:57 Rocky-Compute-8 kernel: RPC: Registered tcp transport module.
Jan 08 07:48:57 Rocky-Compute-8 kernel: RPC: Registered tcp NFSv4.1 backchannel transport module.
Jan 08 07:48:57 Rocky-Compute-8 kernel: libcfs: loading out-of-tree module taints kernel.
Jan 08 07:48:57 Rocky-Compute-8 kernel: LNet: HW NUMA nodes: 2, HW CPU cores: 48, npartitions: 2
Jan 08 07:48:57 Rocky-Compute-8 kernel: audit: type=1400 audit(1767876537.793:4): avc:  denied  { module_request } for  pid=1112 comm="systemd-modules" kmod="crc32c" scontext=system_u:system_r:systemd_modules_load_t:s0 tcontext=system_u:system_r:kernel_t:s0 tclass=system permissive=0
Jan 08 07:48:57 Rocky-Compute-8 kernel: alg: No test for adler32 (adler32-zlib)
Jan 08 07:48:57 Rocky-Compute-8 systemd[1]: systemd-vconsole-setup.service: Succeeded.
-- Subject: Unit succeeded
-- Defined-By: systemd
-- Support: https://lists.freedesktop.org/mailman/listinfo/systemd-devel
-- 
-- The unit systemd-vconsole-setup.service has successfully entered the 'dead' state.
Jan 08 07:48:57 Rocky-Compute-8 systemd[1]: Started Setup Virtual Console.
-- Subject: Unit systemd-vconsole-setup.service has finished start-up
-- Defined-By: systemd
-- Support: https://lists.freedesktop.org/mailman/listinfo/systemd-devel
-- 
-- Unit systemd-vconsole-setup.service has finished starting up.
-- 
-- The start-up result is done.
Jan 08 07:48:57 Rocky-Compute-8 systemd[1]: Started udev Kernel Device Manager.
-- Subject: Unit systemd-udevd.service has finished start-up
-- Defined-By: systemd
-- Support: https://lists.freedesktop.org/mailman/listinfo/systemd-devel
-- 
-- Unit systemd-udevd.service has finished starting up.
-- 
-- The start-up result is done.
Jan 08 07:48:57 Rocky-Compute-8 systemd[1]: Started udev Coldplug all Devices.
-- Subject: Unit systemd-udev-trigger.service has finished start-up
-- Defined-By: systemd
-- Support: https://lists.freedesktop.org/mailman/listinfo/systemd-devel
-- 
-- Unit systemd-udev-trigger.service has finished starting up.
-- 
-- The start-up result is done.
Jan 08 07:48:57 Rocky-Compute-8 systemd[1]: Starting udev Wait for Complete Device Initialization...
-- Subject: Unit systemd-udev-settle.service has begun start-up
-- Defined-By: systemd
-- Support: https://lists.freedesktop.org/mailman/listinfo/systemd-devel
-- 
-- Unit systemd-udev-settle.service has begun starting up.
Jan 08 07:48:58 Rocky-Compute-8 systemd-udevd[1236]: Using default interface naming scheme 'rhel-8.0'.
Jan 08 07:48:58 Rocky-Compute-8 systemd-udevd[1236]: link_config: autonegotiation is unset or enabled, the speed and duplex are not writable.
Jan 08 07:48:58 Rocky-Compute-8 systemd[1]: Condition check resulted in SAMSUNG_MZ7LF120 3 being skipped.
-- Subject: Unit dev-block-8:3.device has finished start-up
-- Defined-By: systemd
-- Support: https://lists.freedesktop.org/mailman/listinfo/systemd-devel
-- 
-- Unit dev-block-8:3.device has finished starting up.
-- 
-- The start-up result is done.
Jan 08 07:48:58 Rocky-Compute-8 kernel: audit: type=1400 audit(1767876538.043:5): avc:  denied  { module_request } for  pid=1112 comm="systemd-modules" kmod="crypto-crc32" scontext=system_u:system_r:systemd_modules_load_t:s0 tcontext=system_u:system_r:kernel_t:s0 tclass=system permissive=0
Jan 08 07:48:58 Rocky-Compute-8 kernel: audit: type=1400 audit(1767876538.043:6): avc:  denied  { module_request } for  pid=1112 comm="systemd-modules" kmod="crypto-crc32-all" scontext=system_u:system_r:systemd_modules_load_t:s0 tcontext=system_u:system_r:kernel_t:s0 tclass=system permissive=0
Jan 08 07:48:58 Rocky-Compute-8 kernel: audit: type=1400 audit(1767876538.043:7): avc:  denied  { module_request } for  pid=1112 comm="systemd-modules" kmod="cryptomgr" scontext=system_u:system_r:systemd_modules_load_t:s0 tcontext=system_u:system_r:kernel_t:s0 tclass=system permissive=0
Jan 08 07:48:58 Rocky-Compute-8 systemd[1]: Created slice system-lvm2\x2dpvscan.slice.
-- Subject: Unit system-lvm2\x2dpvscan.slice has finished start-up
-- Defined-By: systemd
-- Support: https://lists.freedesktop.org/mailman/listinfo/systemd-devel
-- 
-- Unit system-lvm2\x2dpvscan.slice has finished starting up.
-- 
-- The start-up result is done.
Jan 08 07:48:58 Rocky-Compute-8 systemd[1]: Starting LVM event activation on device 8:3...
-- Subject: Unit lvm2-pvscan@8:3.service has begun start-up
-- Defined-By: systemd
-- Support: https://lists.freedesktop.org/mailman/listinfo/systemd-devel
-- 
-- Unit lvm2-pvscan@8:3.service has begun starting up.
Jan 08 07:48:58 Rocky-Compute-8 lvm[1298]:   pvscan[1298] PV /dev/sda3 online, VG rl_rocky-compute-8 is complete.
Jan 08 07:48:58 Rocky-Compute-8 lvm[1298]:   pvscan[1298] VG rl_rocky-compute-8 run autoactivation.
Jan 08 07:48:58 Rocky-Compute-8 systemd-udevd[1203]: Using default interface naming scheme 'rhel-8.0'.
Jan 08 07:48:58 Rocky-Compute-8 systemd-udevd[1203]: link_config: autonegotiation is unset or enabled, the speed and duplex are not writable.
Jan 08 07:48:58 Rocky-Compute-8 kernel: ib_core: disagrees about version of symbol __netlink_dump_start
Jan 08 07:48:58 Rocky-Compute-8 kernel: ib_core: Unknown symbol __netlink_dump_start (err -22)
Jan 08 07:48:58 Rocky-Compute-8 kernel: input: PC Speaker as /devices/platform/pcspkr/input/input4
Jan 08 07:48:58 Rocky-Compute-8 kernel: IPMI message handler: version 39.2
Jan 08 07:48:58 Rocky-Compute-8 systemd-udevd[1173]: link_config: autonegotiation is unset or enabled, the speed and duplex are not writable.
Jan 08 07:48:58 Rocky-Compute-8 lvm[1298]:   3 logical volume(s) in volume group "rl_rocky-compute-8" now active
Jan 08 07:48:58 Rocky-Compute-8 systemd[1]: Found device /dev/mapper/rl_rocky--compute--8-home.
-- Subject: Unit dev-mapper-rl_rocky\x2d\x2dcompute\x2d\x2d8\x2dhome.device has finished start-up
-- Defined-By: systemd
-- Support: https://lists.freedesktop.org/mailman/listinfo/systemd-devel
-- 
-- Unit dev-mapper-rl_rocky\x2d\x2dcompute\x2d\x2d8\x2dhome.device has finished starting up.
-- 
-- The start-up result is done.
Jan 08 07:48:58 Rocky-Compute-8 kernel: power_meter ACPI000D:00: Found ACPI power meter.
Jan 08 07:48:58 Rocky-Compute-8 kernel: power_meter ACPI000D:00: Ignoring unsafe software power cap!
Jan 08 07:48:58 Rocky-Compute-8 kernel: Key type ._llcrypt registered
Jan 08 07:48:58 Rocky-Compute-8 kernel: Key type .llcrypt registered
Jan 08 07:48:58 Rocky-Compute-8 kernel: i801_smbus 0000:00:1f.3: enabling device (0000 -> 0003)
Jan 08 07:48:58 Rocky-Compute-8 kernel: i801_smbus 0000:00:1f.3: SMBus using PCI interrupt
Jan 08 07:48:58 Rocky-Compute-8 kernel: ib_core: disagrees about version of symbol __netlink_dump_start
Jan 08 07:48:58 Rocky-Compute-8 kernel: ib_core: Unknown symbol __netlink_dump_start (err -22)
Jan 08 07:48:58 Rocky-Compute-8 kernel: ioatdma: Intel(R) QuickData Technology Driver 5.00
Jan 08 07:48:58 Rocky-Compute-8 kernel: igb 0000:01:00.0: DCA enabled
Jan 08 07:48:58 Rocky-Compute-8 kernel: igb 0000:01:00.1: DCA enabled
Jan 08 07:48:58 Rocky-Compute-8 kernel: ipmi device interface
Jan 08 07:48:58 Rocky-Compute-8 systemd[1]: Started LVM event activation on device 8:3.
-- Subject: Unit lvm2-pvscan@8:3.service has finished start-up
-- Defined-By: systemd
-- Support: https://lists.freedesktop.org/mailman/listinfo/systemd-devel
-- 
-- Unit lvm2-pvscan@8:3.service has finished starting up.
-- 
-- The start-up result is done.
Jan 08 07:48:58 Rocky-Compute-8 kernel: ipmi_si: IPMI System Interface driver
Jan 08 07:48:58 Rocky-Compute-8 kernel: ipmi_si dmi-ipmi-si.0: ipmi_platform: probing via SMBIOS
Jan 08 07:48:58 Rocky-Compute-8 kernel: ipmi_platform: ipmi_si: SMBIOS: io 0xca2 regsize 1 spacing 1 irq 0
Jan 08 07:48:58 Rocky-Compute-8 kernel: ipmi_si: Adding SMBIOS-specified kcs state machine
Jan 08 07:48:58 Rocky-Compute-8 kernel: mei_me 0000:00:16.0: Device doesn't have valid ME Interface
Jan 08 07:48:58 Rocky-Compute-8 kernel: ipmi_si IPI0001:00: ipmi_platform: probing via ACPI
Jan 08 07:48:58 Rocky-Compute-8 kernel: ipmi_si IPI0001:00: ipmi_platform: [io  0x0ca2] regsize 1 spacing 1 irq 0
Jan 08 07:48:58 Rocky-Compute-8 kernel: RAPL PMU: API unit is 2^-32 Joules, 2 fixed counters, 655360 ms ovfl timer
Jan 08 07:48:58 Rocky-Compute-8 kernel: RAPL PMU: hw unit of domain package 2^-14 Joules
Jan 08 07:48:58 Rocky-Compute-8 kernel: RAPL PMU: hw unit of domain dram 2^-16 Joules
Jan 08 07:48:58 Rocky-Compute-8 kernel: Lustre: Lustre: Build Version: 2.15.4
Jan 08 07:48:58 Rocky-Compute-8 kernel: LNetError: 1112:0:(api-ni.c:2570:lnet_startup_lndnet()) Can't load LND o2ib, module ko2iblnd, rc=-13
Jan 08 07:48:58 Rocky-Compute-8 kernel: audit: type=1400 audit(1767876538.424:8): avc:  denied  { module_request } for  pid=1112 comm="systemd-modules" kmod="ko2iblnd" scontext=system_u:system_r:systemd_modules_load_t:s0 tcontext=system_u:system_r:kernel_t:s0 tclass=system permissive=0
Jan 08 07:48:58 Rocky-Compute-8 kernel: LustreError: 1112:0:(events.c:639:ptlrpc_init_portals()) network initialisation failed
Jan 08 07:48:58 Rocky-Compute-8 systemd-modules-load[1112]: Failed to insert 'lustre': Invalid argument
Jan 08 07:48:58 Rocky-Compute-8 systemd[1]: systemd-modules-load.service: Main process exited, code=exited, status=1/FAILURE
Jan 08 07:48:58 Rocky-Compute-8 kernel: ipmi_si dmi-ipmi-si.0: Removing SMBIOS-specified kcs state machine in favor of ACPI
Jan 08 07:48:58 Rocky-Compute-8 kernel: ipmi_si: Adding ACPI-specified kcs state machine
Jan 08 07:48:58 Rocky-Compute-8 kernel: ipmi_si: Trying ACPI-specified kcs state machine at i/o address 0xca2, slave address 0x20, irq 0
Jan 08 07:48:58 Rocky-Compute-8 systemd[1]: systemd-modules-load.service: Failed with result 'exit-code'.
-- Subject: Unit failed
-- Defined-By: systemd
-- Support: https://lists.freedesktop.org/mailman/listinfo/systemd-devel
-- 
-- The unit systemd-modules-load.service has entered the 'failed' state with result 'exit-code'.
Jan 08 07:48:58 Rocky-Compute-8 systemd[1]: Failed to start Load Kernel Modules.
-- Subject: Unit systemd-modules-load.service has failed
-- Defined-By: systemd
-- Support: https://lists.freedesktop.org/mailman/listinfo/systemd-devel
-- 
-- Unit systemd-modules-load.service has failed.
-- 
-- The result is failed.
Jan 08 07:48:58 Rocky-Compute-8 systemd[1]: Mounting FUSE Control File System...
-- Subject: Unit sys-fs-fuse-connections.mount has begun start-up
-- Defined-By: systemd
-- Support: https://lists.freedesktop.org/mailman/listinfo/systemd-devel
-- 
-- Unit sys-fs-fuse-connections.mount has begun starting up.
Jan 08 07:48:58 Rocky-Compute-8 systemd[1]: Starting Apply Kernel Variables...
-- Subject: Unit systemd-sysctl.service has begun start-up
-- Defined-By: systemd
-- Support: https://lists.freedesktop.org/mailman/listinfo/systemd-devel
-- 
-- Unit systemd-sysctl.service has begun starting up.
Jan 08 07:48:58 Rocky-Compute-8 systemd[1]: Mounted FUSE Control File System.
-- Subject: Unit sys-fs-fuse-connections.mount has finished start-up
-- Defined-By: systemd
-- Support: https://lists.freedesktop.org/mailman/listinfo/systemd-devel
-- 
-- Unit sys-fs-fuse-connections.mount has finished starting up.
-- 
-- The start-up result is done.
Jan 08 07:48:58 Rocky-Compute-8 systemd[1]: Started Apply Kernel Variables.
-- Subject: Unit systemd-sysctl.service has finished start-up
-- Defined-By: systemd
-- Support: https://lists.freedesktop.org/mailman/listinfo/systemd-devel
-- 
-- Unit systemd-sysctl.service has finished starting up.
-- 
-- The start-up result is done.
Jan 08 07:48:58 Rocky-Compute-8 kernel: EDAC sbridge: Seeking for: PCI ID 8086:6fa0
Jan 08 07:48:58 Rocky-Compute-8 kernel: EDAC sbridge: Seeking for: PCI ID 8086:6fa0
Jan 08 07:48:58 Rocky-Compute-8 kernel: EDAC sbridge: Seeking for: PCI ID 8086:6fa0
Jan 08 07:48:58 Rocky-Compute-8 kernel: EDAC sbridge: Seeking for: PCI ID 8086:6f60
Jan 08 07:48:58 Rocky-Compute-8 kernel: EDAC sbridge: Seeking for: PCI ID 8086:6f60
Jan 08 07:48:58 Rocky-Compute-8 kernel: EDAC sbridge: Seeking for: PCI ID 8086:6f60
Jan 08 07:48:58 Rocky-Compute-8 kernel: EDAC sbridge: Seeking for: PCI ID 8086:6fa8
Jan 08 07:48:58 Rocky-Compute-8 kernel: EDAC sbridge: Seeking for: PCI ID 8086:6fa8
Jan 08 07:48:58 Rocky-Compute-8 kernel: EDAC sbridge: Seeking for: PCI ID 8086:6fa8
Jan 08 07:48:58 Rocky-Compute-8 kernel: EDAC sbridge: Seeking for: PCI ID 8086:6f71
Jan 08 07:48:58 Rocky-Compute-8 kernel: EDAC sbridge: Seeking for: PCI ID 8086:6f71
Jan 08 07:48:58 Rocky-Compute-8 kernel: EDAC sbridge: Seeking for: PCI ID 8086:6f71
Jan 08 07:48:58 Rocky-Compute-8 kernel: EDAC sbridge: Seeking for: PCI ID 8086:6faa
Jan 08 07:48:58 Rocky-Compute-8 kernel: EDAC sbridge: Seeking for: PCI ID 8086:6faa
Jan 08 07:48:58 Rocky-Compute-8 kernel: EDAC sbridge: Seeking for: PCI ID 8086:6faa
Jan 08 07:48:58 Rocky-Compute-8 kernel: EDAC sbridge: Seeking for: PCI ID 8086:6fab
Jan 08 07:48:58 Rocky-Compute-8 kernel: EDAC sbridge: Seeking for: PCI ID 8086:6fab
Jan 08 07:48:58 Rocky-Compute-8 kernel: EDAC sbridge: Seeking for: PCI ID 8086:6fab
Jan 08 07:48:58 Rocky-Compute-8 kernel: EDAC sbridge: Seeking for: PCI ID 8086:6fac
Jan 08 07:48:58 Rocky-Compute-8 kernel: EDAC sbridge: Seeking for: PCI ID 8086:6fad
Jan 08 07:48:58 Rocky-Compute-8 kernel: EDAC sbridge: Seeking for: PCI ID 8086:6f68
Jan 08 07:48:58 Rocky-Compute-8 kernel: EDAC sbridge: Seeking for: PCI ID 8086:6f68
Jan 08 07:48:58 Rocky-Compute-8 kernel: EDAC sbridge: Seeking for: PCI ID 8086:6f68
Jan 08 07:48:58 Rocky-Compute-8 kernel: EDAC sbridge: Seeking for: PCI ID 8086:6f79
Jan 08 07:48:58 Rocky-Compute-8 kernel: EDAC sbridge: Seeking for: PCI ID 8086:6f79
Jan 08 07:48:58 Rocky-Compute-8 kernel: EDAC sbridge: Seeking for: PCI ID 8086:6f79
Jan 08 07:48:58 Rocky-Compute-8 kernel: EDAC sbridge: Seeking for: PCI ID 8086:6f6a
Jan 08 07:48:58 Rocky-Compute-8 kernel: EDAC sbridge: Seeking for: PCI ID 8086:6f6a
Jan 08 07:48:58 Rocky-Compute-8 kernel: EDAC sbridge: Seeking for: PCI ID 8086:6f6a
Jan 08 07:48:58 Rocky-Compute-8 kernel: EDAC sbridge: Seeking for: PCI ID 8086:6f6b
Jan 08 07:48:58 Rocky-Compute-8 kernel: EDAC sbridge: Seeking for: PCI ID 8086:6f6b
Jan 08 07:48:58 Rocky-Compute-8 kernel: EDAC sbridge: Seeking for: PCI ID 8086:6f6b
Jan 08 07:48:58 Rocky-Compute-8 kernel: EDAC sbridge: Seeking for: PCI ID 8086:6f6c
Jan 08 07:48:58 Rocky-Compute-8 kernel: EDAC sbridge: Seeking for: PCI ID 8086:6f6d
Jan 08 07:48:58 Rocky-Compute-8 kernel: EDAC sbridge: Seeking for: PCI ID 8086:6ffc
Jan 08 07:48:58 Rocky-Compute-8 kernel: EDAC sbridge: Seeking for: PCI ID 8086:6ffc
Jan 08 07:48:58 Rocky-Compute-8 kernel: EDAC sbridge: Seeking for: PCI ID 8086:6ffc
Jan 08 07:48:58 Rocky-Compute-8 kernel: EDAC sbridge: Seeking for: PCI ID 8086:6ffd
Jan 08 07:48:58 Rocky-Compute-8 kernel: EDAC sbridge: Seeking for: PCI ID 8086:6ffd
Jan 08 07:48:58 Rocky-Compute-8 kernel: EDAC sbridge: Seeking for: PCI ID 8086:6ffd
Jan 08 07:48:58 Rocky-Compute-8 kernel: EDAC sbridge: Seeking for: PCI ID 8086:6faf
Jan 08 07:48:58 Rocky-Compute-8 kernel: EDAC sbridge: Seeking for: PCI ID 8086:6faf
Jan 08 07:48:58 Rocky-Compute-8 kernel: EDAC sbridge: Seeking for: PCI ID 8086:6faf
Jan 08 07:48:58 Rocky-Compute-8 kernel: EDAC MC0: Giving out device to module sb_edac controller Broadwell SrcID#1_Ha#0: DEV 0000:ff:12.0 (INTERRUPT)
Jan 08 07:48:58 Rocky-Compute-8 kernel: EDAC MC1: Giving out device to module sb_edac controller Broadwell SrcID#0_Ha#0: DEV 0000:7f:12.0 (INTERRUPT)
Jan 08 07:48:58 Rocky-Compute-8 kernel: EDAC MC2: Giving out device to module sb_edac controller Broadwell SrcID#1_Ha#1: DEV 0000:ff:12.4 (INTERRUPT)
Jan 08 07:48:58 Rocky-Compute-8 kernel: EDAC MC3: Giving out device to module sb_edac controller Broadwell SrcID#0_Ha#1: DEV 0000:7f:12.4 (INTERRUPT)
Jan 08 07:48:58 Rocky-Compute-8 kernel: EDAC sbridge:  Ver: 1.1.2 
Jan 08 07:48:58 Rocky-Compute-8 kernel: intel_rapl_common: Found RAPL domain package
Jan 08 07:48:58 Rocky-Compute-8 kernel: intel_rapl_common: Found RAPL domain dram
Jan 08 07:48:58 Rocky-Compute-8 kernel: intel_rapl_common: DRAM domain energy unit 15300pj
Jan 08 07:48:58 Rocky-Compute-8 kernel: intel_rapl_common: Found RAPL domain package
Jan 08 07:48:58 Rocky-Compute-8 kernel: intel_rapl_common: Found RAPL domain dram
Jan 08 07:48:58 Rocky-Compute-8 kernel: intel_rapl_common: DRAM domain energy unit 15300pj
Jan 08 07:48:58 Rocky-Compute-8 kernel: ipmi_si IPI0001:00: IPMI message handler: Found new BMC (man_id: 0x002a7c, prod_id: 0x0858, dev_id: 0x20)
Jan 08 07:48:58 Rocky-Compute-8 kernel: ipmi_si IPI0001:00: IPMI kcs interface initialized
Jan 08 07:48:58 Rocky-Compute-8 kernel: ipmi_ssif: IPMI SSIF Interface driver
Jan 08 07:48:58 Rocky-Compute-8 systemd[1]: Started udev Wait for Complete Device Initialization.
-- Subject: Unit systemd-udev-settle.service has finished start-up
-- Defined-By: systemd
-- Support: https://lists.freedesktop.org/mailman/listinfo/systemd-devel
-- 
-- Unit systemd-udev-settle.service has finished starting up.
-- 
-- The start-up result is done.
Jan 08 07:48:58 Rocky-Compute-8 systemd[1]: Reached target Local File Systems (Pre).
-- Subject: Unit local-fs-pre.target has finished start-up
-- Defined-By: systemd
-- Support: https://lists.freedesktop.org/mailman/listinfo/systemd-devel
-- 
-- Unit local-fs-pre.target has finished starting up.
-- 
-- The start-up result is done.
Jan 08 07:48:58 Rocky-Compute-8 systemd[1]: Mounting /data/lustre/ost_1...
-- Subject: Unit data-lustre-ost_1.mount has begun start-up
-- Defined-By: systemd
-- Support: https://lists.freedesktop.org/mailman/listinfo/systemd-devel
-- 
-- Unit data-lustre-ost_1.mount has begun starting up.
Jan 08 07:48:58 Rocky-Compute-8 systemd[1]: Starting File System Check on /dev/disk/by-uuid/74E8-DF05...
-- Subject: Unit systemd-fsck@dev-disk-by\x2duuid-74E8\x2dDF05.service has begun start-up
-- Defined-By: systemd
-- Support: https://lists.freedesktop.org/mailman/listinfo/systemd-devel
-- 
-- Unit systemd-fsck@dev-disk-by\x2duuid-74E8\x2dDF05.service has begun starting up.
Jan 08 07:48:58 Rocky-Compute-8 systemd[1]: Mounting /boot...
-- Subject: Unit boot.mount has begun start-up
-- Defined-By: systemd
-- Support: https://lists.freedesktop.org/mailman/listinfo/systemd-devel
-- 
-- Unit boot.mount has begun starting up.
Jan 08 07:48:58 Rocky-Compute-8 systemd[1]: Mounting /home...
-- Subject: Unit home.mount has begun start-up
-- Defined-By: systemd
-- Support: https://lists.freedesktop.org/mailman/listinfo/systemd-devel
-- 
-- Unit home.mount has begun starting up.
Jan 08 07:48:58 Rocky-Compute-8 systemd[1]: Mounting /data/lustre/ost_0...
-- Subject: Unit data-lustre-ost_0.mount has begun start-up
-- Defined-By: systemd
-- Support: https://lists.freedesktop.org/mailman/listinfo/systemd-devel
-- 
-- Unit data-lustre-ost_0.mount has begun starting up.
Jan 08 07:48:58 Rocky-Compute-8 kernel: XFS (sdc): Mounting V5 Filesystem
Jan 08 07:48:58 Rocky-Compute-8 kernel: XFS (sda2): Mounting V5 Filesystem
Jan 08 07:48:58 Rocky-Compute-8 kernel: XFS (dm-2): Mounting V5 Filesystem
Jan 08 07:48:58 Rocky-Compute-8 kernel: XFS (sdb): Invalid superblock magic number
Jan 08 07:48:58 Rocky-Compute-8 kernel: XFS (sdc): Ending clean mount
Jan 08 07:48:58 Rocky-Compute-8 systemd[1]: Mounted /data/lustre/ost_1.
-- Subject: Unit data-lustre-ost_1.mount has finished start-up
-- Defined-By: systemd
-- Support: https://lists.freedesktop.org/mailman/listinfo/systemd-devel
-- 
-- Unit data-lustre-ost_1.mount has finished starting up.
-- 
-- The start-up result is done.
Jan 08 07:48:58 Rocky-Compute-8 mount[1472]: mount: /data/lustre/ost_0: wrong fs type, bad option, bad superblock on /dev/sdb, missing codepage or helper program, or other error.
Jan 08 07:48:58 Rocky-Compute-8 systemd[1]: data-lustre-ost_0.mount: Mount process exited, code=exited status=32
Jan 08 07:48:58 Rocky-Compute-8 systemd[1]: data-lustre-ost_0.mount: Failed with result 'exit-code'.
-- Subject: Unit failed
-- Defined-By: systemd
-- Support: https://lists.freedesktop.org/mailman/listinfo/systemd-devel
-- 
-- The unit data-lustre-ost_0.mount has entered the 'failed' state with result 'exit-code'.
Jan 08 07:48:58 Rocky-Compute-8 systemd[1]: Failed to mount /data/lustre/ost_0.
-- Subject: Unit data-lustre-ost_0.mount has failed
-- Defined-By: systemd
-- Support: https://lists.freedesktop.org/mailman/listinfo/systemd-devel
-- 
-- Unit data-lustre-ost_0.mount has failed.
-- 
-- The result is failed.
Jan 08 07:48:58 Rocky-Compute-8 systemd[1]: Dependency failed for Local File Systems.
-- Subject: Unit local-fs.target has failed
-- Defined-By: systemd
-- Support: https://lists.freedesktop.org/mailman/listinfo/systemd-devel
-- 
-- Unit local-fs.target has failed.
-- 
-- The result is dependency.
Jan 08 07:48:58 Rocky-Compute-8 systemd[1]: Dependency failed for Mark the need to relabel after reboot.
-- Subject: Unit selinux-autorelabel-mark.service has failed
-- Defined-By: systemd
-- Support: https://lists.freedesktop.org/mailman/listinfo/systemd-devel
-- 
-- Unit selinux-autorelabel-mark.service has failed.
-- 
-- The result is dependency.
Jan 08 07:48:58 Rocky-Compute-8 systemd[1]: selinux-autorelabel-mark.service: Job selinux-autorelabel-mark.service/start failed with result 'dependency'.
Jan 08 07:48:58 Rocky-Compute-8 systemd[1]: local-fs.target: Job local-fs.target/start failed with result 'dependency'.
Jan 08 07:48:58 Rocky-Compute-8 systemd[1]: local-fs.target: Triggering OnFailure= dependencies.
Jan 08 07:48:58 Rocky-Compute-8 systemd[1]: Reached target Login Prompts.
-- Subject: Unit getty.target has finished start-up
-- Defined-By: systemd
-- Support: https://lists.freedesktop.org/mailman/listinfo/systemd-devel
-- 
-- Unit getty.target has finished starting up.
-- 
-- The start-up result is done.
Jan 08 07:48:58 Rocky-Compute-8 systemd[1]: Reached target User and Group Name Lookups.
-- Subject: Unit nss-user-lookup.target has finished start-up
-- Defined-By: systemd
-- Support: https://lists.freedesktop.org/mailman/listinfo/systemd-devel
-- 
-- Unit nss-user-lookup.target has finished starting up.
-- 
-- The start-up result is done.
Jan 08 07:48:58 Rocky-Compute-8 systemd[1]: Reached target Network (Pre).
-- Subject: Unit network-pre.target has finished start-up
-- Defined-By: systemd
-- Support: https://lists.freedesktop.org/mailman/listinfo/systemd-devel
-- 
-- Unit network-pre.target has finished starting up.
-- 
-- The start-up result is done.
Jan 08 07:48:58 Rocky-Compute-8 systemd[1]: Reached target Network.
-- Subject: Unit network.target has finished start-up
-- Defined-By: systemd
-- Support: https://lists.freedesktop.org/mailman/listinfo/systemd-devel
-- 
-- Unit network.target has finished starting up.
-- 
-- The start-up result is done.
Jan 08 07:48:58 Rocky-Compute-8 systemd[1]: Starting Logout off all iSCSI sessions on shutdown...
-- Subject: Unit iscsi-shutdown.service has begun start-up
-- Defined-By: systemd
-- Support: https://lists.freedesktop.org/mailman/listinfo/systemd-devel
-- 
-- Unit iscsi-shutdown.service has begun starting up.
Jan 08 07:48:58 Rocky-Compute-8 systemd[1]: Reached target Network is Online.
-- Subject: Unit network-online.target has finished start-up
-- Defined-By: systemd
-- Support: https://lists.freedesktop.org/mailman/listinfo/systemd-devel
-- 
-- Unit network-online.target has finished starting up.
-- 
-- The start-up result is done.
Jan 08 07:48:58 Rocky-Compute-8 systemd[1]: Reached target Timers.
-- Subject: Unit timers.target has finished start-up
-- Defined-By: systemd
-- Support: https://lists.freedesktop.org/mailman/listinfo/systemd-devel
-- 
-- Unit timers.target has finished starting up.
-- 
-- The start-up result is done.
Jan 08 07:48:58 Rocky-Compute-8 systemd[1]: Reached target Sockets.
-- Subject: Unit sockets.target has finished start-up
-- Defined-By: systemd
-- Support: https://lists.freedesktop.org/mailman/listinfo/systemd-devel
-- 
-- Unit sockets.target has finished starting up.
-- 
-- The start-up result is done.
Jan 08 07:48:58 Rocky-Compute-8 systemd[1]: Starting Import network configuration from initramfs...
-- Subject: Unit import-state.service has begun start-up
-- Defined-By: systemd
-- Support: https://lists.freedesktop.org/mailman/listinfo/systemd-devel
-- 
-- Unit import-state.service has begun starting up.
Jan 08 07:48:58 Rocky-Compute-8 systemd[1]: Starting Tell Plymouth To Write Out Runtime Data...
-- Subject: Unit plymouth-read-write.service has begun start-up
-- Defined-By: systemd
-- Support: https://lists.freedesktop.org/mailman/listinfo/systemd-devel
-- 
-- Unit plymouth-read-write.service has begun starting up.
Jan 08 07:48:58 Rocky-Compute-8 systemd[1]: Started Logout off all iSCSI sessions on shutdown.
-- Subject: Unit iscsi-shutdown.service has finished start-up
-- Defined-By: systemd
-- Support: https://lists.freedesktop.org/mailman/listinfo/systemd-devel
-- 
-- Unit iscsi-shutdown.service has finished starting up.
-- 
-- The start-up result is done.
Jan 08 07:48:58 Rocky-Compute-8 systemd[1]: Reached target Remote File Systems (Pre).
-- Subject: Unit remote-fs-pre.target has finished start-up
-- Defined-By: systemd
-- Support: https://lists.freedesktop.org/mailman/listinfo/systemd-devel
-- 
-- Unit remote-fs-pre.target has finished starting up.
-- 
-- The start-up result is done.
Jan 08 07:48:58 Rocky-Compute-8 systemd[1]: Reached target Remote File Systems.
-- Subject: Unit remote-fs.target has finished start-up
-- Defined-By: systemd
-- Support: https://lists.freedesktop.org/mailman/listinfo/systemd-devel
-- 
-- Unit remote-fs.target has finished starting up.
-- 
-- The start-up result is done.
Jan 08 07:48:58 Rocky-Compute-8 systemd[1]: Starting Crash recovery kernel arming...
-- Subject: Unit kdump.service has begun start-up
-- Defined-By: systemd
-- Support: https://lists.freedesktop.org/mailman/listinfo/systemd-devel
-- 
-- Unit kdump.service has begun starting up.
Jan 08 07:48:58 Rocky-Compute-8 kernel: XFS (dm-2): Ending clean mount
Jan 08 07:48:58 Rocky-Compute-8 kernel: XFS (sda2): Ending clean mount
Jan 08 07:48:58 Rocky-Compute-8 systemd[1]: Mounted /boot.
-- Subject: Unit boot.mount has finished start-up
-- Defined-By: systemd
-- Support: https://lists.freedesktop.org/mailman/listinfo/systemd-devel
-- 
-- Unit boot.mount has finished starting up.
-- 
-- The start-up result is done.
Jan 08 07:48:58 Rocky-Compute-8 systemd[1]: Mounted /home.
-- Subject: Unit home.mount has finished start-up
-- Defined-By: systemd
-- Support: https://lists.freedesktop.org/mailman/listinfo/systemd-devel
-- 
-- Unit home.mount has finished starting up.
-- 
-- The start-up result is done.
Jan 08 07:48:58 Rocky-Compute-8 systemd[1]: Received SIGRTMIN+20 from PID 806 (plymouthd).
Jan 08 07:48:58 Rocky-Compute-8 systemd[1]: Started Tell Plymouth To Write Out Runtime Data.
-- Subject: Unit plymouth-read-write.service has finished start-up
-- Defined-By: systemd
-- Support: https://lists.freedesktop.org/mailman/listinfo/systemd-devel
-- 
-- Unit plymouth-read-write.service has finished starting up.
-- 
-- The start-up result is done.
Jan 08 07:48:58 Rocky-Compute-8 systemd-fsck[1499]: fsck.fat 4.1 (2017-01-24)
Jan 08 07:48:58 Rocky-Compute-8 systemd-fsck[1499]: /dev/sda1: 13 files, 1485/153296 clusters
Jan 08 07:48:58 Rocky-Compute-8 systemd[1]: Started File System Check on /dev/disk/by-uuid/74E8-DF05.
-- Subject: Unit systemd-fsck@dev-disk-by\x2duuid-74E8\x2dDF05.service has finished start-up
-- Defined-By: systemd
-- Support: https://lists.freedesktop.org/mailman/listinfo/systemd-devel
-- 
-- Unit systemd-fsck@dev-disk-by\x2duuid-74E8\x2dDF05.service has finished starting up.
-- 
-- The start-up result is done.
Jan 08 07:48:58 Rocky-Compute-8 systemd[1]: Mounting /boot/efi...
-- Subject: Unit boot-efi.mount has begun start-up
-- Defined-By: systemd
-- Support: https://lists.freedesktop.org/mailman/listinfo/systemd-devel
-- 
-- Unit boot-efi.mount has begun starting up.
Jan 08 07:48:58 Rocky-Compute-8 systemd[1]: Started Import network configuration from initramfs.
-- Subject: Unit import-state.service has finished start-up
-- Defined-By: systemd
-- Support: https://lists.freedesktop.org/mailman/listinfo/systemd-devel
-- 
-- Unit import-state.service has finished starting up.
-- 
-- The start-up result is done.
Jan 08 07:48:58 Rocky-Compute-8 systemd[1]: Started Emergency Shell.
-- Subject: Unit emergency.service has finished start-up
-- Defined-By: systemd
-- Support: https://lists.freedesktop.org/mailman/listinfo/systemd-devel
-- 
-- Unit emergency.service has finished starting up.
-- 
-- The start-up result is done.
Jan 08 07:48:58 Rocky-Compute-8 systemd[1]: Reached target Emergency Mode.
-- Subject: Unit emergency.target has finished start-up
-- Defined-By: systemd
-- Support: https://lists.freedesktop.org/mailman/listinfo/systemd-devel
-- 
-- Unit emergency.target has finished starting up.
-- 
-- The start-up result is done.
Jan 08 07:48:58 Rocky-Compute-8 systemd[1]: Starting Create Volatile Files and Directories...
-- Subject: Unit systemd-tmpfiles-setup.service has begun start-up
-- Defined-By: systemd
-- Support: https://lists.freedesktop.org/mailman/listinfo/systemd-devel
-- 
-- Unit systemd-tmpfiles-setup.service has begun starting up.
Jan 08 07:48:58 Rocky-Compute-8 systemd[1]: Mounted /boot/efi.
-- Subject: Unit boot-efi.mount has finished start-up
-- Defined-By: systemd
-- Support: https://lists.freedesktop.org/mailman/listinfo/systemd-devel
-- 
-- Unit boot-efi.mount has finished starting up.
-- 
-- The start-up result is done.
Jan 08 07:48:58 Rocky-Compute-8 systemd[1]: Started Create Volatile Files and Directories.
-- Subject: Unit systemd-tmpfiles-setup.service has finished start-up
-- Defined-By: systemd
-- Support: https://lists.freedesktop.org/mailman/listinfo/systemd-devel
-- 
-- Unit systemd-tmpfiles-setup.service has finished starting up.
-- 
-- The start-up result is done.
Jan 08 07:48:58 Rocky-Compute-8 systemd[1]: Starting Security Auditing Service...
-- Subject: Unit auditd.service has begun start-up
-- Defined-By: systemd
-- Support: https://lists.freedesktop.org/mailman/listinfo/systemd-devel
-- 
-- Unit auditd.service has begun starting up.
Jan 08 07:48:58 Rocky-Compute-8 auditd[1583]: audit dispatcher initialized with q_depth=2000 and 1 active plugins
Jan 08 07:48:58 Rocky-Compute-8 auditd[1583]: Init complete, auditd 3.1.2 listening for events (startup state enable)
Jan 08 07:48:58 Rocky-Compute-8 augenrules[1590]: /sbin/augenrules: No change
Jan 08 07:48:58 Rocky-Compute-8 augenrules[1627]: No rules
Jan 08 07:48:58 Rocky-Compute-8 augenrules[1627]: enabled 1
Jan 08 07:48:58 Rocky-Compute-8 augenrules[1627]: failure 1
Jan 08 07:48:58 Rocky-Compute-8 augenrules[1627]: pid 1583
Jan 08 07:48:58 Rocky-Compute-8 augenrules[1627]: rate_limit 0
Jan 08 07:48:58 Rocky-Compute-8 augenrules[1627]: backlog_limit 8192
Jan 08 07:48:58 Rocky-Compute-8 augenrules[1627]: lost 0
Jan 08 07:48:58 Rocky-Compute-8 augenrules[1627]: backlog 4
Jan 08 07:48:58 Rocky-Compute-8 augenrules[1627]: backlog_wait_time 60000
Jan 08 07:48:58 Rocky-Compute-8 augenrules[1627]: backlog_wait_time_actual 0
Jan 08 07:48:58 Rocky-Compute-8 augenrules[1627]: enabled 1
Jan 08 07:48:58 Rocky-Compute-8 augenrules[1627]: failure 1
Jan 08 07:48:58 Rocky-Compute-8 augenrules[1627]: pid 1583
Jan 08 07:48:58 Rocky-Compute-8 augenrules[1627]: rate_limit 0
Jan 08 07:48:58 Rocky-Compute-8 augenrules[1627]: backlog_limit 8192
Jan 08 07:48:58 Rocky-Compute-8 augenrules[1627]: lost 0
Jan 08 07:48:58 Rocky-Compute-8 augenrules[1627]: backlog 0
Jan 08 07:48:58 Rocky-Compute-8 augenrules[1627]: backlog_wait_time 60000
Jan 08 07:48:58 Rocky-Compute-8 augenrules[1627]: backlog_wait_time_actual 0
Jan 08 07:48:58 Rocky-Compute-8 augenrules[1627]: enabled 1
Jan 08 07:48:58 Rocky-Compute-8 augenrules[1627]: failure 1
Jan 08 07:48:58 Rocky-Compute-8 augenrules[1627]: pid 1583
Jan 08 07:48:58 Rocky-Compute-8 augenrules[1627]: rate_limit 0
Jan 08 07:48:58 Rocky-Compute-8 augenrules[1627]: backlog_limit 8192
Jan 08 07:48:58 Rocky-Compute-8 augenrules[1627]: lost 0
Jan 08 07:48:58 Rocky-Compute-8 augenrules[1627]: backlog 0
Jan 08 07:48:58 Rocky-Compute-8 augenrules[1627]: backlog_wait_time 60000
Jan 08 07:48:58 Rocky-Compute-8 augenrules[1627]: backlog_wait_time_actual 0
Jan 08 07:48:58 Rocky-Compute-8 systemd[1]: Started Security Auditing Service.
-- Subject: Unit auditd.service has finished start-up
-- Defined-By: systemd
-- Support: https://lists.freedesktop.org/mailman/listinfo/systemd-devel
-- 
-- Unit auditd.service has finished starting up.
-- 
-- The start-up result is done.
Jan 08 07:48:58 Rocky-Compute-8 systemd[1]: Starting Update UTMP about System Boot/Shutdown...
-- Subject: Unit systemd-update-utmp.service has begun start-up
-- Defined-By: systemd
-- Support: https://lists.freedesktop.org/mailman/listinfo/systemd-devel
-- 
-- Unit systemd-update-utmp.service has begun starting up.
Jan 08 07:48:58 Rocky-Compute-8 systemd[1]: Started Update UTMP about System Boot/Shutdown.
-- Subject: Unit systemd-update-utmp.service has finished start-up
-- Defined-By: systemd
-- Support: https://lists.freedesktop.org/mailman/listinfo/systemd-devel
-- 
-- Unit systemd-update-utmp.service has finished starting up.
-- 
-- The start-up result is done.
Jan 08 07:48:58 Rocky-Compute-8 systemd[1]: Starting Update UTMP about System Runlevel Changes...
-- Subject: Unit systemd-update-utmp-runlevel.service has begun start-up
-- Defined-By: systemd
-- Support: https://lists.freedesktop.org/mailman/listinfo/systemd-devel
-- 
-- Unit systemd-update-utmp-runlevel.service has begun starting up.
Jan 08 07:48:58 Rocky-Compute-8 systemd[1]: systemd-update-utmp-runlevel.service: Succeeded.
-- Subject: Unit succeeded
-- Defined-By: systemd
-- Support: https://lists.freedesktop.org/mailman/listinfo/systemd-devel
-- 
-- The unit systemd-update-utmp-runlevel.service has successfully entered the 'dead' state.
Jan 08 07:48:58 Rocky-Compute-8 systemd[1]: Started Update UTMP about System Runlevel Changes.
-- Subject: Unit systemd-update-utmp-runlevel.service has finished start-up
-- Defined-By: systemd
-- Support: https://lists.freedesktop.org/mailman/listinfo/systemd-devel
-- 
-- Unit systemd-update-utmp-runlevel.service has finished starting up.
-- 
-- The start-up result is done.
Jan 08 07:49:02 Rocky-Compute-8 kernel: alg: No test for pkcs1pad(rsa,sha1) (pkcs1pad(rsa-generic,sha1))
Jan 08 07:49:02 Rocky-Compute-8 kernel: PKCS7: Message signed outside of X.509 validity window
Jan 08 07:49:02 Rocky-Compute-8 kdumpctl[1517]: kdump: kexec: loaded kdump kernel
Jan 08 07:49:02 Rocky-Compute-8 kdumpctl[1517]: kdump: Starting kdump: [OK]
Jan 08 07:49:02 Rocky-Compute-8 systemd[1]: Started Crash recovery kernel arming.
-- Subject: Unit kdump.service has finished start-up
-- Defined-By: systemd
-- Support: https://lists.freedesktop.org/mailman/listinfo/systemd-devel
-- 
-- Unit kdump.service has finished starting up.
-- 
-- The start-up result is done.
Jan 08 07:49:02 Rocky-Compute-8 systemd[1]: Startup finished in 1.325s (kernel) + 1.734s (initrd) + 5.209s (userspace) = 8.269s.
-- Subject: System start-up is now complete
-- Defined-By: systemd
-- Support: https://lists.freedesktop.org/mailman/listinfo/systemd-devel
-- 
-- All system services necessary queued for starting at boot have been
-- started. Note that this does not mean that the machine is now idle as services
-- might still be busy with completing start-up.
-- 
-- Kernel start-up required 1325656 microseconds.
-- 
-- Initial RAM disk start-up required 1734193 microseconds.
-- 
-- Userspace start-up required 5209973 microseconds.
Jan 08 07:49:02 Rocky-Compute-8 systemd[1]: Received SIGRTMIN+21 from PID 806 (plymouthd).
Jan 08 07:49:27 Rocky-Compute-8 opensm-launch[1976]: -------------------------------------------------
Jan 08 07:49:27 Rocky-Compute-8 opensm-launch[1976]: OpenSM 3.3.24
Jan 08 07:49:27 Rocky-Compute-8 opensm-launch[1976]:  Reading Cached Option File: /etc/rdma/opensm.conf
Jan 08 07:49:27 Rocky-Compute-8 opensm-launch[1976]: Command Line Arguments:
Jan 08 07:49:27 Rocky-Compute-8 opensm-launch[1976]:  Log File: /var/log/opensm.log
Jan 08 07:49:27 Rocky-Compute-8 opensm-launch[1976]: -------------------------------------------------
Jan 08 07:49:27 Rocky-Compute-8 OpenSM[1976]: /var/log/opensm.log log file opened
Jan 08 07:49:27 Rocky-Compute-8 OpenSM[1976]: OpenSM 3.3.24
Jan 08 07:49:27 Rocky-Compute-8 opensm-launch[1976]: OpenSM 3.3.24
Jan 08 07:49:27 Rocky-Compute-8 opensm-launch[1976]: No local ports detected!
Jan 08 07:49:57 Rocky-Compute-8 opensm-launch[2028]: -------------------------------------------------
Jan 08 07:49:57 Rocky-Compute-8 opensm-launch[2028]: OpenSM 3.3.24
Jan 08 07:49:57 Rocky-Compute-8 opensm-launch[2028]:  Reading Cached Option File: /etc/rdma/opensm.conf
Jan 08 07:49:57 Rocky-Compute-8 opensm-launch[2028]: Command Line Arguments:
Jan 08 07:49:57 Rocky-Compute-8 opensm-launch[2028]:  Log File: /var/log/opensm.log
Jan 08 07:49:57 Rocky-Compute-8 opensm-launch[2028]: -------------------------------------------------
Jan 08 07:49:57 Rocky-Compute-8 opensm-launch[2028]: OpenSM 3.3.24
Jan 08 07:49:57 Rocky-Compute-8 OpenSM[2028]: /var/log/opensm.log log file opened
Jan 08 07:49:57 Rocky-Compute-8 OpenSM[2028]: OpenSM 3.3.24
Jan 08 07:49:57 Rocky-Compute-8 opensm-launch[2028]: No local ports detected!
Jan 08 07:50:27 Rocky-Compute-8 opensm-launch[2080]: -------------------------------------------------
Jan 08 07:50:27 Rocky-Compute-8 opensm-launch[2080]: OpenSM 3.3.24
Jan 08 07:50:27 Rocky-Compute-8 opensm-launch[2080]:  Reading Cached Option File: /etc/rdma/opensm.conf
Jan 08 07:50:27 Rocky-Compute-8 opensm-launch[2080]: Command Line Arguments:
Jan 08 07:50:27 Rocky-Compute-8 opensm-launch[2080]:  Log File: /var/log/opensm.log
Jan 08 07:50:27 Rocky-Compute-8 opensm-launch[2080]: -------------------------------------------------
Jan 08 07:50:27 Rocky-Compute-8 opensm-launch[2080]: OpenSM 3.3.24
Jan 08 07:50:27 Rocky-Compute-8 OpenSM[2080]: /var/log/opensm.log log file opened
Jan 08 07:50:27 Rocky-Compute-8 OpenSM[2080]: OpenSM 3.3.24
Jan 08 07:50:27 Rocky-Compute-8 opensm-launch[2080]: No local ports detected!
Jan 08 07:50:57 Rocky-Compute-8 opensm-launch[2132]: -------------------------------------------------
Jan 08 07:50:57 Rocky-Compute-8 opensm-launch[2132]: OpenSM 3.3.24
Jan 08 07:50:57 Rocky-Compute-8 opensm-launch[2132]:  Reading Cached Option File: /etc/rdma/opensm.conf
Jan 08 07:50:57 Rocky-Compute-8 opensm-launch[2132]: Command Line Arguments:
Jan 08 07:50:57 Rocky-Compute-8 opensm-launch[2132]:  Log File: /var/log/opensm.log
Jan 08 07:50:57 Rocky-Compute-8 opensm-launch[2132]: -------------------------------------------------
Jan 08 07:50:57 Rocky-Compute-8 opensm-launch[2132]: OpenSM 3.3.24
Jan 08 07:50:57 Rocky-Compute-8 OpenSM[2132]: /var/log/opensm.log log file opened
Jan 08 07:50:57 Rocky-Compute-8 OpenSM[2132]: OpenSM 3.3.24
Jan 08 07:50:57 Rocky-Compute-8 opensm-launch[2132]: No local ports detected!
Jan 08 07:51:27 Rocky-Compute-8 opensm-launch[2184]: -------------------------------------------------
Jan 08 07:51:27 Rocky-Compute-8 opensm-launch[2184]: OpenSM 3.3.24
Jan 08 07:51:27 Rocky-Compute-8 opensm-launch[2184]:  Reading Cached Option File: /etc/rdma/opensm.conf
Jan 08 07:51:27 Rocky-Compute-8 opensm-launch[2184]: Command Line Arguments:
Jan 08 07:51:27 Rocky-Compute-8 opensm-launch[2184]:  Log File: /var/log/opensm.log
Jan 08 07:51:27 Rocky-Compute-8 opensm-launch[2184]: -------------------------------------------------
Jan 08 07:51:27 Rocky-Compute-8 opensm-launch[2184]: OpenSM 3.3.24
Jan 08 07:51:27 Rocky-Compute-8 OpenSM[2184]: /var/log/opensm.log log file opened
Jan 08 07:51:27 Rocky-Compute-8 OpenSM[2184]: OpenSM 3.3.24
Jan 08 07:51:27 Rocky-Compute-8 opensm-launch[2184]: No local ports detected!
Jan 08 07:51:57 Rocky-Compute-8 opensm-launch[2236]: -------------------------------------------------
Jan 08 07:51:57 Rocky-Compute-8 opensm-launch[2236]: OpenSM 3.3.24
Jan 08 07:51:57 Rocky-Compute-8 opensm-launch[2236]:  Reading Cached Option File: /etc/rdma/opensm.conf
Jan 08 07:51:57 Rocky-Compute-8 opensm-launch[2236]: Command Line Arguments:
Jan 08 07:51:57 Rocky-Compute-8 opensm-launch[2236]:  Log File: /var/log/opensm.log
Jan 08 07:51:57 Rocky-Compute-8 opensm-launch[2236]: -------------------------------------------------
Jan 08 07:51:57 Rocky-Compute-8 opensm-launch[2236]: OpenSM 3.3.24
Jan 08 07:51:57 Rocky-Compute-8 OpenSM[2236]: /var/log/opensm.log log file opened
Jan 08 07:51:57 Rocky-Compute-8 OpenSM[2236]: OpenSM 3.3.24
Jan 08 07:51:57 Rocky-Compute-8 opensm-launch[2236]: No local ports detected!
Jan 08 07:52:27 Rocky-Compute-8 opensm-launch[2288]: -------------------------------------------------
Jan 08 07:52:27 Rocky-Compute-8 opensm-launch[2288]: OpenSM 3.3.24
Jan 08 07:52:27 Rocky-Compute-8 opensm-launch[2288]:  Reading Cached Option File: /etc/rdma/opensm.conf
Jan 08 07:52:27 Rocky-Compute-8 opensm-launch[2288]: Command Line Arguments:
Jan 08 07:52:27 Rocky-Compute-8 opensm-launch[2288]:  Log File: /var/log/opensm.log
Jan 08 07:52:27 Rocky-Compute-8 opensm-launch[2288]: -------------------------------------------------
Jan 08 07:52:27 Rocky-Compute-8 opensm-launch[2288]: OpenSM 3.3.24
Jan 08 07:52:27 Rocky-Compute-8 OpenSM[2288]: /var/log/opensm.log log file opened
Jan 08 07:52:27 Rocky-Compute-8 OpenSM[2288]: OpenSM 3.3.24
Jan 08 07:52:27 Rocky-Compute-8 opensm-launch[2288]: No local ports detected!
Jan 08 07:52:57 Rocky-Compute-8 opensm-launch[2340]: -------------------------------------------------
Jan 08 07:52:57 Rocky-Compute-8 opensm-launch[2340]: OpenSM 3.3.24
Jan 08 07:52:57 Rocky-Compute-8 opensm-launch[2340]:  Reading Cached Option File: /etc/rdma/opensm.conf
Jan 08 07:52:57 Rocky-Compute-8 opensm-launch[2340]: Command Line Arguments:
Jan 08 07:52:57 Rocky-Compute-8 opensm-launch[2340]:  Log File: /var/log/opensm.log
Jan 08 07:52:57 Rocky-Compute-8 opensm-launch[2340]: -------------------------------------------------
Jan 08 07:52:57 Rocky-Compute-8 OpenSM[2340]: /var/log/opensm.log log file opened
Jan 08 07:52:57 Rocky-Compute-8 opensm-launch[2340]: OpenSM 3.3.24
Jan 08 07:52:57 Rocky-Compute-8 OpenSM[2340]: OpenSM 3.3.24
Jan 08 07:52:57 Rocky-Compute-8 opensm-launch[2340]: No local ports detected!
Jan 08 07:53:27 Rocky-Compute-8 opensm-launch[2392]: -------------------------------------------------
Jan 08 07:53:27 Rocky-Compute-8 opensm-launch[2392]: OpenSM 3.3.24
Jan 08 07:53:27 Rocky-Compute-8 opensm-launch[2392]:  Reading Cached Option File: /etc/rdma/opensm.conf
Jan 08 07:53:27 Rocky-Compute-8 opensm-launch[2392]: Command Line Arguments:
Jan 08 07:53:27 Rocky-Compute-8 opensm-launch[2392]:  Log File: /var/log/opensm.log
Jan 08 07:53:27 Rocky-Compute-8 opensm-launch[2392]: -------------------------------------------------
Jan 08 07:53:27 Rocky-Compute-8 opensm-launch[2392]: OpenSM 3.3.24
Jan 08 07:53:27 Rocky-Compute-8 OpenSM[2392]: /var/log/opensm.log log file opened
Jan 08 07:53:27 Rocky-Compute-8 OpenSM[2392]: OpenSM 3.3.24
Jan 08 07:53:27 Rocky-Compute-8 opensm-launch[2392]: No local ports detected!
Jan 08 07:53:57 Rocky-Compute-8 opensm-launch[2444]: -------------------------------------------------
Jan 08 07:53:57 Rocky-Compute-8 opensm-launch[2444]: OpenSM 3.3.24
Jan 08 07:53:57 Rocky-Compute-8 opensm-launch[2444]:  Reading Cached Option File: /etc/rdma/opensm.conf
Jan 08 07:53:57 Rocky-Compute-8 opensm-launch[2444]: Command Line Arguments:
Jan 08 07:53:57 Rocky-Compute-8 opensm-launch[2444]:  Log File: /var/log/opensm.log
Jan 08 07:53:57 Rocky-Compute-8 opensm-launch[2444]: -------------------------------------------------
Jan 08 07:53:57 Rocky-Compute-8 opensm-launch[2444]: OpenSM 3.3.24
Jan 08 07:53:57 Rocky-Compute-8 OpenSM[2444]: /var/log/opensm.log log file opened
Jan 08 07:53:57 Rocky-Compute-8 OpenSM[2444]: OpenSM 3.3.24
Jan 08 07:53:57 Rocky-Compute-8 opensm-launch[2444]: No local ports detected!
Jan 08 07:54:27 Rocky-Compute-8 opensm-launch[2496]: -------------------------------------------------
Jan 08 07:54:27 Rocky-Compute-8 opensm-launch[2496]: OpenSM 3.3.24
Jan 08 07:54:27 Rocky-Compute-8 opensm-launch[2496]:  Reading Cached Option File: /etc/rdma/opensm.conf
Jan 08 07:54:27 Rocky-Compute-8 opensm-launch[2496]: Command Line Arguments:
Jan 08 07:54:27 Rocky-Compute-8 opensm-launch[2496]:  Log File: /var/log/opensm.log
Jan 08 07:54:27 Rocky-Compute-8 opensm-launch[2496]: -------------------------------------------------
Jan 08 07:54:27 Rocky-Compute-8 opensm-launch[2496]: OpenSM 3.3.24
Jan 08 07:54:27 Rocky-Compute-8 OpenSM[2496]: /var/log/opensm.log log file opened
Jan 08 07:54:27 Rocky-Compute-8 OpenSM[2496]: OpenSM 3.3.24
Jan 08 07:54:27 Rocky-Compute-8 opensm-launch[2496]: No local ports detected!
Jan 08 07:54:57 Rocky-Compute-8 opensm-launch[2549]: -------------------------------------------------
Jan 08 07:54:57 Rocky-Compute-8 opensm-launch[2549]: OpenSM 3.3.24
Jan 08 07:54:57 Rocky-Compute-8 opensm-launch[2549]:  Reading Cached Option File: /etc/rdma/opensm.conf
Jan 08 07:54:57 Rocky-Compute-8 opensm-launch[2549]: Command Line Arguments:
Jan 08 07:54:57 Rocky-Compute-8 opensm-launch[2549]:  Log File: /var/log/opensm.log
Jan 08 07:54:57 Rocky-Compute-8 opensm-launch[2549]: -------------------------------------------------
Jan 08 07:54:57 Rocky-Compute-8 opensm-launch[2549]: OpenSM 3.3.24
Jan 08 07:54:57 Rocky-Compute-8 OpenSM[2549]: /var/log/opensm.log log file opened
Jan 08 07:54:57 Rocky-Compute-8 OpenSM[2549]: OpenSM 3.3.24
Jan 08 07:54:57 Rocky-Compute-8 opensm-launch[2549]: No local ports detected!
Jan 08 07:55:27 Rocky-Compute-8 opensm-launch[2601]: -------------------------------------------------
Jan 08 07:55:27 Rocky-Compute-8 opensm-launch[2601]: OpenSM 3.3.24
Jan 08 07:55:27 Rocky-Compute-8 opensm-launch[2601]:  Reading Cached Option File: /etc/rdma/opensm.conf
Jan 08 07:55:27 Rocky-Compute-8 opensm-launch[2601]: Command Line Arguments:
Jan 08 07:55:27 Rocky-Compute-8 opensm-launch[2601]:  Log File: /var/log/opensm.log
Jan 08 07:55:27 Rocky-Compute-8 opensm-launch[2601]: -------------------------------------------------
Jan 08 07:55:27 Rocky-Compute-8 opensm-launch[2601]: OpenSM 3.3.24
Jan 08 07:55:27 Rocky-Compute-8 OpenSM[2601]: /var/log/opensm.log log file opened
Jan 08 07:55:27 Rocky-Compute-8 OpenSM[2601]: OpenSM 3.3.24
Jan 08 07:55:27 Rocky-Compute-8 opensm-launch[2601]: No local ports detected!
Jan 08 07:55:57 Rocky-Compute-8 opensm-launch[2653]: -------------------------------------------------
Jan 08 07:55:57 Rocky-Compute-8 opensm-launch[2653]: OpenSM 3.3.24
Jan 08 07:55:57 Rocky-Compute-8 opensm-launch[2653]:  Reading Cached Option File: /etc/rdma/opensm.conf
Jan 08 07:55:57 Rocky-Compute-8 opensm-launch[2653]: Command Line Arguments:
Jan 08 07:55:57 Rocky-Compute-8 opensm-launch[2653]:  Log File: /var/log/opensm.log
Jan 08 07:55:57 Rocky-Compute-8 opensm-launch[2653]: -------------------------------------------------
Jan 08 07:55:57 Rocky-Compute-8 opensm-launch[2653]: OpenSM 3.3.24
Jan 08 07:55:57 Rocky-Compute-8 OpenSM[2653]: /var/log/opensm.log log file opened
Jan 08 07:55:57 Rocky-Compute-8 OpenSM[2653]: OpenSM 3.3.24
Jan 08 07:55:57 Rocky-Compute-8 opensm-launch[2653]: No local ports detected!
Jan 08 07:56:27 Rocky-Compute-8 opensm-launch[2705]: -------------------------------------------------
Jan 08 07:56:27 Rocky-Compute-8 opensm-launch[2705]: OpenSM 3.3.24
Jan 08 07:56:27 Rocky-Compute-8 opensm-launch[2705]:  Reading Cached Option File: /etc/rdma/opensm.conf
Jan 08 07:56:27 Rocky-Compute-8 opensm-launch[2705]: Command Line Arguments:
Jan 08 07:56:27 Rocky-Compute-8 opensm-launch[2705]:  Log File: /var/log/opensm.log
Jan 08 07:56:27 Rocky-Compute-8 opensm-launch[2705]: -------------------------------------------------
Jan 08 07:56:27 Rocky-Compute-8 opensm-launch[2705]: OpenSM 3.3.24
Jan 08 07:56:27 Rocky-Compute-8 OpenSM[2705]: /var/log/opensm.log log file opened
Jan 08 07:56:27 Rocky-Compute-8 OpenSM[2705]: OpenSM 3.3.24
Jan 08 07:56:27 Rocky-Compute-8 opensm-launch[2705]: No local ports detected!
Jan 08 07:56:57 Rocky-Compute-8 opensm-launch[2757]: -------------------------------------------------
Jan 08 07:56:57 Rocky-Compute-8 opensm-launch[2757]: OpenSM 3.3.24
Jan 08 07:56:57 Rocky-Compute-8 opensm-launch[2757]:  Reading Cached Option File: /etc/rdma/opensm.conf
Jan 08 07:56:57 Rocky-Compute-8 opensm-launch[2757]: Command Line Arguments:
Jan 08 07:56:57 Rocky-Compute-8 opensm-launch[2757]:  Log File: /var/log/opensm.log
Jan 08 07:56:57 Rocky-Compute-8 opensm-launch[2757]: -------------------------------------------------
Jan 08 07:56:57 Rocky-Compute-8 opensm-launch[2757]: OpenSM 3.3.24
Jan 08 07:56:57 Rocky-Compute-8 OpenSM[2757]: /var/log/opensm.log log file opened
Jan 08 07:56:57 Rocky-Compute-8 OpenSM[2757]: OpenSM 3.3.24
Jan 08 07:56:57 Rocky-Compute-8 opensm-launch[2757]: No local ports detected!
Jan 08 07:57:27 Rocky-Compute-8 opensm-launch[2809]: -------------------------------------------------
Jan 08 07:57:27 Rocky-Compute-8 opensm-launch[2809]: OpenSM 3.3.24
Jan 08 07:57:27 Rocky-Compute-8 opensm-launch[2809]:  Reading Cached Option File: /etc/rdma/opensm.conf
Jan 08 07:57:27 Rocky-Compute-8 opensm-launch[2809]: Command Line Arguments:
Jan 08 07:57:27 Rocky-Compute-8 opensm-launch[2809]:  Log File: /var/log/opensm.log
Jan 08 07:57:27 Rocky-Compute-8 opensm-launch[2809]: -------------------------------------------------
Jan 08 07:57:27 Rocky-Compute-8 OpenSM[2809]: /var/log/opensm.log log file opened
Jan 08 07:57:27 Rocky-Compute-8 opensm-launch[2809]: OpenSM 3.3.24
Jan 08 07:57:27 Rocky-Compute-8 OpenSM[2809]: OpenSM 3.3.24
Jan 08 07:57:27 Rocky-Compute-8 opensm-launch[2809]: No local ports detected!
Jan 08 07:57:57 Rocky-Compute-8 opensm-launch[2861]: -------------------------------------------------
Jan 08 07:57:57 Rocky-Compute-8 opensm-launch[2861]: OpenSM 3.3.24
Jan 08 07:57:57 Rocky-Compute-8 opensm-launch[2861]:  Reading Cached Option File: /etc/rdma/opensm.conf
Jan 08 07:57:57 Rocky-Compute-8 opensm-launch[2861]: Command Line Arguments:
Jan 08 07:57:57 Rocky-Compute-8 opensm-launch[2861]:  Log File: /var/log/opensm.log
Jan 08 07:57:57 Rocky-Compute-8 opensm-launch[2861]: -------------------------------------------------
Jan 08 07:57:57 Rocky-Compute-8 opensm-launch[2861]: OpenSM 3.3.24
Jan 08 07:57:57 Rocky-Compute-8 OpenSM[2861]: /var/log/opensm.log log file opened
Jan 08 07:57:57 Rocky-Compute-8 OpenSM[2861]: OpenSM 3.3.24
Jan 08 07:57:57 Rocky-Compute-8 opensm-launch[2861]: No local ports detected!
Jan 08 07:58:27 Rocky-Compute-8 opensm-launch[2913]: -------------------------------------------------
Jan 08 07:58:27 Rocky-Compute-8 opensm-launch[2913]: OpenSM 3.3.24
Jan 08 07:58:27 Rocky-Compute-8 opensm-launch[2913]:  Reading Cached Option File: /etc/rdma/opensm.conf
Jan 08 07:58:27 Rocky-Compute-8 opensm-launch[2913]: Command Line Arguments:
Jan 08 07:58:27 Rocky-Compute-8 opensm-launch[2913]:  Log File: /var/log/opensm.log
Jan 08 07:58:27 Rocky-Compute-8 opensm-launch[2913]: -------------------------------------------------
Jan 08 07:58:27 Rocky-Compute-8 opensm-launch[2913]: OpenSM 3.3.24
Jan 08 07:58:27 Rocky-Compute-8 OpenSM[2913]: /var/log/opensm.log log file opened
Jan 08 07:58:27 Rocky-Compute-8 OpenSM[2913]: OpenSM 3.3.24
Jan 08 07:58:27 Rocky-Compute-8 opensm-launch[2913]: No local ports detected!
Jan 08 07:58:57 Rocky-Compute-8 opensm-launch[2965]: -------------------------------------------------
Jan 08 07:58:57 Rocky-Compute-8 opensm-launch[2965]: OpenSM 3.3.24
Jan 08 07:58:57 Rocky-Compute-8 opensm-launch[2965]:  Reading Cached Option File: /etc/rdma/opensm.conf
Jan 08 07:58:57 Rocky-Compute-8 opensm-launch[2965]: Command Line Arguments:
Jan 08 07:58:57 Rocky-Compute-8 opensm-launch[2965]:  Log File: /var/log/opensm.log
Jan 08 07:58:57 Rocky-Compute-8 opensm-launch[2965]: -------------------------------------------------
Jan 08 07:58:57 Rocky-Compute-8 opensm-launch[2965]: OpenSM 3.3.24
Jan 08 07:58:57 Rocky-Compute-8 OpenSM[2965]: /var/log/opensm.log log file opened
Jan 08 07:58:57 Rocky-Compute-8 OpenSM[2965]: OpenSM 3.3.24
Jan 08 07:58:57 Rocky-Compute-8 opensm-launch[2965]: No local ports detected!
Jan 08 07:59:27 Rocky-Compute-8 opensm-launch[3017]: -------------------------------------------------
Jan 08 07:59:27 Rocky-Compute-8 opensm-launch[3017]: OpenSM 3.3.24
Jan 08 07:59:27 Rocky-Compute-8 opensm-launch[3017]:  Reading Cached Option File: /etc/rdma/opensm.conf
Jan 08 07:59:27 Rocky-Compute-8 opensm-launch[3017]: Command Line Arguments:
Jan 08 07:59:27 Rocky-Compute-8 opensm-launch[3017]:  Log File: /var/log/opensm.log
Jan 08 07:59:27 Rocky-Compute-8 opensm-launch[3017]: -------------------------------------------------
Jan 08 07:59:27 Rocky-Compute-8 opensm-launch[3017]: OpenSM 3.3.24
Jan 08 07:59:27 Rocky-Compute-8 OpenSM[3017]: /var/log/opensm.log log file opened
Jan 08 07:59:27 Rocky-Compute-8 OpenSM[3017]: OpenSM 3.3.24
Jan 08 07:59:27 Rocky-Compute-8 opensm-launch[3017]: No local ports detected!
Jan 08 07:59:57 Rocky-Compute-8 opensm-launch[3069]: -------------------------------------------------
Jan 08 07:59:57 Rocky-Compute-8 opensm-launch[3069]: OpenSM 3.3.24
Jan 08 07:59:57 Rocky-Compute-8 opensm-launch[3069]:  Reading Cached Option File: /etc/rdma/opensm.conf
Jan 08 07:59:57 Rocky-Compute-8 opensm-launch[3069]: Command Line Arguments:
Jan 08 07:59:57 Rocky-Compute-8 opensm-launch[3069]:  Log File: /var/log/opensm.log
Jan 08 07:59:57 Rocky-Compute-8 opensm-launch[3069]: -------------------------------------------------
Jan 08 07:59:57 Rocky-Compute-8 opensm-launch[3069]: OpenSM 3.3.24
Jan 08 07:59:57 Rocky-Compute-8 OpenSM[3069]: /var/log/opensm.log log file opened
Jan 08 07:59:57 Rocky-Compute-8 OpenSM[3069]: OpenSM 3.3.24
Jan 08 07:59:57 Rocky-Compute-8 opensm-launch[3069]: No local ports detected!
Jan 08 08:00:27 Rocky-Compute-8 opensm-launch[3122]: -------------------------------------------------
Jan 08 08:00:27 Rocky-Compute-8 opensm-launch[3122]: OpenSM 3.3.24
Jan 08 08:00:27 Rocky-Compute-8 opensm-launch[3122]:  Reading Cached Option File: /etc/rdma/opensm.conf
Jan 08 08:00:27 Rocky-Compute-8 opensm-launch[3122]: Command Line Arguments:
Jan 08 08:00:27 Rocky-Compute-8 opensm-launch[3122]:  Log File: /var/log/opensm.log
Jan 08 08:00:27 Rocky-Compute-8 opensm-launch[3122]: -------------------------------------------------
Jan 08 08:00:27 Rocky-Compute-8 opensm-launch[3122]: OpenSM 3.3.24
Jan 08 08:00:27 Rocky-Compute-8 OpenSM[3122]: /var/log/opensm.log log file opened
Jan 08 08:00:27 Rocky-Compute-8 OpenSM[3122]: OpenSM 3.3.24
Jan 08 08:00:27 Rocky-Compute-8 opensm-launch[3122]: No local ports detected!
Jan 08 08:00:57 Rocky-Compute-8 opensm-launch[3174]: -------------------------------------------------
Jan 08 08:00:57 Rocky-Compute-8 opensm-launch[3174]: OpenSM 3.3.24
Jan 08 08:00:57 Rocky-Compute-8 opensm-launch[3174]:  Reading Cached Option File: /etc/rdma/opensm.conf
Jan 08 08:00:57 Rocky-Compute-8 opensm-launch[3174]: Command Line Arguments:
Jan 08 08:00:57 Rocky-Compute-8 opensm-launch[3174]:  Log File: /var/log/opensm.log
Jan 08 08:00:57 Rocky-Compute-8 opensm-launch[3174]: -------------------------------------------------
Jan 08 08:00:57 Rocky-Compute-8 opensm-launch[3174]: OpenSM 3.3.24
Jan 08 08:00:57 Rocky-Compute-8 OpenSM[3174]: /var/log/opensm.log log file opened
Jan 08 08:00:57 Rocky-Compute-8 OpenSM[3174]: OpenSM 3.3.24
Jan 08 08:00:57 Rocky-Compute-8 opensm-launch[3174]: No local ports detected!
Jan 08 08:01:27 Rocky-Compute-8 opensm-launch[3226]: -------------------------------------------------
Jan 08 08:01:27 Rocky-Compute-8 opensm-launch[3226]: OpenSM 3.3.24
Jan 08 08:01:27 Rocky-Compute-8 opensm-launch[3226]:  Reading Cached Option File: /etc/rdma/opensm.conf
Jan 08 08:01:27 Rocky-Compute-8 opensm-launch[3226]: Command Line Arguments:
Jan 08 08:01:27 Rocky-Compute-8 opensm-launch[3226]:  Log File: /var/log/opensm.log
Jan 08 08:01:27 Rocky-Compute-8 opensm-launch[3226]: -------------------------------------------------
Jan 08 08:01:27 Rocky-Compute-8 opensm-launch[3226]: OpenSM 3.3.24
Jan 08 08:01:27 Rocky-Compute-8 OpenSM[3226]: /var/log/opensm.log log file opened
Jan 08 08:01:27 Rocky-Compute-8 OpenSM[3226]: OpenSM 3.3.24
Jan 08 08:01:27 Rocky-Compute-8 opensm-launch[3226]: No local ports detected!
Jan 08 08:01:57 Rocky-Compute-8 opensm-launch[3278]: -------------------------------------------------
Jan 08 08:01:57 Rocky-Compute-8 opensm-launch[3278]: OpenSM 3.3.24
Jan 08 08:01:57 Rocky-Compute-8 opensm-launch[3278]:  Reading Cached Option File: /etc/rdma/opensm.conf
Jan 08 08:01:57 Rocky-Compute-8 opensm-launch[3278]: Command Line Arguments:
Jan 08 08:01:57 Rocky-Compute-8 opensm-launch[3278]:  Log File: /var/log/opensm.log
Jan 08 08:01:57 Rocky-Compute-8 opensm-launch[3278]: -------------------------------------------------
Jan 08 08:01:57 Rocky-Compute-8 opensm-launch[3278]: OpenSM 3.3.24
Jan 08 08:01:57 Rocky-Compute-8 OpenSM[3278]: /var/log/opensm.log log file opened
Jan 08 08:01:57 Rocky-Compute-8 OpenSM[3278]: OpenSM 3.3.24
Jan 08 08:01:57 Rocky-Compute-8 opensm-launch[3278]: No local ports detected!
Jan 08 08:02:27 Rocky-Compute-8 opensm-launch[3330]: -------------------------------------------------
Jan 08 08:02:27 Rocky-Compute-8 opensm-launch[3330]: OpenSM 3.3.24
Jan 08 08:02:27 Rocky-Compute-8 opensm-launch[3330]:  Reading Cached Option File: /etc/rdma/opensm.conf
Jan 08 08:02:27 Rocky-Compute-8 opensm-launch[3330]: Command Line Arguments:
Jan 08 08:02:27 Rocky-Compute-8 opensm-launch[3330]:  Log File: /var/log/opensm.log
Jan 08 08:02:27 Rocky-Compute-8 opensm-launch[3330]: -------------------------------------------------
Jan 08 08:02:27 Rocky-Compute-8 opensm-launch[3330]: OpenSM 3.3.24
Jan 08 08:02:27 Rocky-Compute-8 OpenSM[3330]: /var/log/opensm.log log file opened
Jan 08 08:02:27 Rocky-Compute-8 OpenSM[3330]: OpenSM 3.3.24
Jan 08 08:02:27 Rocky-Compute-8 opensm-launch[3330]: No local ports detected!
Jan 08 08:02:57 Rocky-Compute-8 opensm-launch[3382]: -------------------------------------------------
Jan 08 08:02:57 Rocky-Compute-8 opensm-launch[3382]: OpenSM 3.3.24
Jan 08 08:02:57 Rocky-Compute-8 opensm-launch[3382]:  Reading Cached Option File: /etc/rdma/opensm.conf
Jan 08 08:02:57 Rocky-Compute-8 opensm-launch[3382]: Command Line Arguments:
Jan 08 08:02:57 Rocky-Compute-8 opensm-launch[3382]:  Log File: /var/log/opensm.log
Jan 08 08:02:57 Rocky-Compute-8 opensm-launch[3382]: -------------------------------------------------
Jan 08 08:02:57 Rocky-Compute-8 opensm-launch[3382]: OpenSM 3.3.24
Jan 08 08:02:57 Rocky-Compute-8 OpenSM[3382]: /var/log/opensm.log log file opened
Jan 08 08:02:57 Rocky-Compute-8 OpenSM[3382]: OpenSM 3.3.24
Jan 08 08:02:57 Rocky-Compute-8 opensm-launch[3382]: No local ports detected!
Jan 08 08:03:27 Rocky-Compute-8 opensm-launch[3434]: -------------------------------------------------
Jan 08 08:03:27 Rocky-Compute-8 opensm-launch[3434]: OpenSM 3.3.24
Jan 08 08:03:27 Rocky-Compute-8 opensm-launch[3434]:  Reading Cached Option File: /etc/rdma/opensm.conf
Jan 08 08:03:27 Rocky-Compute-8 opensm-launch[3434]: Command Line Arguments:
Jan 08 08:03:27 Rocky-Compute-8 opensm-launch[3434]:  Log File: /var/log/opensm.log
Jan 08 08:03:27 Rocky-Compute-8 opensm-launch[3434]: -------------------------------------------------
Jan 08 08:03:27 Rocky-Compute-8 opensm-launch[3434]: OpenSM 3.3.24
Jan 08 08:03:27 Rocky-Compute-8 OpenSM[3434]: /var/log/opensm.log log file opened
Jan 08 08:03:27 Rocky-Compute-8 OpenSM[3434]: OpenSM 3.3.24
Jan 08 08:03:27 Rocky-Compute-8 opensm-launch[3434]: No local ports detected!
Jan 08 08:03:57 Rocky-Compute-8 opensm-launch[3486]: -------------------------------------------------
Jan 08 08:03:57 Rocky-Compute-8 opensm-launch[3486]: OpenSM 3.3.24
Jan 08 08:03:57 Rocky-Compute-8 opensm-launch[3486]:  Reading Cached Option File: /etc/rdma/opensm.conf
Jan 08 08:03:57 Rocky-Compute-8 opensm-launch[3486]: Command Line Arguments:
Jan 08 08:03:57 Rocky-Compute-8 opensm-launch[3486]:  Log File: /var/log/opensm.log
Jan 08 08:03:57 Rocky-Compute-8 opensm-launch[3486]: -------------------------------------------------
Jan 08 08:03:57 Rocky-Compute-8 opensm-launch[3486]: OpenSM 3.3.24
Jan 08 08:03:57 Rocky-Compute-8 OpenSM[3486]: /var/log/opensm.log log file opened
Jan 08 08:03:57 Rocky-Compute-8 OpenSM[3486]: OpenSM 3.3.24
Jan 08 08:03:57 Rocky-Compute-8 opensm-launch[3486]: No local ports detected!
Jan 08 08:04:27 Rocky-Compute-8 opensm-launch[3538]: -------------------------------------------------
Jan 08 08:04:27 Rocky-Compute-8 opensm-launch[3538]: OpenSM 3.3.24
Jan 08 08:04:27 Rocky-Compute-8 opensm-launch[3538]:  Reading Cached Option File: /etc/rdma/opensm.conf
Jan 08 08:04:27 Rocky-Compute-8 opensm-launch[3538]: Command Line Arguments:
Jan 08 08:04:27 Rocky-Compute-8 opensm-launch[3538]:  Log File: /var/log/opensm.log
Jan 08 08:04:27 Rocky-Compute-8 opensm-launch[3538]: -------------------------------------------------
Jan 08 08:04:27 Rocky-Compute-8 opensm-launch[3538]: OpenSM 3.3.24
Jan 08 08:04:27 Rocky-Compute-8 OpenSM[3538]: /var/log/opensm.log log file opened
Jan 08 08:04:27 Rocky-Compute-8 OpenSM[3538]: OpenSM 3.3.24
Jan 08 08:04:27 Rocky-Compute-8 opensm-launch[3538]: No local ports detected!
Jan 08 08:04:57 Rocky-Compute-8 opensm-launch[3590]: -------------------------------------------------
Jan 08 08:04:57 Rocky-Compute-8 opensm-launch[3590]: OpenSM 3.3.24
Jan 08 08:04:57 Rocky-Compute-8 opensm-launch[3590]:  Reading Cached Option File: /etc/rdma/opensm.conf
Jan 08 08:04:57 Rocky-Compute-8 opensm-launch[3590]: Command Line Arguments:
Jan 08 08:04:57 Rocky-Compute-8 opensm-launch[3590]:  Log File: /var/log/opensm.log
Jan 08 08:04:57 Rocky-Compute-8 opensm-launch[3590]: -------------------------------------------------
Jan 08 08:04:57 Rocky-Compute-8 opensm-launch[3590]: OpenSM 3.3.24
Jan 08 08:04:57 Rocky-Compute-8 OpenSM[3590]: /var/log/opensm.log log file opened
Jan 08 08:04:57 Rocky-Compute-8 OpenSM[3590]: OpenSM 3.3.24
Jan 08 08:04:57 Rocky-Compute-8 opensm-launch[3590]: No local ports detected!
Jan 08 08:05:27 Rocky-Compute-8 opensm-launch[3642]: -------------------------------------------------
Jan 08 08:05:27 Rocky-Compute-8 opensm-launch[3642]: OpenSM 3.3.24
Jan 08 08:05:27 Rocky-Compute-8 opensm-launch[3642]:  Reading Cached Option File: /etc/rdma/opensm.conf
Jan 08 08:05:27 Rocky-Compute-8 opensm-launch[3642]: Command Line Arguments:
Jan 08 08:05:27 Rocky-Compute-8 opensm-launch[3642]:  Log File: /var/log/opensm.log
Jan 08 08:05:27 Rocky-Compute-8 opensm-launch[3642]: -------------------------------------------------
Jan 08 08:05:27 Rocky-Compute-8 opensm-launch[3642]: OpenSM 3.3.24
Jan 08 08:05:27 Rocky-Compute-8 OpenSM[3642]: /var/log/opensm.log log file opened
Jan 08 08:05:27 Rocky-Compute-8 OpenSM[3642]: OpenSM 3.3.24
Jan 08 08:05:27 Rocky-Compute-8 opensm-launch[3642]: No local ports detected!
Jan 08 08:05:57 Rocky-Compute-8 opensm-launch[3695]: -------------------------------------------------
Jan 08 08:05:57 Rocky-Compute-8 opensm-launch[3695]: OpenSM 3.3.24
Jan 08 08:05:57 Rocky-Compute-8 opensm-launch[3695]:  Reading Cached Option File: /etc/rdma/opensm.conf
Jan 08 08:05:57 Rocky-Compute-8 opensm-launch[3695]: Command Line Arguments:
Jan 08 08:05:57 Rocky-Compute-8 opensm-launch[3695]:  Log File: /var/log/opensm.log
Jan 08 08:05:57 Rocky-Compute-8 opensm-launch[3695]: -------------------------------------------------
Jan 08 08:05:57 Rocky-Compute-8 opensm-launch[3695]: OpenSM 3.3.24
Jan 08 08:05:57 Rocky-Compute-8 OpenSM[3695]: /var/log/opensm.log log file opened
Jan 08 08:05:57 Rocky-Compute-8 OpenSM[3695]: OpenSM 3.3.24
Jan 08 08:05:57 Rocky-Compute-8 opensm-launch[3695]: No local ports detected!
Jan 08 08:06:27 Rocky-Compute-8 opensm-launch[3747]: -------------------------------------------------
Jan 08 08:06:27 Rocky-Compute-8 opensm-launch[3747]: OpenSM 3.3.24
Jan 08 08:06:27 Rocky-Compute-8 opensm-launch[3747]:  Reading Cached Option File: /etc/rdma/opensm.conf
Jan 08 08:06:27 Rocky-Compute-8 opensm-launch[3747]: Command Line Arguments:
Jan 08 08:06:27 Rocky-Compute-8 opensm-launch[3747]:  Log File: /var/log/opensm.log
Jan 08 08:06:27 Rocky-Compute-8 opensm-launch[3747]: -------------------------------------------------
Jan 08 08:06:27 Rocky-Compute-8 opensm-launch[3747]: OpenSM 3.3.24
Jan 08 08:06:27 Rocky-Compute-8 OpenSM[3747]: /var/log/opensm.log log file opened
Jan 08 08:06:27 Rocky-Compute-8 OpenSM[3747]: OpenSM 3.3.24
Jan 08 08:06:27 Rocky-Compute-8 opensm-launch[3747]: No local ports detected!
Jan 08 08:06:57 Rocky-Compute-8 opensm-launch[3799]: -------------------------------------------------
Jan 08 08:06:57 Rocky-Compute-8 opensm-launch[3799]: OpenSM 3.3.24
Jan 08 08:06:57 Rocky-Compute-8 opensm-launch[3799]:  Reading Cached Option File: /etc/rdma/opensm.conf
Jan 08 08:06:57 Rocky-Compute-8 opensm-launch[3799]: Command Line Arguments:
Jan 08 08:06:57 Rocky-Compute-8 opensm-launch[3799]:  Log File: /var/log/opensm.log
Jan 08 08:06:57 Rocky-Compute-8 opensm-launch[3799]: -------------------------------------------------
Jan 08 08:06:57 Rocky-Compute-8 opensm-launch[3799]: OpenSM 3.3.24
Jan 08 08:06:57 Rocky-Compute-8 OpenSM[3799]: /var/log/opensm.log log file opened
Jan 08 08:06:57 Rocky-Compute-8 OpenSM[3799]: OpenSM 3.3.24
Jan 08 08:06:57 Rocky-Compute-8 opensm-launch[3799]: No local ports detected!
Jan 08 08:07:27 Rocky-Compute-8 opensm-launch[3851]: -------------------------------------------------
Jan 08 08:07:27 Rocky-Compute-8 opensm-launch[3851]: OpenSM 3.3.24
Jan 08 08:07:27 Rocky-Compute-8 opensm-launch[3851]:  Reading Cached Option File: /etc/rdma/opensm.conf
Jan 08 08:07:27 Rocky-Compute-8 opensm-launch[3851]: Command Line Arguments:
Jan 08 08:07:27 Rocky-Compute-8 opensm-launch[3851]:  Log File: /var/log/opensm.log
Jan 08 08:07:27 Rocky-Compute-8 opensm-launch[3851]: -------------------------------------------------
Jan 08 08:07:27 Rocky-Compute-8 opensm-launch[3851]: OpenSM 3.3.24
Jan 08 08:07:27 Rocky-Compute-8 OpenSM[3851]: /var/log/opensm.log log file opened
Jan 08 08:07:27 Rocky-Compute-8 OpenSM[3851]: OpenSM 3.3.24
Jan 08 08:07:27 Rocky-Compute-8 opensm-launch[3851]: No local ports detected!
Jan 08 08:07:57 Rocky-Compute-8 opensm-launch[3903]: -------------------------------------------------
Jan 08 08:07:57 Rocky-Compute-8 opensm-launch[3903]: OpenSM 3.3.24
Jan 08 08:07:57 Rocky-Compute-8 opensm-launch[3903]:  Reading Cached Option File: /etc/rdma/opensm.conf
Jan 08 08:07:57 Rocky-Compute-8 opensm-launch[3903]: Command Line Arguments:
Jan 08 08:07:57 Rocky-Compute-8 opensm-launch[3903]:  Log File: /var/log/opensm.log
Jan 08 08:07:57 Rocky-Compute-8 opensm-launch[3903]: -------------------------------------------------
Jan 08 08:07:57 Rocky-Compute-8 OpenSM[3903]: /var/log/opensm.log log file opened
Jan 08 08:07:57 Rocky-Compute-8 opensm-launch[3903]: OpenSM 3.3.24
Jan 08 08:07:57 Rocky-Compute-8 OpenSM[3903]: OpenSM 3.3.24
Jan 08 08:07:57 Rocky-Compute-8 opensm-launch[3903]: No local ports detected!
Jan 08 08:08:27 Rocky-Compute-8 opensm-launch[3955]: -------------------------------------------------
Jan 08 08:08:27 Rocky-Compute-8 opensm-launch[3955]: OpenSM 3.3.24
Jan 08 08:08:27 Rocky-Compute-8 opensm-launch[3955]:  Reading Cached Option File: /etc/rdma/opensm.conf
Jan 08 08:08:27 Rocky-Compute-8 opensm-launch[3955]: Command Line Arguments:
Jan 08 08:08:27 Rocky-Compute-8 opensm-launch[3955]:  Log File: /var/log/opensm.log
Jan 08 08:08:27 Rocky-Compute-8 opensm-launch[3955]: -------------------------------------------------
Jan 08 08:08:27 Rocky-Compute-8 opensm-launch[3955]: OpenSM 3.3.24
Jan 08 08:08:27 Rocky-Compute-8 OpenSM[3955]: /var/log/opensm.log log file opened
Jan 08 08:08:27 Rocky-Compute-8 OpenSM[3955]: OpenSM 3.3.24
Jan 08 08:08:27 Rocky-Compute-8 opensm-launch[3955]: No local ports detected!
Jan 08 08:08:57 Rocky-Compute-8 opensm-launch[4007]: -------------------------------------------------
Jan 08 08:08:57 Rocky-Compute-8 opensm-launch[4007]: OpenSM 3.3.24
Jan 08 08:08:57 Rocky-Compute-8 opensm-launch[4007]:  Reading Cached Option File: /etc/rdma/opensm.conf
Jan 08 08:08:57 Rocky-Compute-8 opensm-launch[4007]: Command Line Arguments:
Jan 08 08:08:57 Rocky-Compute-8 opensm-launch[4007]:  Log File: /var/log/opensm.log
Jan 08 08:08:57 Rocky-Compute-8 opensm-launch[4007]: -------------------------------------------------
Jan 08 08:08:57 Rocky-Compute-8 opensm-launch[4007]: OpenSM 3.3.24
Jan 08 08:08:57 Rocky-Compute-8 OpenSM[4007]: /var/log/opensm.log log file opened
Jan 08 08:08:57 Rocky-Compute-8 OpenSM[4007]: OpenSM 3.3.24
Jan 08 08:08:57 Rocky-Compute-8 opensm-launch[4007]: No local ports detected!
Jan 08 08:09:27 Rocky-Compute-8 opensm-launch[4059]: -------------------------------------------------
Jan 08 08:09:27 Rocky-Compute-8 opensm-launch[4059]: OpenSM 3.3.24
Jan 08 08:09:27 Rocky-Compute-8 opensm-launch[4059]:  Reading Cached Option File: /etc/rdma/opensm.conf
Jan 08 08:09:27 Rocky-Compute-8 opensm-launch[4059]: Command Line Arguments:
Jan 08 08:09:27 Rocky-Compute-8 opensm-launch[4059]:  Log File: /var/log/opensm.log
Jan 08 08:09:27 Rocky-Compute-8 opensm-launch[4059]: -------------------------------------------------
Jan 08 08:09:27 Rocky-Compute-8 opensm-launch[4059]: OpenSM 3.3.24
Jan 08 08:09:27 Rocky-Compute-8 OpenSM[4059]: /var/log/opensm.log log file opened
Jan 08 08:09:27 Rocky-Compute-8 OpenSM[4059]: OpenSM 3.3.24
Jan 08 08:09:27 Rocky-Compute-8 opensm-launch[4059]: No local ports detected!
Jan 08 08:09:57 Rocky-Compute-8 opensm-launch[4111]: -------------------------------------------------
Jan 08 08:09:57 Rocky-Compute-8 opensm-launch[4111]: OpenSM 3.3.24
Jan 08 08:09:57 Rocky-Compute-8 opensm-launch[4111]:  Reading Cached Option File: /etc/rdma/opensm.conf
Jan 08 08:09:57 Rocky-Compute-8 opensm-launch[4111]: Command Line Arguments:
Jan 08 08:09:57 Rocky-Compute-8 opensm-launch[4111]:  Log File: /var/log/opensm.log
Jan 08 08:09:57 Rocky-Compute-8 opensm-launch[4111]: -------------------------------------------------
Jan 08 08:09:57 Rocky-Compute-8 opensm-launch[4111]: OpenSM 3.3.24
Jan 08 08:09:57 Rocky-Compute-8 OpenSM[4111]: /var/log/opensm.log log file opened
Jan 08 08:09:57 Rocky-Compute-8 OpenSM[4111]: OpenSM 3.3.24
Jan 08 08:09:57 Rocky-Compute-8 opensm-launch[4111]: No local ports detected!
Jan 08 08:10:27 Rocky-Compute-8 opensm-launch[4163]: -------------------------------------------------
Jan 08 08:10:27 Rocky-Compute-8 opensm-launch[4163]: OpenSM 3.3.24
Jan 08 08:10:27 Rocky-Compute-8 opensm-launch[4163]:  Reading Cached Option File: /etc/rdma/opensm.conf
Jan 08 08:10:27 Rocky-Compute-8 opensm-launch[4163]: Command Line Arguments:
Jan 08 08:10:27 Rocky-Compute-8 opensm-launch[4163]:  Log File: /var/log/opensm.log
Jan 08 08:10:27 Rocky-Compute-8 opensm-launch[4163]: -------------------------------------------------
Jan 08 08:10:27 Rocky-Compute-8 opensm-launch[4163]: OpenSM 3.3.24
Jan 08 08:10:27 Rocky-Compute-8 OpenSM[4163]: /var/log/opensm.log log file opened
Jan 08 08:10:27 Rocky-Compute-8 OpenSM[4163]: OpenSM 3.3.24
Jan 08 08:10:27 Rocky-Compute-8 opensm-launch[4163]: No local ports detected!
Jan 08 08:10:57 Rocky-Compute-8 opensm-launch[4215]: -------------------------------------------------
Jan 08 08:10:57 Rocky-Compute-8 opensm-launch[4215]: OpenSM 3.3.24
Jan 08 08:10:57 Rocky-Compute-8 opensm-launch[4215]:  Reading Cached Option File: /etc/rdma/opensm.conf
Jan 08 08:10:57 Rocky-Compute-8 opensm-launch[4215]: Command Line Arguments:
Jan 08 08:10:57 Rocky-Compute-8 opensm-launch[4215]:  Log File: /var/log/opensm.log
Jan 08 08:10:57 Rocky-Compute-8 opensm-launch[4215]: -------------------------------------------------
Jan 08 08:10:57 Rocky-Compute-8 opensm-launch[4215]: OpenSM 3.3.24
Jan 08 08:10:57 Rocky-Compute-8 OpenSM[4215]: /var/log/opensm.log log file opened
Jan 08 08:10:57 Rocky-Compute-8 OpenSM[4215]: OpenSM 3.3.24
Jan 08 08:10:57 Rocky-Compute-8 opensm-launch[4215]: No local ports detected!
Jan 08 08:11:27 Rocky-Compute-8 opensm-launch[4267]: -------------------------------------------------
Jan 08 08:11:27 Rocky-Compute-8 opensm-launch[4267]: OpenSM 3.3.24
Jan 08 08:11:27 Rocky-Compute-8 opensm-launch[4267]:  Reading Cached Option File: /etc/rdma/opensm.conf
Jan 08 08:11:27 Rocky-Compute-8 opensm-launch[4267]: Command Line Arguments:
Jan 08 08:11:27 Rocky-Compute-8 opensm-launch[4267]:  Log File: /var/log/opensm.log
Jan 08 08:11:27 Rocky-Compute-8 opensm-launch[4267]: -------------------------------------------------
Jan 08 08:11:27 Rocky-Compute-8 opensm-launch[4267]: OpenSM 3.3.24
Jan 08 08:11:27 Rocky-Compute-8 OpenSM[4267]: /var/log/opensm.log log file opened
Jan 08 08:11:27 Rocky-Compute-8 OpenSM[4267]: OpenSM 3.3.24
Jan 08 08:11:27 Rocky-Compute-8 opensm-launch[4267]: No local ports detected!
Jan 08 08:11:57 Rocky-Compute-8 opensm-launch[4319]: -------------------------------------------------
Jan 08 08:11:57 Rocky-Compute-8 opensm-launch[4319]: OpenSM 3.3.24
Jan 08 08:11:57 Rocky-Compute-8 opensm-launch[4319]:  Reading Cached Option File: /etc/rdma/opensm.conf
Jan 08 08:11:57 Rocky-Compute-8 opensm-launch[4319]: Command Line Arguments:
Jan 08 08:11:57 Rocky-Compute-8 opensm-launch[4319]:  Log File: /var/log/opensm.log
Jan 08 08:11:57 Rocky-Compute-8 opensm-launch[4319]: -------------------------------------------------
Jan 08 08:11:57 Rocky-Compute-8 OpenSM[4319]: /var/log/opensm.log log file opened
Jan 08 08:11:57 Rocky-Compute-8 opensm-launch[4319]: OpenSM 3.3.24
Jan 08 08:11:57 Rocky-Compute-8 OpenSM[4319]: OpenSM 3.3.24
Jan 08 08:11:57 Rocky-Compute-8 opensm-launch[4319]: No local ports detected!
Jan 08 08:12:27 Rocky-Compute-8 opensm-launch[4372]: -------------------------------------------------
Jan 08 08:12:27 Rocky-Compute-8 opensm-launch[4372]: OpenSM 3.3.24
Jan 08 08:12:27 Rocky-Compute-8 opensm-launch[4372]:  Reading Cached Option File: /etc/rdma/opensm.conf
Jan 08 08:12:27 Rocky-Compute-8 opensm-launch[4372]: Command Line Arguments:
Jan 08 08:12:27 Rocky-Compute-8 opensm-launch[4372]:  Log File: /var/log/opensm.log
Jan 08 08:12:27 Rocky-Compute-8 opensm-launch[4372]: -------------------------------------------------
Jan 08 08:12:27 Rocky-Compute-8 OpenSM[4372]: /var/log/opensm.log log file opened
Jan 08 08:12:27 Rocky-Compute-8 opensm-launch[4372]: OpenSM 3.3.24
Jan 08 08:12:27 Rocky-Compute-8 OpenSM[4372]: OpenSM 3.3.24
Jan 08 08:12:27 Rocky-Compute-8 opensm-launch[4372]: No local ports detected!
Jan 08 08:12:57 Rocky-Compute-8 opensm-launch[4424]: -------------------------------------------------
Jan 08 08:12:57 Rocky-Compute-8 opensm-launch[4424]: OpenSM 3.3.24
Jan 08 08:12:57 Rocky-Compute-8 opensm-launch[4424]:  Reading Cached Option File: /etc/rdma/opensm.conf
Jan 08 08:12:57 Rocky-Compute-8 opensm-launch[4424]: Command Line Arguments:
Jan 08 08:12:57 Rocky-Compute-8 opensm-launch[4424]:  Log File: /var/log/opensm.log
Jan 08 08:12:57 Rocky-Compute-8 opensm-launch[4424]: -------------------------------------------------
Jan 08 08:12:57 Rocky-Compute-8 opensm-launch[4424]: OpenSM 3.3.24
Jan 08 08:12:57 Rocky-Compute-8 OpenSM[4424]: /var/log/opensm.log log file opened
Jan 08 08:12:57 Rocky-Compute-8 OpenSM[4424]: OpenSM 3.3.24
Jan 08 08:12:57 Rocky-Compute-8 opensm-launch[4424]: No local ports detected!
Jan 08 08:13:27 Rocky-Compute-8 opensm-launch[4476]: -------------------------------------------------
Jan 08 08:13:27 Rocky-Compute-8 opensm-launch[4476]: OpenSM 3.3.24
Jan 08 08:13:27 Rocky-Compute-8 opensm-launch[4476]:  Reading Cached Option File: /etc/rdma/opensm.conf
Jan 08 08:13:27 Rocky-Compute-8 opensm-launch[4476]: Command Line Arguments:
Jan 08 08:13:27 Rocky-Compute-8 opensm-launch[4476]:  Log File: /var/log/opensm.log
Jan 08 08:13:27 Rocky-Compute-8 opensm-launch[4476]: -------------------------------------------------
Jan 08 08:13:27 Rocky-Compute-8 opensm-launch[4476]: OpenSM 3.3.24
Jan 08 08:13:27 Rocky-Compute-8 OpenSM[4476]: /var/log/opensm.log log file opened
Jan 08 08:13:27 Rocky-Compute-8 OpenSM[4476]: OpenSM 3.3.24
Jan 08 08:13:27 Rocky-Compute-8 opensm-launch[4476]: No local ports detected!
Jan 08 08:13:57 Rocky-Compute-8 opensm-launch[4528]: -------------------------------------------------
Jan 08 08:13:57 Rocky-Compute-8 opensm-launch[4528]: OpenSM 3.3.24
Jan 08 08:13:57 Rocky-Compute-8 opensm-launch[4528]:  Reading Cached Option File: /etc/rdma/opensm.conf
Jan 08 08:13:57 Rocky-Compute-8 opensm-launch[4528]: Command Line Arguments:
Jan 08 08:13:57 Rocky-Compute-8 opensm-launch[4528]:  Log File: /var/log/opensm.log
Jan 08 08:13:57 Rocky-Compute-8 opensm-launch[4528]: -------------------------------------------------
Jan 08 08:13:57 Rocky-Compute-8 opensm-launch[4528]: OpenSM 3.3.24
Jan 08 08:13:57 Rocky-Compute-8 OpenSM[4528]: /var/log/opensm.log log file opened
Jan 08 08:13:57 Rocky-Compute-8 OpenSM[4528]: OpenSM 3.3.24
Jan 08 08:13:57 Rocky-Compute-8 opensm-launch[4528]: No local ports detected!
Jan 08 08:14:27 Rocky-Compute-8 opensm-launch[4580]: -------------------------------------------------
Jan 08 08:14:27 Rocky-Compute-8 opensm-launch[4580]: OpenSM 3.3.24
Jan 08 08:14:27 Rocky-Compute-8 opensm-launch[4580]:  Reading Cached Option File: /etc/rdma/opensm.conf
Jan 08 08:14:27 Rocky-Compute-8 opensm-launch[4580]: Command Line Arguments:
Jan 08 08:14:27 Rocky-Compute-8 opensm-launch[4580]:  Log File: /var/log/opensm.log
Jan 08 08:14:27 Rocky-Compute-8 opensm-launch[4580]: -------------------------------------------------
Jan 08 08:14:27 Rocky-Compute-8 opensm-launch[4580]: OpenSM 3.3.24
Jan 08 08:14:27 Rocky-Compute-8 OpenSM[4580]: /var/log/opensm.log log file opened
Jan 08 08:14:27 Rocky-Compute-8 OpenSM[4580]: OpenSM 3.3.24
Jan 08 08:14:27 Rocky-Compute-8 opensm-launch[4580]: No local ports detected!
Jan 08 08:14:58 Rocky-Compute-8 opensm-launch[4632]: -------------------------------------------------
Jan 08 08:14:58 Rocky-Compute-8 opensm-launch[4632]: OpenSM 3.3.24
Jan 08 08:14:58 Rocky-Compute-8 opensm-launch[4632]:  Reading Cached Option File: /etc/rdma/opensm.conf
Jan 08 08:14:58 Rocky-Compute-8 opensm-launch[4632]: Command Line Arguments:
Jan 08 08:14:58 Rocky-Compute-8 opensm-launch[4632]:  Log File: /var/log/opensm.log
Jan 08 08:14:58 Rocky-Compute-8 opensm-launch[4632]: -------------------------------------------------
Jan 08 08:14:58 Rocky-Compute-8 opensm-launch[4632]: OpenSM 3.3.24
Jan 08 08:14:58 Rocky-Compute-8 OpenSM[4632]: /var/log/opensm.log log file opened
Jan 08 08:14:58 Rocky-Compute-8 OpenSM[4632]: OpenSM 3.3.24
Jan 08 08:14:58 Rocky-Compute-8 opensm-launch[4632]: No local ports detected!
Jan 08 08:15:28 Rocky-Compute-8 opensm-launch[4684]: -------------------------------------------------
Jan 08 08:15:28 Rocky-Compute-8 opensm-launch[4684]: OpenSM 3.3.24
Jan 08 08:15:28 Rocky-Compute-8 opensm-launch[4684]:  Reading Cached Option File: /etc/rdma/opensm.conf
Jan 08 08:15:28 Rocky-Compute-8 opensm-launch[4684]: Command Line Arguments:
Jan 08 08:15:28 Rocky-Compute-8 opensm-launch[4684]:  Log File: /var/log/opensm.log
Jan 08 08:15:28 Rocky-Compute-8 opensm-launch[4684]: -------------------------------------------------
Jan 08 08:15:28 Rocky-Compute-8 opensm-launch[4684]: OpenSM 3.3.24
Jan 08 08:15:28 Rocky-Compute-8 OpenSM[4684]: /var/log/opensm.log log file opened
Jan 08 08:15:28 Rocky-Compute-8 OpenSM[4684]: OpenSM 3.3.24
Jan 08 08:15:28 Rocky-Compute-8 opensm-launch[4684]: No local ports detected!
Jan 08 08:15:58 Rocky-Compute-8 opensm-launch[4736]: -------------------------------------------------
Jan 08 08:15:58 Rocky-Compute-8 opensm-launch[4736]: OpenSM 3.3.24
Jan 08 08:15:58 Rocky-Compute-8 opensm-launch[4736]:  Reading Cached Option File: /etc/rdma/opensm.conf
Jan 08 08:15:58 Rocky-Compute-8 opensm-launch[4736]: Command Line Arguments:
Jan 08 08:15:58 Rocky-Compute-8 opensm-launch[4736]:  Log File: /var/log/opensm.log
Jan 08 08:15:58 Rocky-Compute-8 opensm-launch[4736]: -------------------------------------------------
Jan 08 08:15:58 Rocky-Compute-8 OpenSM[4736]: /var/log/opensm.log log file opened
Jan 08 08:15:58 Rocky-Compute-8 opensm-launch[4736]: OpenSM 3.3.24
Jan 08 08:15:58 Rocky-Compute-8 OpenSM[4736]: OpenSM 3.3.24
Jan 08 08:15:58 Rocky-Compute-8 opensm-launch[4736]: No local ports detected!
Jan 08 08:16:28 Rocky-Compute-8 opensm-launch[4788]: -------------------------------------------------
Jan 08 08:16:28 Rocky-Compute-8 opensm-launch[4788]: OpenSM 3.3.24
Jan 08 08:16:28 Rocky-Compute-8 opensm-launch[4788]:  Reading Cached Option File: /etc/rdma/opensm.conf
Jan 08 08:16:28 Rocky-Compute-8 opensm-launch[4788]: Command Line Arguments:
Jan 08 08:16:28 Rocky-Compute-8 opensm-launch[4788]:  Log File: /var/log/opensm.log
Jan 08 08:16:28 Rocky-Compute-8 opensm-launch[4788]: -------------------------------------------------
Jan 08 08:16:28 Rocky-Compute-8 opensm-launch[4788]: OpenSM 3.3.24
Jan 08 08:16:28 Rocky-Compute-8 OpenSM[4788]: /var/log/opensm.log log file opened
Jan 08 08:16:28 Rocky-Compute-8 OpenSM[4788]: OpenSM 3.3.24
Jan 08 08:16:28 Rocky-Compute-8 opensm-launch[4788]: No local ports detected!
Jan 08 08:16:58 Rocky-Compute-8 opensm-launch[4840]: -------------------------------------------------
Jan 08 08:16:58 Rocky-Compute-8 opensm-launch[4840]: OpenSM 3.3.24
Jan 08 08:16:58 Rocky-Compute-8 opensm-launch[4840]:  Reading Cached Option File: /etc/rdma/opensm.conf
Jan 08 08:16:58 Rocky-Compute-8 opensm-launch[4840]: Command Line Arguments:
Jan 08 08:16:58 Rocky-Compute-8 opensm-launch[4840]:  Log File: /var/log/opensm.log
Jan 08 08:16:58 Rocky-Compute-8 opensm-launch[4840]: -------------------------------------------------
Jan 08 08:16:58 Rocky-Compute-8 opensm-launch[4840]: OpenSM 3.3.24
Jan 08 08:16:58 Rocky-Compute-8 OpenSM[4840]: /var/log/opensm.log log file opened
Jan 08 08:16:58 Rocky-Compute-8 OpenSM[4840]: OpenSM 3.3.24
Jan 08 08:16:58 Rocky-Compute-8 opensm-launch[4840]: No local ports detected!
Jan 08 08:17:28 Rocky-Compute-8 opensm-launch[4892]: -------------------------------------------------
Jan 08 08:17:28 Rocky-Compute-8 opensm-launch[4892]: OpenSM 3.3.24
Jan 08 08:17:28 Rocky-Compute-8 opensm-launch[4892]:  Reading Cached Option File: /etc/rdma/opensm.conf
Jan 08 08:17:28 Rocky-Compute-8 opensm-launch[4892]: Command Line Arguments:
Jan 08 08:17:28 Rocky-Compute-8 opensm-launch[4892]:  Log File: /var/log/opensm.log
Jan 08 08:17:28 Rocky-Compute-8 opensm-launch[4892]: -------------------------------------------------
Jan 08 08:17:28 Rocky-Compute-8 opensm-launch[4892]: OpenSM 3.3.24
Jan 08 08:17:28 Rocky-Compute-8 OpenSM[4892]: /var/log/opensm.log log file opened
Jan 08 08:17:28 Rocky-Compute-8 OpenSM[4892]: OpenSM 3.3.24
Jan 08 08:17:28 Rocky-Compute-8 opensm-launch[4892]: No local ports detected!
Jan 08 08:17:58 Rocky-Compute-8 opensm-launch[4945]: -------------------------------------------------
Jan 08 08:17:58 Rocky-Compute-8 opensm-launch[4945]: OpenSM 3.3.24
Jan 08 08:17:58 Rocky-Compute-8 opensm-launch[4945]:  Reading Cached Option File: /etc/rdma/opensm.conf
Jan 08 08:17:58 Rocky-Compute-8 opensm-launch[4945]: Command Line Arguments:
Jan 08 08:17:58 Rocky-Compute-8 opensm-launch[4945]:  Log File: /var/log/opensm.log
Jan 08 08:17:58 Rocky-Compute-8 opensm-launch[4945]: -------------------------------------------------
Jan 08 08:17:58 Rocky-Compute-8 OpenSM[4945]: /var/log/opensm.log log file opened
Jan 08 08:17:58 Rocky-Compute-8 opensm-launch[4945]: OpenSM 3.3.24
Jan 08 08:17:58 Rocky-Compute-8 OpenSM[4945]: OpenSM 3.3.24
Jan 08 08:17:58 Rocky-Compute-8 opensm-launch[4945]: No local ports detected!
Jan 08 08:18:28 Rocky-Compute-8 opensm-launch[4997]: -------------------------------------------------
Jan 08 08:18:28 Rocky-Compute-8 opensm-launch[4997]: OpenSM 3.3.24
Jan 08 08:18:28 Rocky-Compute-8 opensm-launch[4997]:  Reading Cached Option File: /etc/rdma/opensm.conf
Jan 08 08:18:28 Rocky-Compute-8 opensm-launch[4997]: Command Line Arguments:
Jan 08 08:18:28 Rocky-Compute-8 opensm-launch[4997]:  Log File: /var/log/opensm.log
Jan 08 08:18:28 Rocky-Compute-8 opensm-launch[4997]: -------------------------------------------------
Jan 08 08:18:28 Rocky-Compute-8 opensm-launch[4997]: OpenSM 3.3.24
Jan 08 08:18:28 Rocky-Compute-8 OpenSM[4997]: /var/log/opensm.log log file opened
Jan 08 08:18:28 Rocky-Compute-8 OpenSM[4997]: OpenSM 3.3.24
Jan 08 08:18:28 Rocky-Compute-8 opensm-launch[4997]: No local ports detected!
Jan 08 08:18:58 Rocky-Compute-8 opensm-launch[5049]: -------------------------------------------------
Jan 08 08:18:58 Rocky-Compute-8 opensm-launch[5049]: OpenSM 3.3.24
Jan 08 08:18:58 Rocky-Compute-8 opensm-launch[5049]:  Reading Cached Option File: /etc/rdma/opensm.conf
Jan 08 08:18:58 Rocky-Compute-8 opensm-launch[5049]: Command Line Arguments:
Jan 08 08:18:58 Rocky-Compute-8 opensm-launch[5049]:  Log File: /var/log/opensm.log
Jan 08 08:18:58 Rocky-Compute-8 opensm-launch[5049]: -------------------------------------------------
Jan 08 08:18:58 Rocky-Compute-8 opensm-launch[5049]: OpenSM 3.3.24
Jan 08 08:18:58 Rocky-Compute-8 OpenSM[5049]: /var/log/opensm.log log file opened
Jan 08 08:18:58 Rocky-Compute-8 OpenSM[5049]: OpenSM 3.3.24
Jan 08 08:18:58 Rocky-Compute-8 opensm-launch[5049]: No local ports detected!
Jan 08 08:19:28 Rocky-Compute-8 opensm-launch[5101]: -------------------------------------------------
Jan 08 08:19:28 Rocky-Compute-8 opensm-launch[5101]: OpenSM 3.3.24
Jan 08 08:19:28 Rocky-Compute-8 opensm-launch[5101]:  Reading Cached Option File: /etc/rdma/opensm.conf
Jan 08 08:19:28 Rocky-Compute-8 opensm-launch[5101]: Command Line Arguments:
Jan 08 08:19:28 Rocky-Compute-8 opensm-launch[5101]:  Log File: /var/log/opensm.log
Jan 08 08:19:28 Rocky-Compute-8 opensm-launch[5101]: -------------------------------------------------
Jan 08 08:19:28 Rocky-Compute-8 opensm-launch[5101]: OpenSM 3.3.24
Jan 08 08:19:28 Rocky-Compute-8 OpenSM[5101]: /var/log/opensm.log log file opened
Jan 08 08:19:28 Rocky-Compute-8 OpenSM[5101]: OpenSM 3.3.24
Jan 08 08:19:28 Rocky-Compute-8 opensm-launch[5101]: No local ports detected!
Jan 08 08:19:52 Rocky-Compute-8 systemd[1]: Reloading.
Jan 08 08:19:52 Rocky-Compute-8 systemd[1]: Started Dispatch Password Requests to Console Directory Watch.
-- Subject: Unit systemd-ask-password-console.path has finished start-up
-- Defined-By: systemd
-- Support: https://lists.freedesktop.org/mailman/listinfo/systemd-devel
-- 
-- Unit systemd-ask-password-console.path has finished starting up.
-- 
-- The start-up result is done.
Jan 08 08:19:52 Rocky-Compute-8 systemd[1]: Stopping LVM event activation on device 8:3...
-- Subject: Unit lvm2-pvscan@8:3.service has begun shutting down
-- Defined-By: systemd
-- Support: https://lists.freedesktop.org/mailman/listinfo/systemd-devel
-- 
-- Unit lvm2-pvscan@8:3.service has begun shutting down.
Jan 08 08:19:52 Rocky-Compute-8 systemd[1]: Starting Setup Virtual Console...
-- Subject: Unit systemd-vconsole-setup.service has begun start-up
-- Defined-By: systemd
-- Support: https://lists.freedesktop.org/mailman/listinfo/systemd-devel
-- 
-- Unit systemd-vconsole-setup.service has begun starting up.
Jan 08 08:19:52 Rocky-Compute-8 systemd[1]: Starting Load Kernel Modules...
-- Subject: Unit systemd-modules-load.service has begun start-up
-- Defined-By: systemd
-- Support: https://lists.freedesktop.org/mailman/listinfo/systemd-devel
-- 
-- Unit systemd-modules-load.service has begun starting up.
Jan 08 08:19:52 Rocky-Compute-8 systemd[1]: Mounting /data/lustre/ost_0...
-- Subject: Unit data-lustre-ost_0.mount has begun start-up
-- Defined-By: systemd
-- Support: https://lists.freedesktop.org/mailman/listinfo/systemd-devel
-- 
-- Unit data-lustre-ost_0.mount has begun starting up.
Jan 08 08:19:52 Rocky-Compute-8 systemd[1]: Stopped target Emergency Mode.
-- Subject: Unit emergency.target has finished shutting down
-- Defined-By: systemd
-- Support: https://lists.freedesktop.org/mailman/listinfo/systemd-devel
-- 
-- Unit emergency.target has finished shutting down.
Jan 08 08:19:52 Rocky-Compute-8 systemd[1]: Stopping Emergency Shell...
-- Subject: Unit emergency.service has begun shutting down
-- Defined-By: systemd
-- Support: https://lists.freedesktop.org/mailman/listinfo/systemd-devel
-- 
-- Unit emergency.service has begun shutting down.
Jan 08 08:19:52 Rocky-Compute-8 systemd[1]: emergency.service: Succeeded.
-- Subject: Unit succeeded
-- Defined-By: systemd
-- Support: https://lists.freedesktop.org/mailman/listinfo/systemd-devel
-- 
-- The unit emergency.service has successfully entered the 'dead' state.
Jan 08 08:19:52 Rocky-Compute-8 systemd[1]: Stopped Emergency Shell.
-- Subject: Unit emergency.service has finished shutting down
-- Defined-By: systemd
-- Support: https://lists.freedesktop.org/mailman/listinfo/systemd-devel
-- 
-- Unit emergency.service has finished shutting down.
Jan 08 08:19:52 Rocky-Compute-8 systemd-modules-load[5180]: Module 'msr' is builtin
Jan 08 08:19:52 Rocky-Compute-8 mount[5181]: mount: /data/lustre/ost_0: wrong fs type, bad option, bad superblock on /dev/sdb, missing codepage or helper program, or other error.
Jan 08 08:19:52 Rocky-Compute-8 systemd[1]: data-lustre-ost_0.mount: Mount process exited, code=exited status=32
Jan 08 08:19:52 Rocky-Compute-8 kernel: XFS (sdb): Invalid superblock magic number
Jan 08 08:19:52 Rocky-Compute-8 systemd[1]: data-lustre-ost_0.mount: Failed with result 'exit-code'.
-- Subject: Unit failed
-- Defined-By: systemd
-- Support: https://lists.freedesktop.org/mailman/listinfo/systemd-devel
-- 
-- The unit data-lustre-ost_0.mount has entered the 'failed' state with result 'exit-code'.
Jan 08 08:19:52 Rocky-Compute-8 systemd[1]: Failed to mount /data/lustre/ost_0.
-- Subject: Unit data-lustre-ost_0.mount has failed
-- Defined-By: systemd
-- Support: https://lists.freedesktop.org/mailman/listinfo/systemd-devel
-- 
-- Unit data-lustre-ost_0.mount has failed.
-- 
-- The result is failed.
Jan 08 08:19:52 Rocky-Compute-8 systemd[1]: Dependency failed for Local File Systems.
-- Subject: Unit local-fs.target has failed
-- Defined-By: systemd
-- Support: https://lists.freedesktop.org/mailman/listinfo/systemd-devel
-- 
-- Unit local-fs.target has failed.
-- 
-- The result is dependency.
Jan 08 08:19:52 Rocky-Compute-8 systemd[1]: Dependency failed for Mark the need to relabel after reboot.
-- Subject: Unit selinux-autorelabel-mark.service has failed
-- Defined-By: systemd
-- Support: https://lists.freedesktop.org/mailman/listinfo/systemd-devel
-- 
-- Unit selinux-autorelabel-mark.service has failed.
-- 
-- The result is dependency.
Jan 08 08:19:52 Rocky-Compute-8 systemd[1]: selinux-autorelabel-mark.service: Job selinux-autorelabel-mark.service/start failed with result 'dependency'.
Jan 08 08:19:52 Rocky-Compute-8 systemd[1]: local-fs.target: Job local-fs.target/start failed with result 'dependency'.
Jan 08 08:19:52 Rocky-Compute-8 systemd[1]: local-fs.target: Triggering OnFailure= dependencies.
Jan 08 08:19:52 Rocky-Compute-8 systemd[1]: Starting Update UTMP about System Runlevel Changes...
-- Subject: Unit systemd-update-utmp-runlevel.service has begun start-up
-- Defined-By: systemd
-- Support: https://lists.freedesktop.org/mailman/listinfo/systemd-devel
-- 
-- Unit systemd-update-utmp-runlevel.service has begun starting up.
Jan 08 08:19:52 Rocky-Compute-8 systemd[1]: Started Emergency Shell.
-- Subject: Unit emergency.service has finished start-up
-- Defined-By: systemd
-- Support: https://lists.freedesktop.org/mailman/listinfo/systemd-devel
-- 
-- Unit emergency.service has finished starting up.
-- 
-- The start-up result is done.
Jan 08 08:19:52 Rocky-Compute-8 systemd[1]: Reached target Emergency Mode.
-- Subject: Unit emergency.target has finished start-up
-- Defined-By: systemd
-- Support: https://lists.freedesktop.org/mailman/listinfo/systemd-devel
-- 
-- Unit emergency.target has finished starting up.
-- 
-- The start-up result is done.
Jan 08 08:19:52 Rocky-Compute-8 lvm[5178]:   pvscan[5178] PV /dev/sda3 online.
Jan 08 08:19:52 Rocky-Compute-8 systemd[1]: systemd-update-utmp-runlevel.service: Succeeded.
-- Subject: Unit succeeded
-- Defined-By: systemd
-- Support: https://lists.freedesktop.org/mailman/listinfo/systemd-devel
-- 
-- The unit systemd-update-utmp-runlevel.service has successfully entered the 'dead' state.
Jan 08 08:19:52 Rocky-Compute-8 systemd[1]: Started Update UTMP about System Runlevel Changes.
-- Subject: Unit systemd-update-utmp-runlevel.service has finished start-up
-- Defined-By: systemd
-- Support: https://lists.freedesktop.org/mailman/listinfo/systemd-devel
-- 
-- Unit systemd-update-utmp-runlevel.service has finished starting up.
-- 
-- The start-up result is done.
Jan 08 08:19:52 Rocky-Compute-8 kernel: ib_core: disagrees about version of symbol __netlink_dump_start
Jan 08 08:19:52 Rocky-Compute-8 kernel: ib_core: Unknown symbol __netlink_dump_start (err -22)
Jan 08 08:19:52 Rocky-Compute-8 systemd-modules-load[5180]: Failed to insert 'ib_ipoib': Invalid argument
Jan 08 08:19:52 Rocky-Compute-8 systemd[1]: lvm2-pvscan@8:3.service: Succeeded.
-- Subject: Unit succeeded
-- Defined-By: systemd
-- Support: https://lists.freedesktop.org/mailman/listinfo/systemd-devel
-- 
-- The unit lvm2-pvscan@8:3.service has successfully entered the 'dead' state.
Jan 08 08:19:52 Rocky-Compute-8 systemd[1]: Stopped LVM event activation on device 8:3.
-- Subject: Unit lvm2-pvscan@8:3.service has finished shutting down
-- Defined-By: systemd
-- Support: https://lists.freedesktop.org/mailman/listinfo/systemd-devel
-- 
-- Unit lvm2-pvscan@8:3.service has finished shutting down.
Jan 08 08:19:52 Rocky-Compute-8 kernel: LNetError: 5180:0:(api-ni.c:2570:lnet_startup_lndnet()) Can't load LND o2ib, module ko2iblnd, rc=-13
Jan 08 08:19:52 Rocky-Compute-8 kernel: LustreError: 5180:0:(events.c:639:ptlrpc_init_portals()) network initialisation failed
Jan 08 08:19:52 Rocky-Compute-8 systemd[1]: systemd-vconsole-setup.service: Succeeded.
-- Subject: Unit succeeded
-- Defined-By: systemd
-- Support: https://lists.freedesktop.org/mailman/listinfo/systemd-devel
-- 
-- The unit systemd-vconsole-setup.service has successfully entered the 'dead' state.
Jan 08 08:19:52 Rocky-Compute-8 systemd[1]: Started Setup Virtual Console.
-- Subject: Unit systemd-vconsole-setup.service has finished start-up
-- Defined-By: systemd
-- Support: https://lists.freedesktop.org/mailman/listinfo/systemd-devel
-- 
-- Unit systemd-vconsole-setup.service has finished starting up.
-- 
-- The start-up result is done.
Jan 08 08:19:52 Rocky-Compute-8 systemd-modules-load[5180]: Failed to insert 'lustre': Invalid argument
Jan 08 08:19:52 Rocky-Compute-8 systemd[1]: systemd-modules-load.service: Main process exited, code=exited, status=1/FAILURE
Jan 08 08:19:52 Rocky-Compute-8 systemd[1]: systemd-modules-load.service: Failed with result 'exit-code'.
-- Subject: Unit failed
-- Defined-By: systemd
-- Support: https://lists.freedesktop.org/mailman/listinfo/systemd-devel
-- 
-- The unit systemd-modules-load.service has entered the 'failed' state with result 'exit-code'.
Jan 08 08:19:52 Rocky-Compute-8 systemd[1]: Failed to start Load Kernel Modules.
-- Subject: Unit systemd-modules-load.service has failed
-- Defined-By: systemd
-- Support: https://lists.freedesktop.org/mailman/listinfo/systemd-devel
-- 
-- Unit systemd-modules-load.service has failed.
-- 
-- The result is failed.
Jan 08 08:19:52 Rocky-Compute-8 sedispatch[1587]: Connection Error (Failed to connect to socket /run/dbus/system_bus_socket: No such file or directory): AVC Will be dropped
Jan 08 08:19:58 Rocky-Compute-8 opensm-launch[5232]: -------------------------------------------------
Jan 08 08:19:58 Rocky-Compute-8 opensm-launch[5232]: OpenSM 3.3.24
Jan 08 08:19:58 Rocky-Compute-8 opensm-launch[5232]:  Reading Cached Option File: /etc/rdma/opensm.conf
Jan 08 08:19:58 Rocky-Compute-8 opensm-launch[5232]: Command Line Arguments:
Jan 08 08:19:58 Rocky-Compute-8 opensm-launch[5232]:  Log File: /var/log/opensm.log
Jan 08 08:19:58 Rocky-Compute-8 opensm-launch[5232]: -------------------------------------------------
Jan 08 08:19:58 Rocky-Compute-8 OpenSM[5232]: /var/log/opensm.log log file opened
Jan 08 08:19:58 Rocky-Compute-8 OpenSM[5232]: OpenSM 3.3.24
Jan 08 08:19:58 Rocky-Compute-8 opensm-launch[5232]: OpenSM 3.3.24
Jan 08 08:19:58 Rocky-Compute-8 opensm-launch[5232]: No local ports detected!
Jan 08 08:20:28 Rocky-Compute-8 opensm-launch[5284]: -------------------------------------------------
Jan 08 08:20:28 Rocky-Compute-8 opensm-launch[5284]: OpenSM 3.3.24
Jan 08 08:20:28 Rocky-Compute-8 opensm-launch[5284]:  Reading Cached Option File: /etc/rdma/opensm.conf
Jan 08 08:20:28 Rocky-Compute-8 opensm-launch[5284]: Command Line Arguments:
Jan 08 08:20:28 Rocky-Compute-8 opensm-launch[5284]:  Log File: /var/log/opensm.log
Jan 08 08:20:28 Rocky-Compute-8 opensm-launch[5284]: -------------------------------------------------
Jan 08 08:20:28 Rocky-Compute-8 opensm-launch[5284]: OpenSM 3.3.24
Jan 08 08:20:28 Rocky-Compute-8 OpenSM[5284]: /var/log/opensm.log log file opened
Jan 08 08:20:28 Rocky-Compute-8 OpenSM[5284]: OpenSM 3.3.24
Jan 08 08:20:28 Rocky-Compute-8 opensm-launch[5284]: No local ports detected!
Jan 08 08:20:58 Rocky-Compute-8 opensm-launch[5336]: -------------------------------------------------
Jan 08 08:20:58 Rocky-Compute-8 opensm-launch[5336]: OpenSM 3.3.24
Jan 08 08:20:58 Rocky-Compute-8 opensm-launch[5336]:  Reading Cached Option File: /etc/rdma/opensm.conf
Jan 08 08:20:58 Rocky-Compute-8 opensm-launch[5336]: Command Line Arguments:
Jan 08 08:20:58 Rocky-Compute-8 opensm-launch[5336]:  Log File: /var/log/opensm.log
Jan 08 08:20:58 Rocky-Compute-8 opensm-launch[5336]: -------------------------------------------------
Jan 08 08:20:58 Rocky-Compute-8 opensm-launch[5336]: OpenSM 3.3.24
Jan 08 08:20:58 Rocky-Compute-8 OpenSM[5336]: /var/log/opensm.log log file opened
Jan 08 08:20:58 Rocky-Compute-8 OpenSM[5336]: OpenSM 3.3.24
Jan 08 08:20:58 Rocky-Compute-8 opensm-launch[5336]: No local ports detected!
Jan 08 08:21:28 Rocky-Compute-8 opensm-launch[5388]: -------------------------------------------------
Jan 08 08:21:28 Rocky-Compute-8 opensm-launch[5388]: OpenSM 3.3.24
Jan 08 08:21:28 Rocky-Compute-8 opensm-launch[5388]:  Reading Cached Option File: /etc/rdma/opensm.conf
Jan 08 08:21:28 Rocky-Compute-8 opensm-launch[5388]: Command Line Arguments:
Jan 08 08:21:28 Rocky-Compute-8 opensm-launch[5388]:  Log File: /var/log/opensm.log
Jan 08 08:21:28 Rocky-Compute-8 opensm-launch[5388]: -------------------------------------------------
Jan 08 08:21:28 Rocky-Compute-8 opensm-launch[5388]: OpenSM 3.3.24
Jan 08 08:21:28 Rocky-Compute-8 OpenSM[5388]: /var/log/opensm.log log file opened
Jan 08 08:21:28 Rocky-Compute-8 OpenSM[5388]: OpenSM 3.3.24
Jan 08 08:21:28 Rocky-Compute-8 opensm-launch[5388]: No local ports detected!
Jan 08 08:21:58 Rocky-Compute-8 opensm-launch[5466]: -------------------------------------------------
Jan 08 08:21:58 Rocky-Compute-8 opensm-launch[5466]: OpenSM 3.3.24
Jan 08 08:21:58 Rocky-Compute-8 opensm-launch[5466]:  Reading Cached Option File: /etc/rdma/opensm.conf
Jan 08 08:21:58 Rocky-Compute-8 opensm-launch[5466]: Command Line Arguments:
Jan 08 08:21:58 Rocky-Compute-8 opensm-launch[5466]:  Log File: /var/log/opensm.log
Jan 08 08:21:58 Rocky-Compute-8 opensm-launch[5466]: -------------------------------------------------
Jan 08 08:21:58 Rocky-Compute-8 opensm-launch[5466]: OpenSM 3.3.24
Jan 08 08:21:58 Rocky-Compute-8 OpenSM[5466]: /var/log/opensm.log log file opened
Jan 08 08:21:58 Rocky-Compute-8 OpenSM[5466]: OpenSM 3.3.24
Jan 08 08:21:58 Rocky-Compute-8 opensm-launch[5466]: No local ports detected!
Jan 08 08:22:28 Rocky-Compute-8 opensm-launch[5518]: -------------------------------------------------
Jan 08 08:22:28 Rocky-Compute-8 opensm-launch[5518]: OpenSM 3.3.24
Jan 08 08:22:28 Rocky-Compute-8 opensm-launch[5518]:  Reading Cached Option File: /etc/rdma/opensm.conf
Jan 08 08:22:28 Rocky-Compute-8 opensm-launch[5518]: Command Line Arguments:
Jan 08 08:22:28 Rocky-Compute-8 opensm-launch[5518]:  Log File: /var/log/opensm.log
Jan 08 08:22:28 Rocky-Compute-8 opensm-launch[5518]: -------------------------------------------------
Jan 08 08:22:28 Rocky-Compute-8 opensm-launch[5518]: OpenSM 3.3.24
Jan 08 08:22:28 Rocky-Compute-8 OpenSM[5518]: /var/log/opensm.log log file opened
Jan 08 08:22:28 Rocky-Compute-8 OpenSM[5518]: OpenSM 3.3.24
Jan 08 08:22:28 Rocky-Compute-8 opensm-launch[5518]: No local ports detected!
Jan 08 08:22:58 Rocky-Compute-8 opensm-launch[5570]: -------------------------------------------------
Jan 08 08:22:58 Rocky-Compute-8 opensm-launch[5570]: OpenSM 3.3.24
Jan 08 08:22:58 Rocky-Compute-8 opensm-launch[5570]:  Reading Cached Option File: /etc/rdma/opensm.conf
Jan 08 08:22:58 Rocky-Compute-8 opensm-launch[5570]: Command Line Arguments:
Jan 08 08:22:58 Rocky-Compute-8 opensm-launch[5570]:  Log File: /var/log/opensm.log
Jan 08 08:22:58 Rocky-Compute-8 opensm-launch[5570]: -------------------------------------------------
Jan 08 08:22:58 Rocky-Compute-8 opensm-launch[5570]: OpenSM 3.3.24
Jan 08 08:22:58 Rocky-Compute-8 OpenSM[5570]: /var/log/opensm.log log file opened
Jan 08 08:22:58 Rocky-Compute-8 OpenSM[5570]: OpenSM 3.3.24
Jan 08 08:22:58 Rocky-Compute-8 opensm-launch[5570]: No local ports detected!
Jan 08 08:23:28 Rocky-Compute-8 opensm-launch[5623]: -------------------------------------------------
Jan 08 08:23:28 Rocky-Compute-8 opensm-launch[5623]: OpenSM 3.3.24
Jan 08 08:23:28 Rocky-Compute-8 opensm-launch[5623]:  Reading Cached Option File: /etc/rdma/opensm.conf
Jan 08 08:23:28 Rocky-Compute-8 opensm-launch[5623]: Command Line Arguments:
Jan 08 08:23:28 Rocky-Compute-8 opensm-launch[5623]:  Log File: /var/log/opensm.log
Jan 08 08:23:28 Rocky-Compute-8 opensm-launch[5623]: -------------------------------------------------
Jan 08 08:23:28 Rocky-Compute-8 opensm-launch[5623]: OpenSM 3.3.24
Jan 08 08:23:28 Rocky-Compute-8 OpenSM[5623]: /var/log/opensm.log log file opened
Jan 08 08:23:28 Rocky-Compute-8 OpenSM[5623]: OpenSM 3.3.24
Jan 08 08:23:28 Rocky-Compute-8 opensm-launch[5623]: No local ports detected!
Jan 08 08:23:58 Rocky-Compute-8 opensm-launch[5675]: -------------------------------------------------
Jan 08 08:23:58 Rocky-Compute-8 opensm-launch[5675]: OpenSM 3.3.24
Jan 08 08:23:58 Rocky-Compute-8 opensm-launch[5675]:  Reading Cached Option File: /etc/rdma/opensm.conf
Jan 08 08:23:58 Rocky-Compute-8 opensm-launch[5675]: Command Line Arguments:
Jan 08 08:23:58 Rocky-Compute-8 opensm-launch[5675]:  Log File: /var/log/opensm.log
Jan 08 08:23:58 Rocky-Compute-8 opensm-launch[5675]: -------------------------------------------------
Jan 08 08:23:58 Rocky-Compute-8 OpenSM[5675]: /var/log/opensm.log log file opened
Jan 08 08:23:58 Rocky-Compute-8 opensm-launch[5675]: OpenSM 3.3.24
Jan 08 08:23:58 Rocky-Compute-8 OpenSM[5675]: OpenSM 3.3.24
Jan 08 08:23:58 Rocky-Compute-8 opensm-launch[5675]: No local ports detected!
Jan 08 08:24:28 Rocky-Compute-8 opensm-launch[5727]: -------------------------------------------------
Jan 08 08:24:28 Rocky-Compute-8 opensm-launch[5727]: OpenSM 3.3.24
Jan 08 08:24:28 Rocky-Compute-8 opensm-launch[5727]:  Reading Cached Option File: /etc/rdma/opensm.conf
Jan 08 08:24:28 Rocky-Compute-8 opensm-launch[5727]: Command Line Arguments:
Jan 08 08:24:28 Rocky-Compute-8 opensm-launch[5727]:  Log File: /var/log/opensm.log
Jan 08 08:24:28 Rocky-Compute-8 opensm-launch[5727]: -------------------------------------------------
Jan 08 08:24:28 Rocky-Compute-8 opensm-launch[5727]: OpenSM 3.3.24
Jan 08 08:24:28 Rocky-Compute-8 OpenSM[5727]: /var/log/opensm.log log file opened
Jan 08 08:24:28 Rocky-Compute-8 OpenSM[5727]: OpenSM 3.3.24
Jan 08 08:24:28 Rocky-Compute-8 opensm-launch[5727]: No local ports detected!
Jan 08 08:24:35 Rocky-Compute-8 kernel: usb 3-1: new high-speed USB device number 4 using xhci_hcd
Jan 08 08:24:35 Rocky-Compute-8 kernel: usb 3-1: New USB device found, idVendor=0781, idProduct=5567, bcdDevice= 1.00
Jan 08 08:24:35 Rocky-Compute-8 kernel: usb 3-1: New USB device strings: Mfr=1, Product=2, SerialNumber=3
Jan 08 08:24:35 Rocky-Compute-8 kernel: usb 3-1: Product: Cruzer Blade
Jan 08 08:24:35 Rocky-Compute-8 kernel: usb 3-1: Manufacturer: SanDisk
Jan 08 08:24:35 Rocky-Compute-8 kernel: usb 3-1: SerialNumber: 04008014111621072217
Jan 08 08:24:35 Rocky-Compute-8 kernel: usb-storage 3-1:1.0: USB Mass Storage device detected
Jan 08 08:24:35 Rocky-Compute-8 kernel: scsi host10: usb-storage 3-1:1.0
Jan 08 08:24:35 Rocky-Compute-8 kernel: usbcore: registered new interface driver usb-storage
Jan 08 08:24:35 Rocky-Compute-8 kernel: usbcore: registered new interface driver uas
Jan 08 08:24:36 Rocky-Compute-8 kernel: scsi 10:0:0:0: Direct-Access     SanDisk  Cruzer Blade     1.00 PQ: 0 ANSI: 6
Jan 08 08:24:36 Rocky-Compute-8 kernel: sd 10:0:0:0: Attached scsi generic sg3 type 0
Jan 08 08:24:36 Rocky-Compute-8 kernel: sd 10:0:0:0: [sdd] 30629376 512-byte logical blocks: (15.7 GB/14.6 GiB)
Jan 08 08:24:36 Rocky-Compute-8 kernel: sd 10:0:0:0: [sdd] Write Protect is off
Jan 08 08:24:36 Rocky-Compute-8 kernel: sd 10:0:0:0: [sdd] Mode Sense: 43 00 00 00
Jan 08 08:24:36 Rocky-Compute-8 kernel: sd 10:0:0:0: [sdd] Write cache: disabled, read cache: enabled, doesn't support DPO or FUA
Jan 08 08:24:36 Rocky-Compute-8 kernel: sd 10:0:0:0: [sdd] Attached SCSI removable disk
Jan 08 08:24:58 Rocky-Compute-8 opensm-launch[5801]: -------------------------------------------------
Jan 08 08:24:58 Rocky-Compute-8 opensm-launch[5801]: OpenSM 3.3.24
Jan 08 08:24:58 Rocky-Compute-8 opensm-launch[5801]:  Reading Cached Option File: /etc/rdma/opensm.conf
Jan 08 08:24:58 Rocky-Compute-8 opensm-launch[5801]: Command Line Arguments:
Jan 08 08:24:58 Rocky-Compute-8 opensm-launch[5801]:  Log File: /var/log/opensm.log
Jan 08 08:24:58 Rocky-Compute-8 opensm-launch[5801]: -------------------------------------------------
Jan 08 08:24:58 Rocky-Compute-8 opensm-launch[5801]: OpenSM 3.3.24
Jan 08 08:24:58 Rocky-Compute-8 OpenSM[5801]: /var/log/opensm.log log file opened
Jan 08 08:24:58 Rocky-Compute-8 OpenSM[5801]: OpenSM 3.3.24
Jan 08 08:24:58 Rocky-Compute-8 opensm-launch[5801]: No local ports detected!
Jan 08 08:25:28 Rocky-Compute-8 opensm-launch[5853]: -------------------------------------------------
Jan 08 08:25:28 Rocky-Compute-8 opensm-launch[5853]: OpenSM 3.3.24
Jan 08 08:25:28 Rocky-Compute-8 opensm-launch[5853]:  Reading Cached Option File: /etc/rdma/opensm.conf
Jan 08 08:25:28 Rocky-Compute-8 opensm-launch[5853]: Command Line Arguments:
Jan 08 08:25:28 Rocky-Compute-8 opensm-launch[5853]:  Log File: /var/log/opensm.log
Jan 08 08:25:28 Rocky-Compute-8 opensm-launch[5853]: -------------------------------------------------
Jan 08 08:25:28 Rocky-Compute-8 opensm-launch[5853]: OpenSM 3.3.24
Jan 08 08:25:28 Rocky-Compute-8 OpenSM[5853]: /var/log/opensm.log log file opened
Jan 08 08:25:28 Rocky-Compute-8 OpenSM[5853]: OpenSM 3.3.24
Jan 08 08:25:28 Rocky-Compute-8 opensm-launch[5853]: No local ports detected!
Jan 08 08:25:54 Rocky-Compute-8 kernel: EXT4-fs (sdd): mounted filesystem with ordered data mode. Opts: (null)
Jan 08 08:25:58 Rocky-Compute-8 opensm-launch[5922]: -------------------------------------------------
Jan 08 08:25:58 Rocky-Compute-8 opensm-launch[5922]: OpenSM 3.3.24
Jan 08 08:25:58 Rocky-Compute-8 opensm-launch[5922]:  Reading Cached Option File: /etc/rdma/opensm.conf
Jan 08 08:25:58 Rocky-Compute-8 opensm-launch[5922]: Command Line Arguments:
Jan 08 08:25:58 Rocky-Compute-8 opensm-launch[5922]:  Log File: /var/log/opensm.log
Jan 08 08:25:58 Rocky-Compute-8 opensm-launch[5922]: -------------------------------------------------
Jan 08 08:25:58 Rocky-Compute-8 opensm-launch[5922]: OpenSM 3.3.24
Jan 08 08:25:58 Rocky-Compute-8 OpenSM[5922]: /var/log/opensm.log log file opened
Jan 08 08:25:58 Rocky-Compute-8 OpenSM[5922]: OpenSM 3.3.24
Jan 08 08:25:58 Rocky-Compute-8 opensm-launch[5922]: No local ports detected!
